,42fd9c7f,e342ad68,8d78e732,21a66f6a,e7695e6c,8e92be30,0e0102eb,1f44ac21,58eee997,5d4f7d61,8f3565b3,923f4dda,b19db005,4e9a0555,6afaebf2,e92cd3f7,2500cef9,3d50bcdb,819aa8e7,05f99a4a,3423f250,15ab5a2b,bf4c41f9,258a6f4d,aed3a70f,ce50fd99,5b92d896,7c104bb7,9dbb75ca,dc62b55d,dc7f8a28,e14ec482,ed79b7d3,50e6dc35,5eae500a,6f8cd6d0,a0c590b9,a0d55a09,f553b2b3,3260690c,462475ed,4a1a9578,79c84d1c,a1d95db3,aad56ca3,e897d8ba,2683eda7,5b847bb0,7ca196eb,83c06f3a,a47d6f3a,b561db50,b73f17f8,c4486bac,dd897ee7,f7036e1c,0c61c77c,0cd31129,1bf33a9a,220c11f1,2b114be3,37e103f8,473803c9,4788cb6b,52afb588,52c3244b,603cb947,7111d552,75645f0e,7cdda3bf,964dde35,bc6bd723,d97af612,efd2ec23,08aa9cd1,10dd88f9,1971591f,1cadaf34,3ca7254a,6597f8b6,6f3cc2fe,74618572,79443529,7dcf86f6,9c36ed83,9e1035f8,ae44e8e2,c0b3669f,ce5143da,d01bbb6f,da76bab4,e7aa9d7c,e7fcf289,e8832875,f63cda26,0e46fa2f,2077ae86,244bc2c8,2a158218,3ea50f67,45963054,5b479568,5ed97752,6ca5ec4b,741418c3,82ec26c1,833fb62e,85ce1949,8652a85c,88b4d2e3,8ae7d0ec,8c3c640c,dd549382,dea88efd,e77dc3b2,f2bf1b0f,fed7cb61,07db670d,10745192,20730eae,2b9fdeea,2e5915f1,38ceb24a,48a5a5d6,54e4866f,5521f419,5db45ee5,5f3eaaf5,638a4d71,7ff93107,8e697a8f,9dc96f10,ae4fc6a4,b146275b,b34c63a5,c487901c,d7553721,d85c238b,de112b84,df69b544,ea6a7ab4,ed5c0319,ee5565ae,0cadc46d,11407d95,2ef7c612,2f9e4435,3397e7b5,481c9ece,501055d8,518f2234,6b5ea2f4,821550ce,88e357ef,92e7e919,a4fe8cda,ab5b7dc1,bf34eebd,c2a6033c,d080ed5e,d8cda243,dea1d183,df3cda47,e7af9060,ed1e53f3,ee251371,f36d5624,fdbde523,01bb93d5,04df29a5,0b4f388a,0be95d34,178ae8f8,19053e31,2bd83368,2fba6108,38ce1150,3bd65247,43458538,58ce23e5,5e080f73,6191093d,64629ba4,6a99e0b1,6e058f06,75374ee7,7978cbf0,79b51257,7aa8adfe,801831fe,8455ad90,8babb812,8f5e92a6,9e7483ff,a1d5bd30,a4948e67,ac4a4508,b492126a,b79858d5,bc7dc64d,c1fe5f0b,c2c8897d,c3cf087d,c6dc9ecd,c981fc98,ca618d23,ce747d2a,dc1c2fce,e0921a4f,ea003d07,f76022e7,f833a830,ff2fb007,042e8a49,07d3bfec,091b9eb8,129af0db,15f3ec41,16aa3654,1c772b46,1d8aa290,3dbdbb6a,405f6586,42fdb11d,468a7a91,482d2bc3,4d77b365,595e6f3e,5c96b017,5e5249c8,64e8ed6d,686cbe7d,6be41a31,71b47ab9,8236f673,853ca71c,8577e60a,8eec784d,90df343e,99127249,aa8e289e,afdc14d7,b625b241,b62878a5,c64c01fc,cc2dd8a5,da052c14,e2ae54db,e5ec95f8,eb3dd471,efc9e31f,0174ba21,0cdb6a2a,184fe4b2,2079b3cc,30144daa,3eb22ec9,407feb71,44435c8f,481f76cf,491a433d,49dbab27,4bcf39f6,540ec57b,5715bb71,57469b2d,5dbefa9d,616c09f5,6cbf8d0d,6d0fe035,6db116ec,70f8e0bd,7b9a9e25,7ba2eaa9,87941696,8ca9415f,90bbd822,919dd4b1,970b8574,9b6f7fd5,be719093,c06d1086,c17bfb65,c6f0d5d4,cb00f1e6,cf007308,d5326924,db7849ca,dbd3a428,e46012d4,ec315772,f08490a6,f36016a5,f3945e07,fc15fb84,004d185e,028e70b9,030ef8d6,0400dd2f,05ba9d7c,234a703c,2374aaca,2bea832e,2ccd39ed,34693494,3708e9fa,3741ca58,45392b06,4c0a6a48,5054c359,54e53b7e,57e3f0c7,59e6e5bf,5c0da4a4,5cfc74fc,5e861944,5ef3d210,6190474d,6f9fa232,78b8ac63,79064bc9,7b5ab7f2,873619c6,877bc844,9226aa22,9efa1d25,a26fb8aa,a53649b7,a6103274,a83b47fa,a8567629,a8f21b9f,b6a1cdf9,b70afb45,b85a5126,bd9553e6,cb11b429,cb64672e,d139daf9,d571df78,dbf053da,e6536124,f15f8b2b,f586779e,f8405304,fffea3e5,05e8ca6d,070a3904,07d65234,0a447501,0cf778df,10f0fdd3,13ddc856,13fe7b69,215f3907,247ed022,2979c05a,2acf0cd7,3b387cc7,442b56fa,48a2b92a,4dcec659,4f1e6a0b,618f396a,64035864,6499048c,6503f220,68c720b5,70107d4d,74d4cec6,82927de4,829aa60c,82e12fe7,8846a40f,96ddfa79,9a28eba4,9cfbad36,9d689a5b,9deaf2c8,abefc3af,b09e0873,b735b590,bdcc89ae,bed68338,c93231dc,d21e361a,f1e94cd6,f7042636,f7e87032,f9758dae,f9f74e43,fb14aa28,0917188a,0b3358f0,148e136f,1544f145,1956b948,19709006,19cae58d,200e89e1,2677a1de,357103bd,3626daea,37db6cae,3a233281,3b12b11f,3c6089ab,3f7bafbe,41f08ac8,4b96c347,53210e42,58e933d2,6763373d,7410d325,7a42d0df,8725a42e,8dfdc6c3,90f91999,9319781b,a55d8df5,a62f8bf1,a96103b2,aa849a12,ae86d473,b684a484,bbd79358,c997b942,cb971b4f,db8f0eba,dd676a97,fe012aca,fe6e7156,fed17f5a,016ff750,149c5f5d,20b3a502,37dc1a48,4ccd8957,5fa714d5,63c5e56b,65857fdf,6c811eb7,757a3431,79a793b7,81a4c239,83fe71b8,8b66d9cc,914bb955,a3b03921,af784a9e,b51b1b9c,c3b6fa1e,d1b49282,d3ddf88b,e16932d8,e6697917,e7992f7b,efaefda0,faa13947,faf00ab8
42fd9c7f,0,7,3,6,4,7,7,3,5,3,2,2,9,2,2,4,1,4,4,4,2,6,3,2,3,2,4,5,3,3,2,2,2,1,1,3,1,5,2,3,1,4,4,2,5,1,1,1,4,2,3,1,3,4,2,2,3,2,3,0,5,1,1,5,0,2,3,8,2,1,2,5,3,3,1,3,2,1,4,1,2,2,2,1,4,6,5,1,1,3,3,1,6,1,3,1,3,2,2,7,1,2,2,3,2,6,1,1,2,4,1,0,3,4,1,1,1,0,7,6,1,2,2,2,0,4,1,6,2,2,2,3,2,4,6,2,2,1,1,0,3,2,2,1,0,4,1,2,0,5,1,1,1,5,4,3,1,5,1,1,3,2,1,1,3,2,2,0,2,0,2,0,3,1,2,0,1,2,1,2,0,2,2,2,3,0,0,0,3,2,2,2,3,4,1,2,2,2,2,4,3,4,4,3,1,0,2,0,3,1,2,1,1,5,0,2,0,3,4,5,1,0,1,2,2,1,1,2,1,2,1,0,5,3,3,1,2,0,0,5,1,3,4,2,3,0,0,1,1,0,1,0,3,2,2,4,1,3,0,1,1,2,3,0,4,0,0,2,2,1,1,1,0,3,0,1,1,4,1,0,1,2,1,1,3,3,0,1,0,3,0,3,1,2,1,1,0,1,4,0,1,1,1,1,2,0,0,1,1,3,2,2,1,0,4,2,4,1,4,1,3,5,4,1,3,1,1,2,0,2,1,1,1,1,1,1,2,1,1,1,4,0,2,1,3,5,2,0,1,1,3,2,1,1,1,1,0,0,2,1,0,3,4,1,0,1,0,2,0,1,0,0,1,0,2,1,3,0,1,2,2,0,3,3,0,2,1,0,1,0,5,0,1,1,2,2,1,3,0,2,2,0,0,0,4,0,3,1,0,1,1,0,1,1,1,1,3,1,0,1,3,5,1,0,0,0,2,1,1,2,4,5,1,0,0,1,1,2,1,0,1,1,0,0,2,2,2,0,2,2,2,0,1,1,2,1,1,0,0,1
e342ad68,7,0,2,5,3,6,5,2,8,2,2,1,9,2,3,3,1,3,3,3,4,6,3,2,3,2,4,6,2,6,5,2,1,1,1,3,1,4,2,3,1,5,3,1,4,1,1,1,4,2,3,1,2,5,2,1,2,1,4,1,5,1,1,4,0,2,2,7,2,1,2,4,2,4,1,3,3,1,4,2,2,1,2,2,3,4,7,1,1,4,3,2,7,0,2,2,2,2,1,6,1,1,1,5,2,7,1,1,2,2,1,0,2,6,1,1,1,0,5,5,2,2,2,2,1,3,2,4,1,2,3,5,2,3,9,1,4,1,2,1,4,2,2,1,0,6,2,2,0,3,2,1,1,5,7,3,2,4,1,0,6,2,3,1,4,3,4,0,3,0,1,2,2,2,3,0,1,3,2,1,0,1,1,2,2,0,2,0,3,0,3,1,6,5,1,2,2,1,2,7,6,1,4,2,1,0,1,1,4,1,4,0,1,5,1,2,0,3,3,5,1,0,1,2,0,0,1,1,1,3,1,1,2,3,4,1,1,0,0,6,0,2,7,2,2,1,1,2,1,1,1,1,4,2,2,2,2,3,0,1,1,2,2,1,4,0,0,1,2,0,1,0,1,4,0,1,1,2,1,1,1,2,0,1,2,1,0,1,2,4,0,2,1,1,3,0,0,1,4,0,2,0,1,1,1,1,3,0,0,1,1,2,1,2,3,2,4,0,4,1,3,2,3,1,2,2,0,2,0,1,2,2,1,1,1,1,3,1,3,1,4,0,1,1,2,6,1,1,2,1,5,2,1,1,2,2,0,0,3,1,0,3,4,2,0,0,0,2,2,0,1,0,1,0,1,2,0,0,2,1,3,1,2,2,0,1,2,1,1,0,2,0,0,1,4,1,1,3,1,1,1,1,2,0,3,0,3,1,1,2,2,0,1,1,0,1,4,0,0,1,1,3,1,1,0,0,2,1,1,2,3,5,0,0,0,0,1,1,0,0,1,0,0,1,1,2,2,1,2,2,1,0,0,1,2,2,0,0,1,1
8d78e732,3,2,0,5,7,4,2,9,2,5,6,7,3,6,0,7,6,8,2,7,2,3,5,2,5,6,5,2,4,0,1,3,5,6,7,4,7,3,5,5,3,1,1,7,3,6,4,6,3,5,5,5,2,1,3,5,2,1,0,6,2,5,5,3,1,6,2,3,5,6,5,1,2,1,6,0,2,5,4,2,7,2,6,2,6,5,3,3,5,0,6,4,1,2,8,3,4,5,1,2,7,7,2,0,2,2,2,6,6,0,2,6,5,0,7,7,4,4,2,4,0,1,1,0,2,1,3,1,4,1,2,1,2,5,1,1,0,1,1,2,0,7,4,6,4,2,2,6,0,3,2,7,3,1,1,5,2,3,5,3,0,0,2,5,1,1,2,3,2,3,4,1,3,0,2,1,2,1,4,2,2,0,5,3,3,4,1,1,4,3,2,1,1,1,1,5,1,2,4,1,2,0,0,2,4,4,0,1,1,5,0,3,6,2,2,7,5,1,0,3,1,1,6,6,1,2,4,4,1,1,5,3,1,3,0,6,0,3,2,1,2,1,1,0,0,2,1,2,5,2,4,2,1,2,2,1,1,0,5,1,5,0,5,2,0,4,4,1,5,3,4,2,3,0,3,2,2,0,0,0,6,7,1,1,5,0,4,1,2,1,2,2,3,5,0,2,3,3,0,3,2,1,5,6,1,3,1,2,0,0,1,2,4,1,2,1,0,2,1,6,0,1,5,5,1,1,1,4,3,2,1,1,1,6,5,1,0,2,1,6,2,2,1,4,0,0,3,1,1,6,1,0,4,1,1,2,1,5,2,1,1,1,0,1,4,1,2,4,3,2,2,2,5,1,2,2,1,2,3,0,5,2,0,2,3,1,3,3,0,6,0,2,3,2,0,2,1,0,2,1,1,2,2,4,3,2,2,5,3,2,2,2,5,4,1,1,2,2,4,1,1,0,0,5,4,2,1,4,1,3,1,1,2,1,3,1,1,1,2,2,3,2,4,2,0,1,3,1,1,2,2,3,2,1,0,1,2,3,3,3
21a66f6a,6,5,5,0,6,6,4,6,4,5,4,3,4,5,1,5,4,6,3,5,2,5,3,3,4,4,5,4,5,2,1,2,3,4,4,6,3,4,5,5,4,2,3,4,6,4,1,4,4,5,5,4,5,2,3,6,4,2,1,5,3,3,3,5,0,4,3,4,3,4,4,5,2,3,4,2,2,3,2,0,5,2,4,2,6,5,4,3,2,2,6,3,2,2,5,2,5,4,1,5,5,5,0,2,3,2,2,3,4,3,1,3,6,1,3,4,2,2,4,5,0,1,1,0,1,4,3,3,5,2,2,3,1,4,3,1,1,2,0,2,2,5,5,4,3,3,1,5,0,4,3,3,2,3,2,4,2,3,3,3,1,2,1,3,1,3,1,0,3,3,5,1,4,0,2,1,2,1,2,2,1,1,3,3,3,1,1,1,1,2,0,1,0,2,0,4,1,2,1,1,1,2,2,3,4,1,2,1,2,3,1,2,3,3,2,4,4,1,1,3,1,2,3,4,3,3,2,5,2,1,4,2,2,4,1,4,2,2,1,2,3,2,1,0,3,1,0,0,4,1,1,1,1,1,1,1,1,2,2,1,3,1,5,1,2,1,3,3,4,2,1,4,1,1,1,2,1,1,1,1,4,4,1,0,5,2,3,1,1,2,1,3,3,4,0,2,1,0,2,1,1,1,3,3,2,1,1,4,1,1,1,2,4,1,4,1,1,2,0,4,0,2,5,3,2,1,3,3,3,0,0,0,1,3,4,0,2,2,1,4,2,1,1,3,2,1,4,2,1,3,0,1,1,2,0,0,1,2,2,1,0,3,1,0,2,3,1,3,1,1,1,1,3,1,3,1,3,0,2,2,2,1,2,3,2,0,0,1,1,2,2,0,2,1,0,1,0,2,0,1,2,1,1,2,4,1,4,3,1,1,1,1,3,4,2,0,2,2,2,1,1,2,0,2,2,0,1,2,0,3,1,1,3,2,2,3,0,1,1,1,2,2,2,1,2,2,1,2,1,1,1,1,3,2,1,1,2,1,1,2
e7695e6c,4,3,7,6,0,6,3,7,2,7,5,5,4,8,1,7,5,6,3,8,0,3,5,3,5,5,5,2,4,1,0,3,5,6,5,6,4,2,8,6,6,0,2,7,4,6,3,6,4,7,6,6,1,0,4,5,1,2,0,5,1,5,6,4,2,6,4,2,4,8,4,4,1,2,7,1,1,5,4,2,7,2,5,1,4,4,3,2,4,0,7,5,1,4,5,4,6,6,1,2,5,6,1,2,2,1,2,6,4,0,3,6,5,0,6,5,4,4,3,2,0,2,2,1,0,2,2,1,3,1,1,1,1,6,2,2,0,0,2,3,0,7,6,6,5,2,3,6,1,2,1,6,4,2,1,6,1,2,3,4,0,1,1,5,1,2,3,3,0,5,2,0,4,1,1,0,1,1,5,1,2,0,3,1,2,4,1,3,4,2,1,0,1,0,2,6,1,2,3,1,2,0,0,3,6,2,1,0,2,5,1,2,6,1,2,6,5,1,0,3,1,1,4,6,0,5,5,5,0,1,6,4,1,3,1,7,1,2,1,2,3,0,0,0,1,1,2,1,6,2,4,2,1,1,3,2,3,1,5,2,5,0,5,2,0,4,5,0,5,1,3,2,2,1,4,2,3,0,1,3,4,6,2,1,4,0,5,0,1,1,4,1,2,4,0,1,3,2,0,1,2,2,4,5,1,2,0,2,1,0,1,2,5,0,2,2,0,1,2,6,0,1,4,5,0,3,1,5,5,2,0,1,2,6,6,1,1,1,1,7,3,1,1,4,1,0,4,1,2,5,2,0,3,0,1,2,1,5,2,2,2,0,0,2,2,2,3,4,1,3,2,1,5,2,3,2,0,2,5,1,4,2,0,0,2,1,2,2,1,3,0,3,2,2,0,2,1,0,3,1,1,0,2,5,2,1,3,4,1,2,1,3,6,5,4,1,2,1,3,3,1,0,0,5,3,2,2,4,1,2,1,0,2,1,2,1,1,2,3,2,3,0,3,0,2,1,2,1,2,2,1,1,4,1,1,2,0,1,1,1
8e92be30,7,6,4,6,6,0,7,4,4,4,3,3,6,3,4,5,3,5,7,5,2,6,5,2,5,3,6,3,4,5,3,4,3,2,2,6,3,4,3,4,3,4,5,4,5,2,2,2,7,3,4,2,5,1,4,4,4,3,3,1,2,2,2,8,1,4,4,5,3,3,2,6,4,5,2,4,1,2,4,3,3,2,3,2,5,6,5,3,2,4,4,3,3,4,4,4,5,3,2,6,2,3,2,5,3,3,2,2,4,4,2,1,4,2,2,2,1,1,4,4,3,5,5,2,0,5,2,3,2,3,2,3,3,6,5,4,3,2,3,1,4,3,3,2,1,4,4,3,0,2,1,2,3,6,4,5,3,4,3,1,3,4,0,2,2,4,4,1,3,1,3,1,4,2,3,1,2,1,4,2,2,3,2,3,3,0,2,1,3,1,1,3,2,1,2,3,3,1,2,3,3,2,3,3,2,0,2,2,2,2,4,3,2,2,0,3,1,3,2,4,2,0,2,3,2,2,3,2,1,3,2,2,2,5,4,2,2,0,1,4,2,1,3,2,4,1,2,1,2,2,2,2,3,3,3,3,2,5,1,2,2,3,4,3,3,0,1,2,3,1,1,1,2,4,0,3,3,1,1,1,2,3,1,2,4,2,1,0,2,2,1,1,2,2,2,2,0,2,4,1,2,1,2,2,2,1,1,1,1,2,2,3,2,1,6,1,2,2,2,2,1,2,4,1,3,2,1,4,1,2,1,3,2,2,2,2,3,2,2,2,5,0,2,2,5,2,2,0,1,2,3,2,3,2,2,2,2,1,3,1,0,2,2,2,0,2,0,3,0,1,1,1,2,0,2,2,2,1,5,2,5,2,4,2,0,2,3,1,1,0,2,1,1,1,2,4,1,4,1,3,2,0,2,0,3,1,3,2,1,1,1,1,2,2,2,1,5,2,0,2,2,2,2,2,1,1,5,1,2,3,2,2,1,0,0,1,2,4,1,1,1,1,0,1,3,3,3,0,5,3,2,0,2,3,5,1,1,0,1,2
0e0102eb,7,5,2,4,3,7,0,2,3,3,1,2,7,2,4,3,2,2,5,4,2,7,4,2,3,2,3,3,3,6,5,5,2,1,1,4,2,2,2,1,1,5,5,2,5,1,1,1,6,2,3,0,3,4,2,1,4,4,4,0,3,1,2,5,2,2,3,6,2,0,2,6,4,5,1,4,3,1,3,3,1,2,3,2,3,6,4,1,2,4,2,1,4,2,2,2,3,2,3,5,1,2,3,3,2,4,3,1,2,5,3,0,3,4,1,1,2,0,5,6,3,4,4,2,1,4,2,5,4,4,3,4,3,3,5,4,3,2,1,0,5,1,2,1,0,2,2,1,0,3,2,0,2,3,5,3,3,3,1,1,3,3,2,1,2,2,2,2,4,0,2,0,2,1,2,2,3,1,1,2,2,4,1,4,3,1,0,2,2,3,1,4,2,3,2,1,2,2,2,2,2,3,3,3,1,0,2,2,3,1,2,3,1,3,1,1,0,3,5,3,2,0,1,1,2,1,1,0,1,5,1,0,4,4,3,1,2,0,1,2,1,4,3,5,4,0,1,1,1,0,3,0,3,4,3,3,1,3,0,2,1,2,3,1,3,1,0,1,2,1,2,1,2,3,1,1,3,3,2,0,1,1,1,3,2,3,0,0,1,3,1,2,1,0,1,1,0,3,4,2,0,1,1,1,2,0,2,2,1,4,2,2,1,1,4,1,5,1,2,1,5,4,3,1,3,1,1,1,0,4,2,3,1,1,1,2,3,1,2,1,4,0,3,1,5,4,1,0,1,1,1,2,2,2,1,1,1,0,4,1,0,2,5,1,0,2,0,2,1,1,0,2,1,0,3,1,4,2,2,2,3,0,3,2,0,5,3,0,2,0,4,2,2,1,1,3,1,4,0,4,3,0,0,0,3,1,2,1,0,0,0,1,1,1,1,1,6,1,0,1,4,4,2,0,0,2,3,1,2,3,5,4,1,0,0,1,3,3,2,0,1,1,0,0,4,2,4,0,4,2,2,0,1,1,3,1,1,0,0,1
1f44ac21,3,2,9,6,7,4,2,0,2,7,7,8,3,6,0,8,6,9,3,7,2,2,4,2,5,8,5,2,6,0,1,2,6,8,6,5,6,3,5,6,5,1,1,6,4,6,3,8,3,7,7,7,2,1,4,7,3,1,0,6,2,6,4,3,2,6,2,3,6,6,3,2,3,1,6,0,2,6,2,1,9,1,6,1,6,4,3,4,4,0,7,5,1,1,8,4,3,5,2,2,9,9,3,0,3,2,2,5,7,0,3,6,7,0,6,6,3,5,2,4,1,0,0,1,1,1,3,1,5,2,1,1,1,6,1,0,0,1,0,2,0,7,5,6,6,2,3,8,1,3,3,5,4,1,1,5,3,2,6,3,0,0,1,6,2,1,1,2,2,5,4,1,3,0,2,1,2,1,3,1,1,0,5,3,3,3,2,3,3,2,0,2,0,1,0,6,0,3,2,1,1,1,0,2,6,4,1,1,2,6,0,2,5,2,2,5,5,0,1,4,1,2,6,7,1,2,3,6,1,1,7,4,0,2,0,6,2,3,1,1,2,1,1,1,0,1,2,0,7,1,3,1,1,2,1,0,1,0,4,3,6,0,5,1,0,3,4,1,7,2,3,3,2,0,2,1,2,1,1,2,7,6,0,2,6,1,6,1,1,2,2,3,2,5,0,1,4,2,0,3,1,0,5,6,1,1,1,3,1,1,0,1,6,1,3,1,0,1,0,6,0,0,4,5,0,1,2,3,5,1,0,2,2,5,7,0,0,1,1,6,1,1,2,4,0,0,5,2,1,5,0,0,3,2,0,0,1,4,1,1,2,1,0,0,5,3,2,6,1,1,1,1,4,1,2,1,1,3,4,2,4,1,1,3,5,1,2,1,1,4,1,1,2,1,0,0,2,0,0,0,2,1,1,4,2,1,3,6,2,1,1,3,4,6,1,0,1,1,3,1,2,0,1,4,4,3,0,4,0,2,0,1,2,2,3,3,0,0,1,1,3,1,4,2,1,1,4,2,0,1,0,1,2,2,0,1,3,2,2,2
58eee997,5,8,2,4,2,4,3,2,0,1,2,0,7,1,4,2,1,3,3,1,6,5,2,3,2,1,3,8,1,6,6,4,0,0,2,3,1,6,1,2,2,5,3,1,2,0,2,0,3,1,1,1,4,6,1,3,2,1,4,2,7,0,0,3,1,1,0,5,0,3,2,2,2,4,0,3,5,0,3,2,1,3,2,5,3,2,8,4,1,3,2,2,7,2,4,1,1,0,1,4,1,1,0,5,4,7,2,0,2,2,2,2,2,6,0,1,0,1,5,5,2,2,2,2,2,4,4,3,1,1,5,6,1,2,7,1,4,2,2,3,4,1,1,0,2,6,2,1,0,5,4,2,0,5,5,1,2,4,3,0,5,2,5,0,2,4,2,1,4,1,3,4,3,1,4,2,3,5,3,1,1,1,1,2,2,1,4,0,2,1,3,1,6,6,1,1,1,1,1,7,6,1,3,1,0,0,1,3,3,1,3,2,0,7,2,1,2,3,3,3,2,1,0,1,1,1,2,2,2,3,0,2,2,4,4,0,0,1,2,6,2,4,7,1,2,3,2,2,1,3,0,3,4,1,0,1,1,2,1,1,0,2,0,2,4,1,1,2,0,1,1,1,3,4,1,2,0,2,0,1,1,1,0,0,2,0,1,3,3,4,0,2,3,2,2,2,0,1,4,1,3,0,0,0,0,2,4,2,1,1,0,4,0,4,1,2,4,2,4,0,2,1,1,0,1,1,1,3,1,1,1,1,1,0,0,1,3,2,5,0,2,1,0,2,2,6,1,3,2,0,5,1,1,3,1,1,1,0,3,0,0,4,4,2,1,2,0,0,3,1,2,1,0,0,1,3,2,0,1,0,1,2,1,4,1,1,2,2,1,1,2,1,1,2,3,0,1,2,1,0,0,2,4,0,3,1,3,0,2,4,3,1,0,0,1,0,2,1,1,0,1,3,0,2,1,1,1,1,0,2,2,5,1,2,1,1,0,0,0,1,1,2,1,2,0,1,0,2,1,1,0,1,0,2,1,1,1,1,2,2
5d4f7d61,3,2,5,5,7,4,3,7,1,0,5,7,3,8,2,7,4,5,5,8,0,2,5,3,4,7,3,1,6,1,0,2,9,8,4,5,4,0,7,5,6,1,1,5,3,6,2,8,5,9,8,5,2,0,5,4,2,2,0,5,0,7,4,2,3,3,2,1,6,4,4,3,2,1,6,1,3,5,2,0,7,1,5,0,2,3,2,3,3,0,5,6,0,2,4,4,4,5,1,1,7,8,2,1,2,0,1,6,4,0,5,5,4,0,6,4,6,6,1,1,1,0,0,2,0,1,2,1,3,2,0,1,0,5,3,0,0,0,0,1,0,5,5,4,5,2,2,6,3,0,1,4,4,0,1,3,3,0,2,5,0,2,0,7,2,2,2,3,0,5,2,0,2,1,0,0,0,0,2,1,0,0,3,1,2,3,1,3,0,0,0,3,0,0,0,5,0,2,1,0,0,1,1,1,7,4,2,0,2,6,0,0,5,0,1,3,4,0,1,2,0,1,6,6,0,3,2,4,0,0,8,4,0,2,1,7,2,2,0,0,1,0,0,1,1,0,2,0,7,0,3,0,1,1,1,0,1,1,4,2,6,0,6,0,0,4,7,0,6,1,2,2,0,0,2,0,1,1,1,3,5,4,1,2,3,2,6,0,0,1,2,2,1,3,0,0,4,1,0,1,0,1,4,6,1,0,0,2,2,1,0,0,5,0,3,1,0,0,0,5,0,0,3,4,0,2,1,2,6,0,0,1,2,5,7,0,1,0,0,6,1,0,1,4,0,0,4,1,1,5,0,0,2,1,0,0,0,4,1,1,2,0,0,0,3,2,4,5,0,1,0,0,6,2,2,0,0,3,4,2,3,0,1,1,3,0,1,0,1,2,1,1,0,0,0,0,1,0,1,0,2,0,0,4,1,0,2,5,1,0,0,2,4,5,2,0,1,0,1,1,1,0,1,4,3,3,0,3,0,1,0,0,1,1,2,2,0,0,1,0,3,0,2,1,1,1,3,1,0,0,0,0,2,1,0,1,2,1,1,1
8f3565b3,2,2,6,4,5,3,1,7,2,5,0,8,2,5,1,9,3,6,2,5,0,3,6,4,7,7,4,1,5,0,1,0,6,6,8,3,5,1,4,7,5,0,1,5,4,6,6,6,2,6,6,5,2,1,4,4,2,1,2,4,1,7,6,5,2,5,2,2,7,5,2,1,3,1,5,0,1,6,1,2,7,0,7,1,5,4,1,4,6,1,5,7,2,3,6,4,5,4,2,2,6,6,3,0,2,1,2,6,8,1,3,5,4,0,6,7,4,6,2,2,1,1,1,1,1,1,3,3,2,2,0,0,0,5,1,0,1,1,1,0,2,7,5,5,5,2,2,8,2,2,0,5,4,1,2,5,2,1,4,2,0,0,0,7,3,0,2,3,0,4,3,1,4,1,0,2,1,0,3,1,2,1,4,1,3,4,1,2,2,1,0,2,1,0,0,7,0,3,3,2,2,1,0,1,5,5,0,1,2,8,1,1,6,1,0,6,3,0,1,4,2,0,7,8,0,1,4,6,2,2,6,4,0,2,0,5,1,1,0,1,1,1,0,1,0,0,2,0,7,0,4,1,1,3,1,0,0,0,4,2,7,0,5,1,0,5,3,0,6,2,4,2,1,0,3,0,0,1,1,1,7,8,1,2,5,1,5,2,0,0,1,2,1,6,0,0,5,2,0,2,0,0,6,6,1,0,0,1,2,1,1,1,6,0,3,0,0,0,0,7,0,0,4,5,0,0,0,3,4,1,0,2,2,6,6,0,0,0,0,5,1,1,2,5,0,0,4,1,0,5,0,1,4,1,1,0,1,5,1,0,3,0,0,1,4,1,1,5,0,1,1,0,5,3,1,1,0,4,4,1,4,0,1,1,3,1,2,0,0,3,1,1,1,0,0,0,2,0,0,0,3,0,0,3,1,0,1,8,1,0,0,5,5,6,0,1,1,0,3,0,2,1,1,4,5,3,0,3,0,1,0,0,0,1,1,1,0,0,1,1,2,0,2,1,0,1,4,0,0,1,0,0,2,1,0,0,3,2,1,1
923f4dda,2,1,7,3,5,3,2,8,0,7,8,0,2,6,1,9,5,7,4,7,1,1,6,5,5,8,4,0,6,0,1,1,8,8,6,4,7,1,5,5,6,2,0,7,2,7,4,8,4,7,7,5,2,0,5,4,2,1,0,5,0,8,5,2,3,5,1,2,8,4,3,1,2,0,5,0,2,7,1,1,7,1,7,0,5,3,1,4,5,0,5,6,0,1,7,4,5,5,2,1,8,8,3,0,2,1,2,7,6,0,4,5,4,0,8,6,5,7,1,2,1,0,0,2,0,0,3,1,3,2,0,0,1,5,2,0,0,0,0,0,0,6,4,6,5,2,2,7,3,1,1,4,4,0,1,3,3,1,4,3,0,1,0,8,3,1,2,4,1,4,4,0,3,1,1,1,1,0,2,1,1,0,5,2,2,4,1,2,2,1,0,3,0,0,0,6,0,3,2,0,0,1,1,0,6,6,1,0,1,7,0,2,6,0,0,5,4,0,1,3,2,0,8,7,0,1,3,5,1,1,7,4,0,1,1,6,1,1,0,0,0,0,1,1,0,0,2,0,6,0,4,0,2,2,1,0,0,1,4,2,7,0,5,0,0,5,4,0,6,2,3,1,1,0,2,0,1,1,0,1,7,7,1,3,4,2,5,1,0,1,1,2,1,5,0,0,5,2,0,2,0,0,6,6,1,0,0,1,2,1,1,0,6,0,3,0,0,0,0,6,0,0,4,5,0,1,0,2,5,1,0,2,2,6,6,0,0,0,0,5,1,1,2,5,0,0,4,0,0,5,0,0,4,1,0,0,1,5,1,0,3,0,0,1,4,1,2,5,0,1,1,0,5,2,1,0,0,4,4,1,4,0,1,2,3,1,2,0,0,3,1,1,1,0,0,0,2,0,0,0,3,0,0,3,1,0,1,8,1,0,0,5,5,6,0,1,1,0,3,0,2,0,1,4,5,3,0,3,0,1,0,1,0,0,1,1,0,0,1,1,2,0,2,1,0,1,4,0,0,1,0,0,2,1,0,0,3,2,1,1
b19db005,9,9,3,4,4,6,7,3,7,3,2,2,0,2,2,4,1,3,3,4,3,6,3,2,3,2,3,6,2,5,4,2,2,1,1,3,1,4,2,2,1,4,3,2,4,1,1,1,4,2,3,1,1,6,1,1,1,1,3,0,6,1,1,4,0,2,2,8,2,1,2,4,2,3,1,2,3,1,5,1,2,1,2,2,3,5,7,0,1,3,3,1,8,0,3,1,2,2,1,5,1,2,2,4,1,8,1,1,2,2,1,0,2,6,1,1,1,0,6,6,1,1,1,2,1,2,1,5,1,1,2,4,1,3,8,1,3,0,1,1,3,2,2,1,0,5,1,2,0,4,2,1,1,4,6,3,1,3,1,0,5,1,3,1,4,2,3,0,2,0,1,1,2,2,2,0,1,3,1,1,0,1,1,2,2,0,1,0,3,1,3,1,5,6,1,2,1,1,2,6,5,2,3,2,1,0,1,0,4,1,3,0,1,6,1,2,0,3,4,4,1,0,1,2,0,0,1,1,1,3,1,0,3,3,3,1,1,0,0,6,0,3,6,3,1,0,0,2,1,0,1,0,3,2,2,3,2,2,0,1,1,1,2,0,3,0,0,0,2,0,1,0,0,3,0,0,1,3,1,1,1,2,0,1,2,1,0,1,1,4,0,2,0,1,2,0,0,1,3,0,1,0,1,1,1,1,2,0,0,2,1,1,1,1,2,2,5,0,5,1,4,3,3,1,2,2,0,1,0,2,2,1,0,1,1,1,2,0,2,1,3,0,1,1,2,7,1,1,2,1,4,2,1,0,2,2,0,0,2,1,0,2,5,2,0,0,0,2,2,0,1,0,1,0,1,1,1,0,1,1,2,0,1,1,0,2,1,1,1,0,3,0,0,1,3,1,1,2,1,1,1,1,1,0,2,0,3,1,0,2,1,0,1,1,0,1,3,0,0,1,2,4,1,0,0,0,1,1,1,1,4,6,0,0,0,0,1,1,0,0,1,0,0,0,1,1,2,1,1,1,1,0,0,0,1,2,0,0,0,0
4e9a0555,2,2,6,5,8,3,2,6,1,8,5,6,2,0,2,6,7,4,3,9,0,2,7,4,5,7,4,2,5,2,0,2,6,9,6,7,7,0,10,6,7,2,1,6,4,9,4,9,4,10,9,6,2,0,6,4,2,4,0,7,0,8,6,2,4,6,3,1,7,6,6,4,2,2,9,1,3,6,2,2,7,3,6,0,4,2,1,3,6,0,6,6,0,3,4,5,5,8,2,2,7,7,3,2,3,0,3,9,4,0,6,7,4,0,9,6,7,7,3,1,0,1,1,2,0,2,3,1,3,1,2,1,1,4,3,2,0,1,1,2,0,8,6,6,5,2,2,7,3,1,1,7,5,0,1,5,3,2,2,7,1,3,2,8,2,3,3,6,0,5,3,0,4,1,0,0,1,1,5,2,1,0,3,1,2,6,0,4,2,3,1,3,1,0,2,6,1,3,3,0,1,0,2,3,8,4,3,0,2,6,0,1,8,0,2,6,7,0,0,3,2,2,7,7,1,4,5,5,0,1,9,5,1,3,1,10,1,4,1,1,2,0,0,0,2,1,2,2,7,1,5,1,3,2,2,1,2,2,6,2,6,0,7,1,0,6,7,0,6,2,4,2,2,0,4,1,2,0,1,2,5,7,2,3,4,2,6,0,1,1,4,1,3,4,0,0,4,3,0,1,1,2,4,6,1,1,0,2,1,0,1,1,5,0,2,2,0,0,1,7,0,1,4,6,0,3,1,5,6,2,0,1,2,7,7,1,1,1,0,8,2,1,1,5,0,0,4,1,2,6,1,0,4,0,0,1,0,6,2,2,2,0,0,1,3,1,5,5,1,3,1,1,6,2,3,1,0,3,4,1,5,1,0,0,3,1,3,1,1,4,0,3,2,1,0,1,1,0,2,1,1,0,1,6,2,1,2,5,2,1,1,2,6,5,3,1,2,0,3,2,1,0,0,6,3,3,1,5,1,2,1,0,2,1,3,1,1,1,3,1,4,0,4,1,1,1,3,1,1,2,1,1,3,0,0,2,1,2,2,2
6afaebf2,2,3,0,1,1,4,4,0,4,2,1,1,2,2,0,1,2,1,6,3,3,4,5,3,1,3,2,3,3,5,5,6,1,1,1,3,2,1,2,1,3,5,6,1,3,1,3,1,3,2,3,0,4,0,3,1,3,5,5,2,2,1,0,3,4,1,1,1,2,2,4,3,4,3,0,7,5,0,3,5,0,3,1,2,1,2,2,5,2,2,0,3,2,3,1,2,1,2,4,3,1,1,2,4,4,2,4,1,1,4,5,2,1,2,1,0,2,2,4,1,7,5,5,5,2,4,4,4,3,3,3,4,3,2,4,4,4,4,4,1,3,0,0,0,2,2,4,0,2,2,2,1,1,3,3,2,5,4,2,1,2,3,2,1,2,4,3,4,1,1,1,4,2,3,3,6,3,2,3,3,3,6,2,3,4,2,2,2,2,1,3,5,3,0,4,0,3,3,2,4,3,2,5,3,1,1,5,7,4,1,2,3,0,2,1,0,2,4,3,3,2,3,1,0,2,1,2,1,2,4,1,2,3,2,6,1,1,1,4,2,1,3,3,4,3,3,3,3,1,3,2,3,6,3,3,1,1,3,1,3,0,5,2,3,5,3,2,2,1,0,3,2,4,5,2,1,4,4,4,0,0,0,0,4,1,3,1,4,3,3,1,2,2,1,4,2,0,4,4,2,2,0,0,0,3,0,2,3,1,5,2,3,0,4,3,4,4,2,2,0,4,2,1,0,2,2,2,3,2,4,3,4,2,0,0,4,1,2,4,0,3,1,3,1,4,2,2,3,3,1,3,2,3,5,2,1,3,0,4,2,0,3,4,2,0,2,2,1,0,2,0,3,0,3,3,3,3,2,2,1,3,2,3,3,0,6,5,0,6,0,3,3,2,2,4,2,2,2,0,3,1,2,2,0,2,2,1,0,2,1,2,2,0,0,1,3,4,1,1,2,4,4,3,2,1,3,3,2,4,4,2,3,1,4,1,0,4,2,2,1,3,2,0,3,3,4,3,2,4,3,1,1,0,1,4,2,0,1,2,1
e92cd3f7,4,3,7,5,7,5,3,8,2,7,9,9,4,6,1,0,3,7,4,7,0,3,6,5,6,6,4,2,4,1,0,2,7,6,6,4,5,1,5,6,6,0,2,6,3,6,4,6,3,7,7,5,1,0,4,4,2,0,0,4,1,7,5,3,2,5,1,2,7,4,3,2,3,1,5,1,2,6,3,1,7,0,6,0,5,4,3,3,5,0,5,5,1,1,7,4,6,4,2,2,6,7,3,1,3,1,3,6,7,0,4,4,4,0,6,6,4,6,3,2,1,0,0,1,0,1,2,1,2,2,0,1,0,6,2,0,0,0,0,0,0,7,4,5,4,1,2,8,2,2,0,5,4,1,1,4,2,1,4,2,0,0,0,7,3,1,1,3,0,4,3,0,4,0,0,1,1,0,3,1,1,0,4,1,3,4,1,2,2,1,0,2,0,0,0,7,0,3,2,1,1,1,0,1,5,5,0,0,1,7,0,1,6,1,0,6,3,0,1,4,2,0,7,8,0,1,4,6,1,1,6,4,0,2,0,5,1,1,0,1,0,0,0,1,0,0,2,0,6,0,4,0,1,2,1,0,0,0,4,2,7,0,4,0,0,4,3,0,6,2,3,1,1,0,2,0,0,1,0,1,7,8,1,2,5,1,5,1,0,0,1,2,1,6,0,0,5,2,0,2,0,0,6,6,1,0,0,1,2,1,1,0,6,0,3,0,0,0,0,6,0,0,4,5,0,0,0,3,4,1,0,2,2,6,6,0,0,0,0,5,1,1,2,5,0,0,4,0,0,5,0,0,4,1,0,0,1,5,1,0,3,0,0,1,4,1,1,5,0,1,1,0,5,2,1,0,0,4,4,1,4,0,1,1,3,1,2,0,0,3,1,1,1,0,0,0,2,0,0,0,3,0,0,3,1,0,1,8,1,0,0,5,5,6,0,1,1,0,3,0,2,0,1,4,5,3,0,3,0,1,0,0,0,0,1,1,0,0,1,1,2,0,2,1,0,1,4,0,0,1,0,0,2,1,0,0,3,2,1,1
2500cef9,1,1,6,4,5,3,2,6,1,4,3,5,1,7,2,3,0,5,4,6,2,1,6,3,4,6,5,2,6,2,1,4,3,7,5,8,9,2,8,4,5,3,2,6,3,7,3,7,4,6,6,6,4,1,6,5,4,6,0,6,1,5,5,3,5,9,3,2,5,5,5,3,2,2,6,0,3,6,1,4,5,4,4,1,7,2,1,5,4,0,6,5,0,3,4,6,3,8,3,2,7,6,3,1,4,1,4,6,5,1,4,5,5,0,7,5,4,4,2,3,1,2,2,2,1,2,4,1,4,1,3,1,2,4,2,3,0,2,1,3,0,6,5,7,5,3,3,5,3,2,3,4,6,0,1,7,6,3,6,4,1,4,3,5,2,3,3,5,2,4,5,1,4,1,2,2,4,2,6,2,3,1,3,5,1,3,1,5,3,5,1,3,1,1,2,5,1,2,4,0,1,0,2,3,7,2,3,2,2,3,0,4,5,1,3,6,8,0,0,3,4,3,5,4,3,2,6,4,1,2,6,4,1,3,1,7,2,4,3,1,3,1,1,1,2,3,3,2,4,2,4,2,3,2,2,1,2,2,3,4,3,0,5,3,0,3,4,1,4,2,2,2,5,0,3,2,4,0,1,1,4,5,2,5,6,2,3,1,3,2,5,2,4,3,0,1,1,3,1,4,2,2,4,3,0,2,1,2,1,1,1,2,5,1,3,2,0,1,1,5,0,1,3,4,0,3,2,5,5,4,0,3,2,4,4,3,0,2,1,5,2,3,2,2,1,0,3,2,2,3,1,1,4,2,0,1,2,3,1,3,2,1,0,1,2,2,3,4,2,3,2,4,3,0,2,2,2,2,4,2,5,2,1,2,3,2,3,2,1,3,0,4,4,2,0,2,2,1,1,3,1,1,2,3,3,4,3,3,2,2,3,1,5,5,2,1,3,1,3,2,2,0,2,3,3,2,2,3,2,4,1,1,3,2,3,3,2,2,3,2,2,2,4,1,1,0,3,2,2,3,2,3,2,1,1,2,1,2,2,2
3d50bcdb,4,3,8,6,6,5,2,9,3,5,6,7,3,4,1,7,5,0,4,5,3,2,3,2,4,6,7,2,5,1,2,3,5,6,5,4,5,3,4,8,4,2,1,6,3,4,2,6,4,5,5,6,4,1,6,6,5,0,1,4,2,5,4,3,2,5,1,3,5,5,3,1,2,2,4,1,2,6,2,2,7,1,5,1,7,4,4,6,3,1,6,6,1,1,7,5,3,4,3,4,7,7,2,1,5,2,2,4,6,1,2,4,6,0,5,5,2,4,3,4,2,1,1,1,1,3,4,2,4,3,2,2,2,8,2,0,1,2,1,1,1,5,4,5,5,3,4,6,1,4,2,4,4,2,2,4,4,4,6,1,1,1,1,5,2,2,2,1,3,4,4,2,4,0,3,1,2,1,4,1,1,0,6,3,3,2,3,2,3,3,0,1,1,1,0,6,1,4,2,2,2,2,2,1,5,3,0,2,1,5,1,2,4,2,1,5,4,0,1,6,1,1,5,6,2,1,3,6,1,1,5,5,1,2,1,4,1,1,1,1,1,1,2,1,2,2,3,0,5,2,2,2,2,1,1,0,0,1,3,2,5,1,3,2,2,2,2,3,5,1,2,2,3,1,2,2,1,2,0,1,6,5,0,2,7,2,4,1,2,1,1,4,3,6,1,1,3,1,1,3,2,0,5,5,1,1,2,2,1,2,0,2,5,2,5,0,0,1,0,4,0,1,5,3,0,0,1,5,4,1,0,3,4,4,5,0,1,2,2,4,2,1,3,3,0,0,5,1,0,4,1,0,2,4,0,0,1,3,2,0,2,3,0,0,4,2,0,4,1,2,1,1,3,1,1,2,2,2,5,1,4,2,3,5,3,1,2,1,0,3,2,1,3,1,1,0,2,1,0,0,2,1,2,2,4,1,2,5,2,1,2,3,4,5,0,0,2,1,3,0,3,1,1,4,4,2,1,2,0,4,0,1,1,1,1,2,0,0,2,1,1,1,2,2,0,2,3,1,1,3,0,1,1,3,1,0,2,1,2,2
819aa8e7,4,3,2,3,3,7,5,3,3,5,2,4,3,3,6,4,4,4,0,5,2,3,5,4,2,4,3,2,6,5,3,6,4,3,1,4,3,2,4,3,5,5,6,3,2,2,3,3,6,4,5,3,6,0,5,4,4,6,3,3,1,3,2,4,5,3,2,2,4,2,2,3,5,3,1,5,4,3,3,5,2,3,1,1,2,4,3,6,3,3,2,5,2,4,3,5,3,4,4,3,3,4,3,4,5,2,2,2,3,4,5,2,2,2,2,1,1,4,3,1,5,5,5,4,0,4,4,1,1,5,3,2,3,5,4,4,2,2,3,1,3,1,2,2,4,2,3,2,3,1,1,2,4,4,2,4,5,4,5,2,2,5,1,3,2,3,3,3,2,4,4,1,3,2,1,2,3,1,5,4,1,4,4,2,4,1,3,3,1,1,2,6,3,0,2,3,3,3,2,3,3,4,3,2,4,2,4,3,1,2,2,3,1,1,0,2,4,2,4,3,3,0,3,2,2,2,4,3,0,3,3,5,3,4,4,2,4,0,2,2,2,2,3,3,3,3,5,2,2,2,1,2,4,2,1,2,1,4,2,5,2,4,4,2,3,2,3,2,3,1,2,1,4,3,2,2,2,3,1,1,2,1,2,5,3,4,3,1,2,2,2,1,4,3,2,2,1,3,5,3,1,2,3,2,2,0,1,2,4,4,2,3,3,2,6,2,2,2,2,1,1,2,2,0,2,2,1,4,5,4,1,5,3,1,2,4,2,2,2,1,3,1,3,2,4,2,4,1,2,1,3,2,4,4,1,1,1,1,4,2,2,1,2,2,1,3,1,3,0,2,0,2,1,0,3,1,3,2,4,4,4,1,5,4,1,3,4,0,2,0,4,3,1,0,2,3,4,4,0,4,4,0,2,0,2,2,0,2,1,1,2,2,2,3,2,1,4,1,0,1,4,2,4,3,4,3,4,2,2,2,2,2,1,1,0,3,2,3,1,0,2,3,0,1,2,3,3,0,4,3,3,1,1,3,4,1,2,0,1,2
05f99a4a,4,3,7,5,8,5,4,7,1,8,5,7,4,9,3,7,6,5,5,0,0,3,8,4,4,8,3,1,6,2,1,3,6,7,6,6,6,0,8,4,6,2,2,7,4,8,5,7,4,8,9,4,2,0,4,3,1,4,1,7,0,6,5,3,2,5,4,2,7,5,5,4,2,0,7,2,2,4,4,3,6,2,5,0,3,4,2,3,6,1,5,5,1,2,5,3,5,8,2,2,7,8,3,2,2,1,2,7,4,1,4,6,3,1,7,6,5,5,3,1,1,2,2,2,0,0,3,2,3,2,1,1,2,4,4,2,1,0,2,2,1,7,5,6,4,2,0,6,1,1,1,5,3,1,2,6,2,2,2,5,1,1,1,6,2,2,4,4,0,4,2,0,2,2,0,0,1,0,3,2,1,1,4,1,2,4,0,2,3,2,2,3,2,0,2,4,2,3,4,1,2,1,2,3,6,4,3,0,3,5,1,1,6,0,2,5,6,1,1,3,1,1,6,5,0,3,3,4,0,2,7,3,2,1,2,8,2,3,1,1,2,0,1,1,0,1,1,2,6,1,4,1,3,3,3,2,3,2,5,3,5,1,8,1,1,5,6,0,7,2,5,2,2,1,3,1,3,1,2,1,5,6,1,3,3,2,5,0,1,2,3,1,2,3,1,0,3,4,1,1,1,1,4,5,2,1,0,2,0,1,2,1,5,0,3,3,1,0,2,7,1,2,5,6,1,4,1,3,5,3,1,2,1,6,6,2,0,1,0,7,3,1,2,4,1,1,5,1,3,5,2,1,5,0,1,2,0,5,3,3,1,0,1,2,3,1,4,6,1,2,1,1,5,1,4,1,0,2,3,2,6,1,1,0,3,2,4,1,2,4,1,2,2,1,1,2,2,1,1,2,2,0,1,5,2,1,2,5,2,1,1,2,5,5,2,2,3,0,3,3,2,1,1,5,3,2,2,6,2,2,2,1,2,1,3,1,2,2,2,1,5,0,4,1,2,2,4,1,2,3,2,1,3,0,1,3,1,2,2,2
3423f250,2,4,2,2,0,2,2,2,6,0,0,1,3,0,3,0,2,3,2,0,0,2,0,2,2,1,3,4,1,5,7,4,0,1,1,2,2,6,0,1,1,4,2,1,2,0,2,1,2,0,0,1,5,6,1,3,2,1,1,2,5,0,1,1,1,1,2,3,0,2,2,2,1,2,0,5,2,1,3,3,1,2,3,6,3,1,6,3,2,4,2,1,4,1,4,1,0,0,1,2,2,1,0,5,3,6,3,0,1,3,1,2,2,6,1,1,0,1,2,4,3,3,3,1,5,3,5,1,4,2,3,4,5,1,5,1,6,4,4,4,4,0,1,1,2,6,2,0,1,4,8,1,0,5,3,0,2,3,3,0,3,2,3,0,4,4,4,1,6,1,4,5,2,3,4,4,3,5,2,1,1,3,2,4,2,1,5,0,1,2,6,1,5,5,2,0,3,1,1,5,6,2,2,2,0,0,3,4,5,0,4,3,0,5,5,0,2,2,1,1,2,3,0,0,1,1,1,1,4,3,0,2,1,2,4,0,1,2,3,4,3,3,7,0,2,4,2,4,0,4,0,5,4,2,1,0,2,3,1,1,0,4,1,3,3,2,1,3,0,2,2,3,3,3,1,3,1,1,4,2,1,0,1,0,1,1,1,4,4,9,0,1,3,1,5,3,0,1,4,1,2,1,0,0,1,3,6,4,2,1,2,4,0,7,1,2,2,3,3,1,2,0,1,0,3,2,3,2,1,1,4,1,1,0,0,1,3,4,5,0,1,2,0,2,2,5,1,5,4,0,4,3,1,3,3,2,1,0,3,1,1,3,3,3,1,3,1,1,3,1,3,1,0,2,3,3,3,0,1,1,1,3,1,4,2,3,3,3,3,1,1,1,1,1,5,0,2,4,2,0,1,4,5,0,2,1,4,0,3,5,2,1,0,0,2,2,1,2,2,1,1,2,0,2,1,1,1,1,1,2,0,5,3,4,2,2,2,0,0,2,1,3,2,3,2,2,0,4,1,1,1,2,0,3,1,3,2,2,3,3
15ab5a2b,6,6,3,5,3,6,7,2,5,2,3,1,6,2,4,3,1,2,3,3,2,0,4,2,3,3,3,4,4,4,6,2,1,1,2,3,1,3,2,2,1,5,5,1,6,1,3,1,4,2,3,1,2,2,1,2,3,3,5,0,3,1,1,6,1,2,4,6,2,2,3,7,4,5,1,5,4,1,5,2,2,2,3,4,3,7,5,1,1,5,3,2,4,2,2,1,3,2,2,6,1,1,1,4,1,4,1,1,2,4,2,1,4,3,1,1,2,0,5,6,2,3,3,2,2,4,2,5,3,3,3,4,3,2,5,3,4,3,2,1,6,2,2,1,1,2,2,2,1,3,2,2,1,5,5,3,2,4,1,1,3,2,2,1,3,3,3,1,4,0,2,2,2,2,2,1,2,0,1,3,1,3,2,3,5,1,1,1,3,0,3,3,2,2,3,2,3,2,5,3,4,3,3,5,1,1,3,1,4,2,3,2,1,3,1,3,0,4,4,4,1,1,2,2,1,1,1,1,2,4,1,0,3,5,3,1,3,1,0,3,2,3,3,3,3,1,0,3,2,1,2,1,3,3,4,2,2,4,0,1,1,3,3,0,3,1,0,2,2,2,2,1,1,3,1,2,2,2,2,1,1,2,2,2,2,4,0,0,0,3,0,2,1,2,2,3,0,2,4,2,0,2,2,2,2,2,2,1,2,2,3,2,1,1,3,1,4,3,1,1,3,3,4,1,5,2,2,1,0,2,3,2,0,1,1,1,4,2,1,1,4,1,2,1,4,3,1,1,2,2,1,3,1,1,3,3,0,0,4,2,1,2,4,2,0,3,1,3,3,0,1,1,1,0,2,1,1,1,1,3,2,1,2,2,1,2,2,2,3,1,3,1,1,1,2,3,2,4,2,3,2,2,1,0,3,0,3,1,1,1,0,1,1,1,2,2,5,3,0,2,2,3,1,0,1,1,2,1,1,2,4,3,2,1,1,2,1,2,1,1,1,3,1,1,4,2,3,1,3,1,4,2,1,2,2,2,2,1,1,2
bf4c41f9,3,3,5,3,5,5,4,4,2,5,6,6,3,7,5,6,6,3,5,8,0,4,0,4,6,7,4,1,5,3,2,3,5,5,7,6,8,0,6,3,4,2,3,6,2,6,7,5,4,6,7,2,3,0,5,1,2,4,2,5,0,6,5,5,3,5,3,2,7,4,4,3,3,1,5,2,2,4,3,4,4,2,6,1,5,2,1,5,6,1,3,5,1,4,4,4,5,6,3,2,5,5,4,2,3,1,4,7,6,2,5,5,1,1,7,6,5,5,3,1,2,3,3,2,0,1,2,3,1,1,1,1,2,4,4,3,2,0,2,1,2,5,3,4,3,2,1,4,2,1,0,4,4,1,2,6,3,2,3,3,1,2,1,6,3,2,4,6,0,2,2,1,4,2,0,2,2,0,4,1,3,2,3,2,1,4,0,2,3,3,2,4,2,0,2,4,2,2,5,1,2,1,2,2,4,3,2,1,3,6,1,3,6,0,1,4,4,1,1,3,2,0,5,5,1,1,5,2,1,3,5,2,2,2,2,6,1,2,2,1,1,0,1,2,1,1,2,2,5,1,6,1,3,4,3,2,2,2,4,3,5,1,6,2,1,5,4,0,5,3,4,0,3,1,2,1,3,1,1,0,5,6,2,4,4,2,3,1,2,1,3,1,1,2,1,0,3,5,1,2,1,1,3,4,1,1,0,0,1,2,3,1,3,0,4,2,1,0,2,5,1,2,4,4,1,3,0,4,3,4,1,3,2,6,4,3,0,1,0,5,3,2,3,4,2,1,3,0,2,4,2,1,7,1,1,2,2,5,2,2,2,0,1,3,2,0,3,5,1,3,2,2,5,1,2,1,1,4,4,1,7,1,2,0,2,3,5,1,1,3,1,3,3,1,1,3,2,1,1,3,2,0,1,3,2,2,1,5,2,1,1,2,5,3,1,3,4,0,3,2,3,1,2,4,2,3,3,4,3,3,2,1,1,0,2,0,3,3,3,2,3,0,3,1,1,1,5,0,3,4,2,1,1,0,2,2,2,3,2,2
258a6f4d,2,2,2,3,3,2,2,2,3,3,4,5,2,4,3,5,3,2,4,4,2,2,4,0,3,3,3,3,3,4,2,3,3,3,3,4,3,2,5,2,6,3,3,4,2,4,3,3,2,4,4,3,3,1,2,2,0,3,0,4,2,4,5,1,4,3,1,2,4,3,4,2,1,1,2,2,3,4,2,3,3,2,4,3,3,3,2,3,4,2,5,4,3,1,5,2,5,4,2,1,4,3,2,4,4,2,4,4,3,2,4,3,1,2,4,4,3,5,4,1,2,1,1,2,2,2,6,1,2,3,1,2,2,1,3,1,2,0,2,3,2,3,5,5,4,2,0,3,4,3,4,3,2,3,2,3,2,1,4,3,2,4,1,4,1,4,2,4,3,4,5,1,4,2,2,2,4,1,3,4,2,1,4,2,2,4,3,2,1,2,1,2,1,1,1,4,1,3,3,1,1,2,2,0,4,6,3,2,0,3,3,2,3,2,0,4,5,2,1,1,6,0,4,3,1,4,4,4,3,3,3,4,1,2,3,3,2,0,2,2,2,1,2,0,1,3,4,2,2,2,2,2,4,2,0,1,1,3,4,4,3,2,2,1,2,5,3,1,3,1,3,2,4,2,4,1,0,1,1,0,4,4,2,3,1,1,3,3,1,2,3,0,4,4,1,2,4,2,3,2,1,2,4,2,2,1,1,3,4,1,2,1,4,2,0,2,2,2,1,3,0,0,3,4,2,2,1,2,5,3,1,2,2,3,2,3,2,1,1,3,0,2,1,6,2,2,4,2,2,3,1,3,3,1,1,0,2,3,2,2,4,1,2,3,3,1,1,2,1,3,2,1,2,3,3,0,2,2,1,2,1,0,1,2,1,2,2,1,1,2,1,3,1,0,0,1,4,3,1,1,4,1,1,3,0,2,1,4,0,1,2,5,5,4,2,2,0,1,3,0,2,2,2,3,5,2,1,4,1,0,0,2,0,2,0,1,1,1,1,1,3,3,1,0,0,2,1,0,0,2,2,1,3,1,1,1,1,1,0,0
aed3a70f,3,3,5,4,5,5,3,5,2,4,7,5,3,5,1,6,4,4,2,4,2,3,6,3,0,4,7,2,2,2,1,1,5,5,6,5,6,3,4,6,2,1,3,4,4,4,5,5,5,5,4,4,5,3,5,2,2,2,1,3,3,6,6,6,3,5,3,3,5,4,1,2,3,4,5,1,0,5,1,4,6,0,7,1,7,4,2,3,5,3,6,5,3,4,6,5,3,3,2,3,4,4,3,1,2,3,3,6,8,4,4,4,2,2,6,6,4,5,3,4,1,3,3,0,1,4,4,3,1,0,0,2,0,6,3,1,1,1,2,0,2,5,6,3,3,4,3,5,2,4,1,5,5,2,3,6,2,1,4,2,1,3,0,6,2,1,3,5,1,3,3,0,7,2,1,4,3,0,5,0,3,3,2,4,1,4,0,3,2,2,1,2,2,2,0,6,0,1,2,3,3,0,1,1,4,2,0,2,1,6,2,2,6,3,0,4,2,1,0,3,3,0,4,7,1,1,6,3,3,5,5,3,0,5,2,5,0,1,1,2,1,2,2,1,3,0,3,0,5,0,6,2,2,6,1,0,0,1,4,2,6,0,5,3,1,6,3,0,4,2,4,2,2,1,3,0,1,0,2,1,5,6,2,2,5,0,4,3,1,2,3,1,0,3,1,0,4,3,2,2,0,1,3,5,0,0,1,0,2,1,1,2,3,0,3,0,1,0,0,6,1,0,4,3,1,0,0,5,3,2,0,2,3,6,5,1,2,0,0,5,1,1,2,6,2,2,2,1,0,5,0,3,5,1,2,0,2,5,1,0,3,1,2,1,2,0,2,4,0,3,1,1,5,4,0,2,1,5,5,0,5,0,1,0,2,2,4,0,0,2,0,3,2,0,0,1,1,1,1,1,1,0,0,3,1,1,2,5,1,0,0,2,5,3,1,1,2,0,2,0,2,2,1,4,2,4,1,2,1,2,0,2,0,1,1,0,1,1,3,1,1,0,2,1,0,0,4,0,1,2,0,0,0,0,1,0,2,2,1,1
ce50fd99,2,2,6,4,5,3,2,8,1,7,7,8,2,7,3,6,6,6,4,8,1,3,7,3,4,0,4,0,9,1,3,0,6,9,6,5,6,1,6,5,6,3,1,5,4,7,5,9,3,8,9,6,2,0,5,5,2,3,2,6,0,7,4,4,3,5,3,3,8,6,3,3,3,0,6,1,2,6,1,2,8,1,7,1,4,3,0,5,5,1,6,7,1,2,5,4,3,7,3,2,9,8,4,1,2,2,1,6,5,1,4,7,5,1,7,5,4,6,2,2,2,1,1,3,0,0,3,3,4,3,0,0,2,4,3,1,2,0,1,1,2,6,5,6,7,2,2,7,2,1,2,4,4,1,2,5,3,2,4,4,1,1,0,7,3,1,3,3,1,5,3,1,2,2,1,0,1,0,2,2,0,1,6,2,3,3,1,3,3,1,1,4,1,0,1,5,1,4,4,1,1,2,2,2,7,5,3,0,4,7,1,1,5,0,1,4,5,1,2,4,1,1,7,6,0,2,2,5,0,2,8,4,1,1,2,7,3,2,0,1,1,0,2,2,0,0,2,1,8,0,3,0,3,3,2,1,2,2,4,4,6,1,7,0,1,4,5,0,8,1,4,2,1,1,2,0,3,2,2,2,6,5,0,4,4,3,6,0,0,3,2,2,1,4,1,0,4,3,1,2,0,0,5,6,2,0,0,2,1,2,1,0,6,0,4,2,1,0,1,6,1,1,5,5,1,3,1,2,6,2,1,3,2,5,7,1,0,0,0,6,2,0,3,4,1,1,6,1,2,5,1,1,4,1,1,1,0,4,2,2,2,0,1,1,4,2,3,7,0,1,0,0,4,1,3,0,0,3,4,3,5,0,2,2,4,2,3,0,2,3,2,1,1,0,1,1,3,1,0,1,3,0,0,4,1,0,2,6,1,0,0,3,4,6,1,1,2,0,2,2,3,1,2,4,4,3,1,5,1,1,1,2,1,1,2,2,1,1,1,0,4,0,3,1,2,2,5,1,1,2,1,0,2,1,1,2,2,1,1,1
5b92d896,4,4,5,5,5,6,3,5,3,3,4,4,3,4,2,4,5,7,3,3,3,3,4,3,7,4,0,2,3,3,3,2,3,5,3,5,5,3,4,7,2,3,2,3,3,3,2,5,6,4,3,5,5,1,7,3,4,1,1,2,2,4,5,5,3,6,1,5,3,5,1,2,2,5,4,1,0,5,1,3,7,0,6,1,8,3,3,5,2,2,8,5,3,3,5,6,3,3,3,5,5,3,2,2,4,3,2,4,6,3,3,4,3,1,5,4,2,3,4,4,3,2,2,0,1,6,3,3,3,2,1,2,3,8,3,1,2,1,1,1,2,4,6,5,4,3,5,4,1,4,3,4,5,4,4,6,3,4,6,1,2,4,0,4,1,2,2,3,4,3,3,1,7,0,4,1,3,0,6,0,2,1,5,4,1,2,2,3,3,3,0,1,1,1,0,5,1,2,2,2,2,1,3,1,4,2,0,3,1,4,3,2,4,2,0,4,2,1,0,5,3,0,3,5,2,2,5,4,1,3,4,4,1,5,2,4,0,0,1,2,0,0,3,1,5,1,4,0,4,1,4,1,3,3,1,0,0,2,4,2,4,1,2,2,3,2,2,2,4,0,1,0,4,2,2,1,2,1,0,1,4,4,1,2,6,1,3,0,2,2,3,2,1,4,1,0,2,2,2,2,1,1,3,4,0,0,1,0,1,2,0,1,3,1,5,0,1,0,0,3,0,1,5,2,1,0,0,7,3,2,0,3,5,4,4,1,3,1,1,5,2,0,3,5,2,1,4,0,0,5,1,1,3,3,0,0,1,3,1,0,2,3,1,0,1,0,1,4,0,4,0,1,3,1,0,1,2,3,6,0,5,1,3,4,1,2,3,0,0,1,1,3,3,0,1,1,1,2,1,1,0,0,1,2,3,1,2,3,1,0,1,1,5,3,1,0,3,0,1,0,3,2,1,4,2,3,2,1,1,4,0,2,0,0,0,0,1,1,4,0,0,0,1,1,0,1,3,0,2,4,0,0,0,1,2,0,0,0,1,1
7c104bb7,5,6,2,4,2,3,3,2,8,1,1,0,6,2,3,2,2,2,2,1,4,4,1,3,2,0,2,0,0,5,3,4,0,1,1,4,2,7,2,2,3,5,4,1,3,1,1,1,2,2,2,2,3,5,1,4,2,2,2,2,8,1,0,3,3,2,0,5,1,2,4,3,4,4,1,2,7,1,2,1,1,5,1,3,4,2,6,2,2,2,2,0,6,2,4,1,1,1,3,4,1,1,1,4,4,6,3,1,2,3,4,1,3,6,1,1,1,2,6,5,2,1,1,5,1,4,3,3,1,0,5,6,0,1,5,3,1,2,2,2,2,2,1,0,1,4,3,2,2,5,3,3,2,4,3,1,3,4,4,1,4,2,6,1,2,5,0,2,3,1,4,1,4,1,4,3,4,6,3,2,2,2,1,4,3,2,2,1,3,2,2,3,4,5,4,2,0,3,0,5,4,1,4,2,1,0,2,3,1,0,1,2,1,8,1,2,3,4,3,3,4,3,1,2,3,1,3,3,3,4,1,2,2,5,4,1,0,3,4,7,2,4,5,2,2,3,1,2,0,3,0,3,4,2,2,1,0,2,2,1,0,1,0,2,4,1,1,1,0,1,2,1,2,4,2,1,1,3,1,0,1,2,0,2,4,2,1,4,1,3,0,4,3,3,0,2,0,2,3,1,3,1,0,0,1,1,2,2,1,2,0,3,0,2,0,3,5,2,3,0,3,1,1,0,1,0,1,3,1,1,0,0,0,0,0,3,2,1,3,0,1,2,1,2,3,5,1,2,1,0,3,3,1,3,0,0,2,0,2,1,0,4,5,1,2,2,1,0,2,2,1,3,0,1,1,3,2,0,0,0,0,2,0,3,1,1,1,1,2,1,2,2,2,4,1,0,2,1,0,1,0,1,2,0,2,3,4,0,2,4,3,1,0,0,1,1,1,1,1,1,1,4,2,1,1,2,0,1,2,2,2,6,1,3,2,1,2,1,1,2,2,2,1,2,0,0,1,1,0,0,0,2,0,1,0,0,1,2,2,1
9dbb75ca,3,2,4,5,4,4,3,6,1,6,5,6,2,5,3,4,6,5,6,6,1,4,5,3,2,9,3,0,0,1,3,1,5,7,4,4,4,2,6,4,5,4,3,4,5,5,3,7,4,6,7,6,3,0,4,6,3,5,3,4,0,5,4,5,3,5,4,4,6,5,3,4,3,1,4,2,2,6,1,2,6,2,5,1,3,5,0,4,3,2,6,7,1,3,3,4,4,7,2,3,7,6,2,1,1,2,0,4,3,2,2,5,6,1,5,3,3,4,1,3,2,2,2,3,0,1,3,3,5,5,1,0,3,3,3,2,2,1,1,1,3,4,5,6,7,2,2,5,3,0,2,2,4,2,2,5,4,3,4,4,1,3,0,5,3,1,3,1,2,5,5,1,1,2,1,0,1,0,2,4,0,2,5,3,4,1,1,3,2,0,1,4,1,0,1,5,2,3,4,1,1,3,2,3,7,3,4,0,4,5,1,2,3,0,1,4,5,1,3,3,1,1,5,4,1,3,2,4,0,1,6,4,2,2,2,5,5,1,0,1,2,1,2,2,1,1,2,1,6,0,1,0,2,1,2,2,2,3,2,4,4,2,7,0,1,2,4,1,6,1,2,3,1,1,2,1,3,2,2,2,4,3,2,4,3,4,4,0,0,3,2,2,3,3,1,1,2,1,3,2,0,2,5,4,3,0,0,3,3,2,2,1,6,0,5,2,1,1,1,4,1,2,4,3,2,3,2,1,6,2,1,3,1,3,5,2,1,1,0,4,3,1,2,2,2,1,5,1,2,3,1,2,2,1,1,1,0,2,3,3,2,0,1,1,2,3,2,5,0,0,0,1,3,1,4,0,1,1,3,5,3,0,3,3,2,1,1,0,2,1,3,1,0,0,1,2,3,3,0,3,5,0,0,2,2,1,2,4,0,0,1,2,4,6,2,1,3,1,1,2,2,1,3,2,4,1,2,3,1,1,2,2,2,1,1,4,1,2,0,0,3,2,1,0,3,3,3,1,2,1,3,1,3,2,2,2,2,0,0,1
dc62b55d,3,6,0,2,1,5,6,0,6,1,0,0,5,2,5,1,2,1,5,2,5,4,3,4,2,1,3,5,1,0,7,5,0,1,0,4,2,2,2,2,3,6,4,0,3,1,2,1,4,2,3,1,4,4,3,2,3,4,3,1,3,1,1,3,3,2,2,3,2,1,3,4,4,5,1,4,4,1,4,4,0,2,2,5,3,2,5,3,4,5,1,1,5,2,2,3,1,2,4,4,0,0,4,8,6,5,5,1,1,4,4,1,1,6,1,0,1,2,5,2,4,4,4,3,3,5,3,2,1,3,4,4,4,2,6,4,6,2,4,3,6,1,1,0,1,3,3,1,2,2,5,2,2,4,5,2,3,4,2,2,7,5,4,1,3,5,4,3,5,1,3,3,4,3,2,2,3,4,4,4,1,3,2,2,3,2,4,2,1,4,3,4,5,3,3,1,3,3,2,5,5,3,4,2,1,1,4,3,3,0,5,2,1,3,2,1,2,3,3,3,5,1,1,1,3,2,3,2,2,5,1,3,2,5,4,1,2,1,3,5,2,2,6,3,4,3,4,5,0,3,1,3,5,3,1,2,3,5,1,4,0,4,1,3,4,1,1,2,1,0,2,1,3,4,1,2,2,2,3,1,0,1,0,3,2,2,1,2,4,5,2,0,4,2,4,2,1,3,4,1,2,1,0,0,2,2,5,3,2,3,2,2,0,5,3,3,4,2,3,0,3,1,2,1,3,3,1,4,1,3,4,3,3,0,0,4,4,2,4,0,2,0,2,2,4,5,2,3,4,0,4,3,3,3,3,2,2,0,4,2,1,2,4,4,1,1,0,1,3,3,2,1,0,1,4,1,4,1,2,2,3,1,4,2,0,4,4,2,2,0,2,2,1,0,3,3,3,5,2,2,3,2,3,1,1,2,1,0,1,2,2,1,0,0,2,2,4,1,0,1,3,3,3,2,1,2,4,3,3,2,2,4,0,2,0,0,4,3,1,0,3,2,0,1,2,3,2,1,3,4,2,0,1,2,4,3,0,0,1,1
dc7f8a28,2,5,1,1,0,3,5,1,6,0,1,1,4,0,5,0,1,2,3,1,7,6,2,2,1,3,3,3,3,7,0,4,0,1,1,1,1,3,0,1,1,7,3,0,3,0,4,1,3,0,1,1,3,4,1,2,2,3,5,1,3,0,1,3,2,1,2,4,1,3,0,4,3,4,0,5,3,1,3,4,1,2,4,6,2,3,5,3,3,5,2,2,5,2,3,1,0,1,3,4,1,0,1,6,2,6,1,0,0,4,2,3,2,6,1,0,1,1,4,4,4,4,4,3,3,4,4,4,3,4,4,4,5,1,5,3,7,3,4,3,7,0,1,1,3,3,3,0,1,3,6,1,0,5,6,1,2,5,2,0,5,2,4,0,3,3,4,2,6,1,3,4,2,3,4,2,3,3,2,2,1,3,3,3,3,2,4,1,3,1,4,3,5,3,4,0,3,3,3,5,6,3,4,3,0,0,3,3,5,1,5,3,0,3,3,0,1,4,4,3,2,1,0,0,0,1,1,1,2,5,0,2,3,3,5,0,2,1,1,4,2,3,7,3,3,3,2,4,1,3,1,3,5,3,3,1,3,4,1,2,0,4,1,1,5,2,1,2,1,1,3,0,3,5,2,2,3,3,3,2,0,0,1,2,0,3,1,1,2,7,0,1,2,1,4,2,0,3,5,1,1,1,0,0,1,2,5,2,2,3,2,3,0,5,2,2,5,2,3,0,4,2,2,0,3,3,1,2,1,3,4,3,1,0,0,2,4,2,5,0,3,1,2,2,4,5,2,3,4,0,4,3,2,3,3,3,0,0,5,2,1,3,5,4,0,3,1,2,3,1,2,1,0,0,3,2,2,1,1,2,2,2,2,4,1,4,4,2,4,0,3,2,1,1,4,1,3,5,2,2,2,2,4,0,2,0,2,0,2,3,1,2,0,0,2,2,4,1,0,2,3,4,1,2,1,2,2,2,1,2,3,5,1,2,1,1,2,1,1,1,2,2,1,2,4,2,2,2,3,2,2,1,0,2,2,3,1,1,2,2
e14ec482,2,2,3,2,3,4,5,2,4,2,0,1,2,2,6,2,4,3,6,3,4,2,3,3,1,0,2,4,1,5,4,0,1,0,2,3,3,2,3,1,2,3,5,3,1,1,2,0,3,1,1,1,4,2,2,2,4,5,2,3,3,0,3,1,4,3,1,0,0,2,4,2,3,3,1,4,5,1,3,6,0,4,1,3,2,3,4,4,3,1,1,2,1,3,3,3,2,2,3,2,1,2,1,3,5,1,4,1,2,3,4,2,2,2,1,2,2,1,3,2,5,5,5,3,2,4,5,2,3,4,5,5,3,3,2,4,2,3,4,3,2,1,1,2,2,2,4,0,2,3,3,2,2,2,2,3,6,4,4,1,1,3,4,0,0,4,2,4,3,2,3,2,2,0,4,5,5,3,5,2,5,3,1,5,2,3,3,3,2,4,2,3,3,1,4,1,2,2,2,2,3,1,3,2,1,0,1,6,1,0,1,5,1,3,3,2,4,3,2,2,3,2,0,0,2,2,4,1,2,3,0,3,3,2,4,1,1,3,5,1,3,3,2,3,3,6,4,2,0,5,3,5,3,2,3,1,1,1,2,3,0,2,1,5,4,3,2,2,0,2,3,1,7,4,4,3,4,3,2,0,1,1,2,3,2,1,1,3,4,2,3,3,5,1,1,2,0,4,4,4,4,2,1,0,0,2,3,3,2,4,1,5,1,4,2,3,3,2,2,1,3,2,0,1,0,1,1,4,2,5,1,4,2,1,0,5,1,3,5,1,3,4,2,1,3,1,1,2,2,0,3,2,3,6,0,1,3,1,4,3,1,4,3,2,1,3,2,0,2,3,2,6,1,1,3,5,4,2,2,1,3,4,2,4,1,4,5,2,3,2,2,5,4,4,1,2,2,3,1,4,2,1,4,1,4,5,2,0,4,3,5,2,2,1,2,2,4,1,2,2,3,3,3,3,2,3,3,2,3,6,2,2,2,3,3,2,4,2,3,3,3,3,2,3,2,1,2,1,4,3,2,4,1,2,2,1,1,3,4,3
ed79b7d3,2,1,5,3,5,3,2,6,0,9,6,8,2,6,1,7,3,5,4,6,0,1,5,3,5,6,3,0,5,0,0,1,0,7,5,3,5,0,5,5,4,1,0,7,2,6,3,7,6,7,6,4,2,0,6,3,3,1,0,5,1,9,5,2,4,2,1,1,8,3,3,1,3,2,6,0,2,6,1,0,6,2,6,1,3,3,1,4,4,0,4,6,0,2,5,5,4,5,2,2,6,8,3,0,1,0,1,8,5,0,4,4,3,1,7,5,7,8,0,1,2,0,0,3,0,2,2,1,2,3,1,0,0,6,2,1,1,0,0,1,0,4,4,3,4,2,2,6,5,1,0,4,5,1,1,2,4,0,2,5,1,3,1,8,4,1,2,5,0,5,3,1,3,1,0,1,0,1,2,2,1,0,3,1,3,5,2,2,0,0,1,4,0,1,1,6,1,3,2,0,0,2,2,1,7,4,2,0,2,7,0,1,7,1,1,3,4,1,2,3,1,1,7,7,1,2,3,3,1,0,8,5,0,3,2,6,2,2,1,1,0,0,0,1,2,1,3,1,6,1,4,0,2,1,1,1,1,1,4,2,7,0,5,0,0,5,6,1,5,3,2,1,0,1,2,1,0,2,0,2,6,5,2,2,3,3,6,1,1,0,2,2,2,3,1,0,5,2,0,1,1,1,4,6,1,1,1,2,3,2,1,0,4,0,3,1,1,0,1,4,1,1,3,3,0,2,0,2,5,0,1,2,2,6,6,1,1,0,1,5,2,1,1,5,0,1,3,0,1,5,0,0,3,2,0,1,2,5,1,1,3,0,0,2,3,1,4,4,1,2,2,0,7,3,2,0,0,4,4,1,4,1,1,1,3,0,1,1,0,2,1,1,0,0,0,0,1,0,1,0,3,0,1,3,1,1,1,6,1,0,0,3,5,4,1,1,1,0,2,0,1,0,1,4,3,3,0,2,0,1,0,0,0,0,2,1,0,0,1,1,2,0,1,1,0,1,3,0,0,0,0,0,1,1,0,0,3,2,1,1
50e6dc35,1,1,6,4,6,2,1,8,0,8,6,8,1,9,1,6,7,6,3,7,1,1,5,3,5,9,5,1,7,1,1,0,7,0,5,6,7,1,8,7,7,3,0,5,4,8,3,11,4,10,9,8,2,0,7,6,3,3,0,6,0,9,5,2,5,6,2,2,8,6,4,3,3,2,8,0,3,8,0,1,9,2,7,0,5,2,0,4,5,0,7,7,0,2,5,6,3,7,3,2,9,8,4,1,3,1,2,8,5,0,6,7,6,0,9,5,6,8,2,2,1,0,0,3,0,2,3,1,4,2,1,0,1,5,2,1,0,1,0,1,0,7,6,6,7,2,4,8,4,1,2,6,6,0,1,4,4,2,4,6,1,3,1,9,3,2,2,5,1,6,4,0,4,1,1,0,1,1,4,2,0,0,5,2,3,5,1,5,2,2,0,4,0,0,1,7,0,4,2,0,0,1,2,2,9,5,3,0,2,7,0,1,7,0,1,5,6,0,1,4,2,2,8,8,1,3,4,6,0,1,10,6,0,3,1,9,2,3,0,1,1,0,1,1,2,0,3,1,8,0,4,0,3,2,1,0,1,2,5,3,7,0,6,0,0,5,6,0,7,1,3,2,1,0,3,0,2,1,1,3,6,6,1,4,5,3,7,0,0,2,3,2,2,5,0,0,5,2,0,2,0,1,5,7,1,0,0,2,2,1,0,0,6,0,3,1,0,0,0,6,0,0,4,5,0,2,1,4,7,1,0,2,3,6,8,0,1,0,0,7,1,0,2,5,0,0,5,1,1,6,0,0,3,1,0,0,0,5,1,1,3,0,0,0,4,2,4,6,0,2,0,0,5,2,2,0,0,4,5,2,4,0,1,2,4,1,2,0,1,3,1,2,1,0,0,0,2,0,1,0,2,0,0,5,1,0,2,6,1,0,0,3,5,6,2,0,1,0,2,1,2,0,1,5,4,4,0,4,0,1,0,1,1,1,2,2,0,0,2,0,3,0,3,1,1,1,4,1,0,1,0,0,2,1,0,1,2,1,1,1
5eae500a,1,1,7,4,5,2,1,6,2,4,8,6,1,6,1,6,5,5,1,6,1,2,7,3,6,6,3,1,4,0,1,2,5,5,0,4,7,1,5,5,3,0,0,7,3,6,8,5,2,5,5,3,3,2,3,3,2,2,3,6,1,6,7,4,1,4,3,1,6,5,4,2,1,0,6,0,1,5,1,3,5,2,7,2,5,3,1,4,7,2,4,6,1,4,6,3,6,5,1,1,6,6,3,0,2,0,3,7,7,1,2,7,3,0,7,9,5,5,1,2,0,3,2,0,2,0,4,3,3,1,2,2,1,3,1,2,1,3,3,3,2,6,6,5,4,3,0,5,1,2,1,5,4,0,2,5,2,1,3,3,0,0,3,6,3,1,3,4,1,3,4,3,3,1,1,3,2,1,3,2,5,1,3,2,1,5,1,2,2,3,2,1,2,1,1,5,1,2,4,1,2,0,0,1,4,3,0,2,2,7,1,3,8,1,2,5,5,0,1,2,1,2,5,6,2,3,4,3,4,2,5,4,1,1,0,6,0,4,3,0,3,2,0,0,1,3,2,2,6,2,6,3,1,3,2,2,2,0,6,2,7,0,6,4,0,6,4,1,6,4,6,4,3,0,4,3,1,0,1,1,7,7,3,1,4,0,5,4,3,0,3,2,4,3,1,1,4,3,0,2,2,1,4,5,2,2,1,2,1,0,2,3,4,1,2,1,0,2,2,7,0,1,4,5,0,1,1,3,3,2,0,1,2,7,5,1,0,2,1,6,3,3,1,5,0,1,3,2,1,6,1,1,5,1,1,1,2,6,2,2,2,1,0,2,4,1,2,4,3,2,3,2,6,3,2,3,1,3,3,0,6,3,0,1,4,1,3,2,0,6,0,2,3,2,0,1,1,0,2,1,2,1,2,4,3,2,2,6,3,2,2,3,6,4,1,3,2,1,6,1,1,1,0,6,3,2,1,4,1,3,1,0,2,2,3,1,1,1,2,3,3,1,4,2,0,1,3,1,1,2,1,2,2,1,0,1,3,4,3,3
6f8cd6d0,3,3,4,6,6,6,4,5,3,5,3,4,3,7,3,4,8,4,4,6,2,3,6,4,5,5,5,4,4,4,1,3,3,6,4,0,7,3,7,4,7,3,2,6,4,6,2,6,5,7,7,4,5,2,6,5,4,4,0,5,2,5,3,5,4,6,3,2,5,4,5,6,2,3,5,1,4,4,1,2,4,4,4,3,7,2,3,5,3,1,5,4,1,3,4,5,4,6,3,3,6,6,3,4,5,1,5,5,5,2,5,3,5,1,5,4,3,4,4,3,1,2,2,3,1,3,4,2,3,0,2,3,0,4,4,3,1,2,1,3,1,5,5,4,3,5,3,5,2,3,3,3,5,2,2,5,5,1,4,3,2,4,2,5,2,6,3,4,2,3,4,1,5,2,3,2,4,3,4,1,3,1,2,4,1,2,2,4,2,4,0,3,0,2,2,4,0,2,2,0,0,0,3,2,6,2,3,2,2,3,2,3,4,2,2,4,6,2,0,3,4,3,5,4,3,2,4,4,2,3,6,3,0,4,3,6,1,3,2,3,3,1,1,1,3,1,2,1,4,2,3,2,4,3,2,1,2,4,2,3,3,0,4,3,1,2,3,1,4,1,1,2,3,2,1,2,3,0,1,2,4,4,0,4,6,2,3,1,2,2,3,2,2,3,0,2,1,2,1,3,2,0,3,3,0,2,1,2,0,1,0,2,4,1,3,1,1,2,1,4,0,0,4,3,1,3,2,4,4,2,0,2,2,3,4,1,1,1,2,4,2,1,2,3,3,1,3,2,1,3,1,1,3,2,1,1,3,2,0,1,1,2,1,1,2,3,2,4,1,2,2,2,2,0,1,2,2,2,5,1,4,2,1,1,3,2,2,2,1,2,0,2,3,2,0,2,1,1,1,1,0,1,2,2,2,2,5,3,1,2,1,2,3,4,2,0,2,2,2,2,2,1,1,2,2,2,2,2,1,3,0,1,2,2,2,2,1,2,2,2,1,1,3,1,2,0,3,2,2,2,0,1,2,2,2,1,1,1,1,1
a0c590b9,1,1,7,3,4,3,2,6,1,4,5,7,1,7,2,5,9,5,3,6,2,1,8,3,6,6,5,2,4,2,1,3,5,7,7,7,0,2,6,4,4,3,1,7,2,7,5,7,4,6,6,4,4,1,6,4,4,4,0,6,1,7,5,3,4,7,2,2,7,4,5,2,3,2,6,0,3,6,1,3,5,4,6,1,8,1,1,5,6,0,4,4,0,3,6,5,4,6,3,2,7,6,4,1,4,1,5,8,7,1,5,5,4,0,9,7,6,6,2,3,1,2,2,2,1,2,3,1,3,0,3,1,2,4,2,3,0,2,1,2,0,6,3,5,3,3,3,5,3,2,2,5,5,0,1,5,5,3,5,4,1,3,3,7,3,3,3,7,2,2,5,1,5,1,2,3,3,2,5,1,4,1,3,4,1,5,1,3,3,5,1,4,1,1,2,5,1,2,3,0,1,0,2,2,5,3,2,2,1,5,0,5,7,1,2,5,6,0,0,3,3,2,6,6,3,1,6,3,2,2,6,3,1,3,1,7,0,4,3,1,2,1,1,1,2,2,2,2,4,2,6,2,3,3,2,1,1,2,4,2,5,0,5,3,0,5,4,1,4,4,3,1,4,0,2,2,3,0,0,0,6,7,2,4,6,2,3,2,3,1,3,2,3,3,0,1,3,4,0,3,2,1,3,4,0,2,1,1,1,1,2,2,3,1,3,1,0,1,1,5,0,1,3,4,0,2,1,5,3,3,0,2,2,6,4,2,0,2,1,5,2,3,2,4,1,0,2,1,1,4,1,0,6,2,0,1,3,5,1,1,2,1,0,2,3,1,3,4,2,3,3,3,5,1,1,2,2,4,4,0,6,2,1,2,3,2,4,2,0,4,0,3,4,2,0,2,1,0,1,2,1,1,2,3,3,3,2,5,3,2,2,2,5,3,1,2,3,1,4,1,2,0,1,4,2,3,2,3,2,4,1,1,2,1,3,1,2,2,3,3,2,1,4,2,0,0,4,1,2,3,1,2,1,1,1,1,3,4,3,3
a0d55a09,5,4,3,4,2,4,2,3,6,0,1,1,4,0,1,1,2,3,2,0,6,3,0,2,3,1,3,7,2,2,3,2,0,1,1,3,2,0,0,1,2,5,5,2,3,0,1,1,2,0,0,2,5,5,0,6,2,2,2,2,7,0,0,5,2,2,3,6,0,4,1,3,4,3,0,3,3,1,1,2,2,6,2,4,4,3,4,2,1,3,3,0,5,4,5,0,2,0,2,4,2,1,0,3,2,7,1,0,2,5,2,2,5,6,1,1,0,1,4,7,1,4,4,4,1,4,4,2,3,1,4,4,2,1,4,4,1,2,3,3,2,1,1,1,2,6,3,1,0,6,4,2,1,6,2,1,1,5,5,1,2,2,4,0,1,3,2,1,4,1,5,1,3,3,5,3,4,6,2,2,2,4,2,5,3,1,3,0,5,1,3,3,4,5,3,1,1,2,0,5,4,2,2,2,0,0,2,2,1,0,2,5,0,7,1,1,2,4,3,2,3,1,0,1,3,3,2,2,2,4,0,1,3,4,5,0,1,1,3,7,4,5,6,0,2,2,1,1,0,3,0,4,3,3,2,3,1,3,2,1,0,2,2,3,3,2,1,2,0,2,3,3,2,4,2,3,2,2,1,1,1,1,1,1,3,2,1,4,1,5,0,3,3,2,1,4,0,2,5,1,3,2,0,0,2,2,2,3,2,1,1,6,0,2,1,2,3,4,4,1,2,2,1,0,2,1,2,2,1,1,0,0,0,0,0,2,2,2,4,0,3,1,1,2,5,5,1,2,1,0,4,3,1,2,2,1,2,0,3,0,0,3,4,2,2,4,0,0,1,2,2,2,0,1,2,4,3,0,1,1,0,2,1,5,1,1,2,2,1,1,3,2,2,4,1,2,2,2,1,2,1,1,3,0,3,2,4,0,1,5,2,2,0,0,3,0,1,3,1,1,1,3,1,1,1,2,2,1,1,1,2,6,2,2,1,2,1,3,1,2,1,3,1,1,2,1,1,1,2,0,1,1,2,3,2,0,2,1,1,2
f553b2b3,2,2,5,5,8,3,2,5,1,7,4,5,2,10,2,5,8,4,4,8,0,2,6,5,4,6,4,2,6,2,0,3,5,8,5,7,6,0,0,6,7,2,2,6,4,8,3,8,4,9,8,7,2,0,6,4,2,5,0,6,0,7,7,2,5,7,3,1,6,6,6,4,1,2,8,1,3,7,2,3,6,3,5,0,4,3,1,3,5,0,7,7,0,3,3,6,5,9,2,2,6,6,2,2,3,0,3,8,3,0,5,6,4,0,8,5,6,6,3,1,0,1,1,2,0,2,4,1,3,2,2,1,1,4,3,2,0,1,1,2,0,7,7,7,6,2,2,6,4,1,1,6,6,0,1,6,4,2,3,6,1,4,2,7,2,3,3,5,0,6,4,0,4,1,0,0,2,1,6,3,1,0,3,2,2,5,0,5,2,3,1,2,1,0,2,7,1,3,4,0,1,0,2,3,9,3,3,0,2,5,0,1,7,0,2,7,8,0,0,3,3,2,6,6,1,4,6,5,0,1,8,6,1,3,1,9,2,3,1,1,2,0,0,0,2,2,3,2,6,1,4,1,3,1,2,1,2,2,5,3,5,0,6,1,0,5,6,0,5,1,3,2,3,0,5,1,2,0,1,2,4,6,3,4,4,2,5,0,1,1,5,1,4,4,0,0,3,2,1,2,1,3,5,5,1,1,0,2,2,0,1,1,6,0,2,2,0,0,1,6,0,1,4,5,0,3,1,5,7,3,0,2,2,6,6,2,1,1,0,7,2,2,1,4,0,0,4,1,2,5,1,1,3,0,0,1,0,5,2,3,3,0,0,1,2,1,4,4,1,3,1,2,5,2,3,1,0,2,4,2,4,1,0,0,2,1,2,1,1,3,0,4,2,1,0,1,2,1,2,2,2,0,1,5,2,2,2,4,1,1,2,2,7,6,3,1,2,0,3,2,1,0,1,5,4,2,1,4,1,2,1,0,2,1,2,2,1,1,3,1,3,1,3,0,1,1,2,1,1,2,2,2,3,0,0,2,0,1,1,1
3260690c,3,3,5,5,6,4,1,6,2,5,7,5,2,6,1,6,4,8,3,4,1,2,3,2,6,5,7,2,4,2,1,1,5,7,5,4,4,1,6,0,5,2,1,4,5,5,3,7,4,7,6,7,4,1,8,5,5,2,2,3,1,7,6,4,4,5,2,2,6,5,3,2,3,4,6,1,2,7,1,3,7,1,5,0,6,4,2,5,5,2,6,8,2,3,4,7,3,5,4,5,5,5,3,2,5,1,2,6,6,2,4,4,5,0,6,5,4,6,4,2,2,2,2,2,1,5,4,3,2,3,2,1,1,8,2,1,1,3,2,0,2,6,6,4,5,3,5,7,3,3,0,6,6,2,3,5,4,4,4,3,2,3,1,7,3,2,3,3,1,5,3,1,6,1,1,1,1,1,6,2,1,1,5,1,4,4,2,4,2,3,0,2,2,0,1,8,1,5,2,3,3,2,3,2,7,3,1,2,1,6,2,0,6,1,0,6,4,0,1,7,2,1,6,8,2,2,5,7,1,2,7,7,1,4,1,6,1,1,0,2,1,1,1,1,4,1,4,1,6,1,3,2,3,2,1,0,0,2,4,2,6,1,4,2,2,4,3,2,5,0,3,2,2,1,4,1,0,2,1,2,5,6,1,3,7,3,5,1,1,0,2,3,3,7,1,0,4,1,1,2,1,1,5,6,1,0,1,1,2,2,0,2,5,1,5,0,0,0,0,5,0,1,5,3,0,0,0,7,5,1,0,3,5,5,6,0,2,1,1,5,2,0,3,4,0,0,5,1,0,5,1,1,2,3,1,0,0,4,2,0,3,2,0,0,3,1,1,4,0,3,0,0,4,3,1,2,1,3,6,1,4,1,3,3,2,1,2,0,0,2,2,2,2,0,1,0,2,1,1,0,2,0,1,3,3,0,1,5,1,0,1,3,5,5,1,0,2,0,2,0,3,2,1,5,4,3,1,2,0,3,0,0,0,1,0,1,0,0,3,0,1,0,1,1,0,2,3,0,1,3,0,0,1,2,1,0,1,0,1,1
462475ed,1,1,3,4,6,3,1,5,2,6,5,6,1,7,3,6,5,4,5,6,1,1,4,6,2,6,2,3,5,3,1,2,4,7,3,7,4,2,7,5,0,3,2,5,3,7,3,7,2,8,8,6,3,0,5,7,2,4,0,6,1,6,3,2,5,5,2,0,6,6,4,4,3,1,5,2,5,5,1,2,5,4,3,2,3,1,1,5,5,0,4,5,1,3,4,4,5,6,4,1,6,6,3,4,5,1,3,5,3,1,6,5,5,1,5,3,3,7,4,0,2,2,2,5,0,2,4,0,2,2,2,1,0,3,2,3,0,1,2,3,0,6,4,5,6,2,3,7,3,2,2,5,4,2,0,3,3,2,4,4,1,2,2,6,2,4,2,4,0,6,4,0,4,2,1,1,2,3,4,3,1,1,5,0,4,4,3,4,2,2,1,4,1,0,3,5,0,5,1,1,1,2,2,2,7,5,4,1,1,4,1,2,4,1,1,5,7,2,2,3,4,2,7,5,1,4,4,8,0,2,7,6,1,3,3,6,2,2,1,3,3,1,1,1,1,1,3,2,5,2,1,2,4,1,1,1,2,3,4,4,4,1,4,1,1,4,5,0,5,0,3,2,2,2,3,1,2,2,1,3,4,5,0,4,4,3,6,1,0,2,2,1,3,7,0,2,3,2,1,2,1,0,5,4,1,1,0,3,2,2,0,2,6,1,2,2,1,2,2,5,0,0,3,4,0,3,1,4,7,2,0,2,2,3,5,1,0,0,2,4,1,0,2,4,2,1,6,2,2,3,2,0,3,2,1,1,1,3,2,1,2,0,1,2,3,4,2,4,0,2,1,0,2,1,3,1,1,2,4,2,2,1,1,2,3,2,2,1,2,2,2,2,1,1,0,1,3,0,1,0,2,0,2,3,0,0,2,5,0,2,0,6,3,6,3,0,0,1,2,2,3,1,1,4,6,3,1,4,0,0,0,1,1,2,1,2,0,1,1,1,3,1,2,0,2,1,2,1,1,1,0,0,4,2,1,1,1,0,0,0
4a1a9578,4,5,1,2,0,4,5,1,5,1,0,2,4,2,5,0,3,2,5,2,4,5,2,3,1,3,3,5,4,6,7,3,1,3,0,3,3,5,2,2,3,0,4,1,5,2,2,3,5,2,3,2,5,3,3,4,4,6,6,2,4,2,0,3,4,2,2,6,3,2,2,5,5,6,1,5,6,2,1,4,1,6,2,2,3,4,3,3,3,5,2,2,5,2,3,2,1,3,4,7,2,1,2,5,3,6,1,2,0,5,4,2,4,5,3,0,3,3,6,6,4,5,5,6,0,6,5,4,3,4,7,5,4,1,6,5,3,4,3,1,5,1,1,1,2,4,4,1,2,4,3,2,1,5,6,1,4,8,2,3,6,5,5,2,2,4,3,4,5,1,5,1,3,2,5,2,3,3,3,4,1,4,3,3,5,3,2,2,4,1,2,6,5,3,4,1,3,4,1,5,4,3,7,4,2,1,5,3,1,0,3,4,1,4,0,1,3,5,6,5,3,1,2,1,2,2,2,2,1,5,2,3,5,5,7,2,2,1,1,5,2,5,7,3,5,2,2,3,0,2,1,2,8,3,2,3,1,6,1,2,0,4,3,1,6,3,2,2,1,1,3,1,3,6,2,2,3,4,1,0,0,1,1,4,1,5,1,2,1,4,0,2,4,2,2,2,0,3,7,1,2,1,0,0,2,0,2,2,2,3,2,5,0,2,3,3,6,2,3,0,4,4,2,0,3,2,1,3,2,3,1,3,1,0,0,2,4,2,4,0,5,0,2,2,5,5,2,1,2,0,4,2,2,3,1,1,0,0,6,1,0,4,6,2,0,3,1,1,1,1,0,1,0,0,3,3,2,1,1,2,2,1,3,6,0,3,4,0,3,0,5,2,1,2,2,2,2,4,0,3,2,0,2,0,4,0,1,0,1,1,2,2,0,0,2,1,5,1,0,1,3,5,1,2,1,2,3,2,1,2,5,6,1,1,0,1,1,2,1,0,2,2,0,1,3,3,2,0,4,2,2,0,1,2,3,1,1,0,1,2
79c84d1c,4,3,1,3,2,5,5,1,3,1,1,0,3,1,6,2,2,1,6,2,2,5,3,3,3,1,2,4,3,4,3,5,0,0,0,2,1,5,2,1,2,4,0,0,4,0,2,0,2,1,2,2,4,1,1,3,3,6,4,1,3,0,1,5,5,3,3,3,1,2,1,4,7,4,0,7,3,1,3,6,1,4,0,1,2,5,2,2,2,3,2,1,3,4,2,2,2,2,5,4,0,0,2,3,3,4,3,0,2,7,5,1,3,4,0,0,1,1,5,4,4,6,6,4,1,5,4,2,3,4,3,3,2,2,3,6,1,3,3,1,2,1,1,1,2,1,3,1,1,4,1,2,3,4,2,4,3,5,5,1,1,3,3,0,1,1,2,3,1,2,3,1,3,4,1,5,5,3,4,5,2,8,2,5,5,2,1,3,4,1,3,6,3,1,4,2,2,4,2,5,4,3,2,4,1,0,4,4,2,0,1,4,0,3,0,2,2,3,4,3,4,1,0,1,4,2,4,2,0,6,0,2,4,4,4,0,3,0,3,4,2,5,3,3,3,2,3,2,0,1,2,2,3,5,3,2,1,2,2,4,0,4,3,2,3,3,1,2,1,1,5,3,4,3,4,1,3,3,3,0,0,1,2,5,3,4,1,3,1,3,2,2,3,2,3,3,0,5,6,3,0,3,1,0,4,0,2,3,3,4,2,4,1,2,3,2,3,3,2,1,4,3,1,0,2,1,2,3,2,5,2,4,1,0,0,5,1,1,3,0,3,1,4,1,6,3,2,2,2,1,2,4,3,3,3,1,2,0,5,2,1,1,4,2,1,3,0,1,0,3,0,4,0,2,3,2,4,2,1,3,2,0,3,3,0,5,5,0,4,0,4,5,3,2,2,3,4,3,0,6,3,1,1,0,2,3,0,0,0,2,1,2,1,1,2,1,4,2,0,1,4,3,4,1,2,4,3,2,3,2,3,3,1,2,0,2,3,4,3,0,2,4,0,1,4,3,4,1,4,2,3,1,1,1,4,1,1,0,0,1
a1d95db3,2,1,7,4,7,4,2,6,1,5,5,7,2,6,1,6,6,6,3,7,1,1,6,4,4,5,3,1,4,0,0,3,7,5,7,6,7,2,6,4,5,1,0,0,2,7,4,5,5,5,5,3,3,1,5,4,3,2,0,7,2,7,6,3,3,4,3,1,7,5,5,2,1,1,6,0,2,5,2,2,4,5,5,3,5,3,2,5,5,0,4,5,0,3,6,4,6,7,2,2,6,8,2,1,2,0,3,8,5,0,2,4,4,1,7,7,5,6,1,2,1,2,2,3,1,1,4,1,3,2,3,1,1,5,2,3,1,1,2,4,0,5,4,5,3,4,1,5,3,3,1,4,4,2,1,4,4,1,3,4,1,2,3,6,3,3,4,5,1,4,4,2,3,2,2,2,2,3,3,2,4,0,3,2,2,5,3,1,3,3,2,2,1,2,3,5,2,3,4,0,1,1,2,2,6,3,2,1,2,5,1,4,7,2,3,5,7,2,1,3,2,2,6,5,2,3,4,3,2,1,6,4,1,2,3,6,1,3,3,2,3,1,0,0,1,3,2,2,4,4,4,3,3,1,3,3,3,2,4,2,5,0,5,3,0,5,4,2,4,4,3,2,3,2,3,4,2,1,0,1,6,6,2,2,4,2,4,2,3,0,3,2,4,3,1,2,3,3,0,2,4,1,4,4,1,4,2,3,1,1,2,3,4,1,2,2,1,2,3,5,1,2,4,4,0,4,1,3,4,2,1,2,1,6,4,2,0,2,3,5,4,3,1,4,1,1,3,1,2,4,2,0,4,2,1,3,4,5,2,2,2,1,0,4,3,2,3,3,3,3,5,2,5,2,3,3,1,2,4,0,5,4,0,1,3,1,2,4,0,4,0,2,3,3,0,2,1,0,2,1,2,1,4,3,3,3,3,5,2,3,2,4,6,4,2,2,2,2,5,2,1,0,0,4,3,1,2,3,1,3,1,0,2,1,3,1,1,2,2,4,2,1,3,1,1,1,2,1,2,2,1,2,3,2,1,1,2,3,2,2
aad56ca3,5,4,3,6,4,5,5,4,2,3,4,2,4,4,3,3,3,3,2,4,2,6,2,2,4,4,3,3,5,3,3,1,2,4,3,4,2,3,4,5,3,5,4,2,0,4,2,4,3,4,5,4,3,2,2,5,4,6,4,2,2,3,3,6,2,4,5,5,4,3,4,7,5,5,4,4,2,3,3,3,4,3,3,1,4,8,2,0,4,4,5,3,4,2,3,2,3,5,3,7,3,3,2,3,1,3,2,3,3,5,2,2,7,2,3,3,4,2,5,5,3,4,4,3,2,5,4,5,6,4,3,2,3,2,3,4,3,5,2,1,4,5,5,3,2,3,3,5,1,3,3,3,2,4,5,5,3,5,1,4,3,3,2,3,4,2,3,2,2,2,4,1,3,2,2,3,2,1,2,4,2,5,2,3,7,3,0,3,3,1,2,4,2,1,3,4,3,4,2,3,3,2,4,7,4,1,5,3,4,2,3,2,3,2,2,4,3,3,3,5,2,3,3,4,2,3,2,4,3,4,4,2,3,4,3,4,3,2,1,4,3,3,2,2,4,0,0,3,3,0,2,1,5,4,3,2,2,4,1,2,2,3,6,1,3,3,2,1,4,1,4,5,1,3,3,1,3,2,4,1,2,4,1,3,3,4,2,2,1,4,1,2,3,3,2,1,1,2,4,1,0,1,2,2,4,0,0,4,1,2,3,3,3,1,3,3,3,1,1,4,2,3,4,3,4,2,3,2,2,2,2,2,0,2,3,1,2,2,1,3,4,0,2,2,4,2,3,3,3,2,1,3,1,1,2,1,0,1,4,2,0,2,3,1,1,3,1,3,0,0,0,1,2,3,5,2,1,1,1,3,2,0,2,2,1,3,2,0,4,1,3,1,1,1,2,2,1,3,0,3,3,1,0,2,3,0,3,2,0,0,0,2,2,3,2,2,4,1,2,2,2,4,1,1,1,1,2,3,2,2,3,2,3,3,1,2,2,2,1,0,3,1,1,0,4,4,3,2,3,1,2,0,3,1,2,3,1,0,0,1
e897d8ba,1,1,6,4,6,2,1,6,0,6,6,7,1,9,1,6,7,4,2,8,0,1,6,4,4,7,3,1,5,1,0,1,6,8,6,6,7,0,8,5,7,2,0,7,4,0,4,8,4,8,8,5,2,0,6,4,3,4,0,8,1,8,5,2,4,7,3,1,8,5,5,3,3,2,9,0,2,5,1,2,6,4,5,1,4,2,0,4,6,0,5,5,0,2,4,5,5,9,3,3,7,8,4,1,2,0,2,9,4,0,4,6,4,1,8,6,6,7,2,1,1,1,1,3,0,2,3,1,3,2,3,0,1,4,2,3,1,1,1,3,0,9,5,7,4,2,1,9,3,2,1,6,5,1,1,5,4,2,2,7,2,3,3,7,3,2,3,6,0,5,3,1,3,1,0,0,1,2,4,3,1,0,3,1,3,6,1,3,2,3,2,4,1,1,3,5,2,4,4,0,1,1,3,4,8,5,4,0,3,5,0,1,8,1,3,7,8,1,1,4,4,3,9,6,2,3,4,6,0,1,9,5,1,3,2,9,2,5,2,2,2,0,0,0,2,2,2,3,6,2,4,1,4,2,2,2,3,2,5,3,5,0,7,1,0,5,6,1,6,3,4,2,2,1,3,2,2,1,1,1,5,8,1,3,4,3,6,0,2,1,4,1,4,5,1,0,3,4,0,1,2,1,5,5,1,2,1,3,0,1,1,1,6,0,2,3,1,0,2,8,1,2,4,7,0,4,1,4,5,2,1,2,1,6,6,2,0,1,1,7,3,1,1,4,0,1,4,1,3,5,1,0,4,1,0,2,1,5,2,3,1,0,0,2,3,1,5,5,2,3,2,1,5,1,4,1,0,2,3,1,6,2,0,0,4,1,3,2,1,4,0,2,2,1,0,1,1,0,1,1,1,0,2,5,2,2,2,6,2,1,1,3,5,6,2,1,2,0,3,2,1,0,0,5,4,2,1,5,1,2,1,0,2,1,4,1,1,1,2,1,4,0,4,1,1,1,3,1,1,2,1,1,4,0,0,2,1,2,2,2
2683eda7,1,1,4,1,3,2,1,3,2,2,6,4,1,4,3,4,3,2,3,5,2,3,7,3,5,5,2,1,3,2,4,2,3,3,8,2,5,1,3,3,3,2,2,4,2,4,0,3,1,3,4,2,3,1,2,2,0,4,4,5,1,4,5,4,2,3,4,1,5,5,1,3,3,0,4,3,1,3,3,5,3,2,5,3,3,2,1,4,8,4,2,4,3,5,5,2,4,4,3,1,3,3,4,3,2,2,2,5,5,3,3,7,0,2,5,6,3,5,3,0,2,5,4,2,2,1,3,3,0,1,2,1,3,2,1,4,3,3,6,4,4,4,4,3,4,1,0,3,2,2,2,5,3,3,2,5,0,3,3,2,1,0,3,4,4,1,4,5,1,3,3,3,4,3,0,3,2,1,4,3,4,3,4,0,2,5,2,2,3,2,5,3,4,0,4,3,3,3,5,3,5,3,1,3,2,2,3,2,3,5,3,3,6,1,2,3,4,2,3,2,2,2,3,4,1,3,5,3,4,4,3,4,3,2,2,4,2,4,3,2,4,2,2,1,1,4,3,5,4,3,5,4,3,4,3,3,4,2,6,4,5,3,5,3,2,6,4,1,5,4,7,2,3,2,4,3,2,2,3,2,4,5,4,2,2,2,5,4,2,3,3,0,3,3,3,2,3,5,2,1,1,2,2,3,2,2,1,1,3,2,4,3,2,2,2,3,2,3,4,5,1,2,3,3,2,3,1,4,3,4,2,2,2,5,3,3,1,2,1,4,3,3,2,5,2,3,4,3,4,4,3,3,7,1,3,3,1,5,3,4,3,0,2,5,2,2,3,5,3,3,3,1,4,2,3,2,1,3,2,2,6,3,1,1,4,3,5,2,3,4,2,3,2,1,2,2,4,2,3,2,2,1,3,3,1,1,1,4,3,3,1,3,4,2,3,5,2,1,4,3,3,3,1,6,3,3,2,5,2,1,2,2,2,3,3,1,2,2,2,3,4,2,4,2,2,1,3,1,2,3,3,2,1,1,1,3,3,4,3,3
5b847bb0,1,1,6,4,6,2,1,8,0,8,6,8,1,9,1,6,7,6,3,7,1,1,5,3,5,9,5,1,7,1,1,0,7,11,5,6,7,1,8,7,7,3,0,5,4,8,3,0,4,10,9,8,2,0,7,6,3,3,0,6,0,9,5,2,5,6,2,2,8,6,4,3,3,2,8,0,3,8,0,1,9,2,7,0,5,2,0,4,5,0,7,7,0,2,5,6,3,7,3,2,9,8,4,1,3,1,2,8,5,0,6,7,6,0,9,5,6,8,2,2,1,0,0,3,0,2,3,1,4,2,1,0,1,5,2,1,0,1,0,1,0,7,6,6,7,2,4,8,4,1,2,6,6,0,1,4,4,2,4,6,1,3,1,9,3,2,2,5,1,6,4,0,4,1,1,0,1,1,4,2,0,0,5,2,3,5,1,5,2,2,0,4,0,0,1,7,0,4,2,0,0,1,2,2,9,5,3,0,2,7,0,1,7,0,1,5,6,0,1,4,2,2,8,8,1,3,4,6,0,1,10,6,0,3,1,9,2,3,0,1,1,0,1,1,2,0,3,1,8,0,4,0,3,2,1,0,1,2,5,3,7,0,6,0,0,5,6,0,7,1,3,2,1,0,3,0,2,1,1,3,6,6,1,4,5,3,7,0,0,2,3,2,2,5,0,0,5,2,0,2,0,1,5,7,1,0,0,2,2,1,0,0,6,0,3,1,0,0,0,6,0,0,4,5,0,2,1,4,7,1,0,2,3,6,8,0,1,0,0,7,1,0,2,5,0,0,5,1,1,6,0,0,3,1,0,0,0,5,1,1,3,0,0,0,4,2,4,6,0,2,0,0,5,2,2,0,0,4,5,2,4,0,1,2,4,1,2,0,1,3,1,2,1,0,0,0,2,0,1,0,2,0,0,5,1,0,2,6,1,0,0,3,5,6,2,0,1,0,2,1,2,0,1,5,4,4,0,4,0,1,0,1,1,1,2,2,0,0,2,0,3,0,3,1,1,1,4,1,0,1,0,0,2,1,0,1,2,1,1,1
7ca196eb,4,4,3,4,4,7,6,3,3,5,2,4,4,4,3,3,4,4,6,4,2,4,4,2,5,3,6,2,4,4,3,3,6,4,2,5,4,2,4,4,2,5,2,5,3,4,1,4,0,4,3,2,6,2,7,2,5,3,3,3,3,5,3,5,4,3,2,4,4,2,2,3,3,7,4,2,2,3,1,2,3,3,4,2,4,4,4,5,1,4,4,5,2,4,3,6,3,4,2,5,3,5,2,2,2,2,1,5,3,3,3,2,2,3,4,2,3,4,1,4,3,3,3,2,0,6,3,2,2,3,4,3,2,7,5,3,3,2,1,1,4,2,4,2,2,4,3,3,3,2,1,2,5,4,4,3,5,2,2,4,4,7,2,4,2,3,3,4,4,3,3,2,4,1,2,1,2,1,4,2,1,2,1,3,2,2,2,2,0,1,1,4,2,3,1,3,3,1,2,2,2,2,4,2,5,1,3,2,2,3,2,2,4,3,1,2,3,2,3,3,3,1,4,3,3,2,3,1,1,3,5,4,1,7,4,4,2,1,2,2,1,2,3,2,6,2,4,1,3,2,3,1,4,2,1,2,1,4,2,2,3,2,4,2,2,2,3,3,2,2,0,1,2,3,1,3,1,1,0,1,2,2,2,2,3,3,3,0,3,1,3,1,3,1,2,1,1,2,3,1,2,2,2,3,1,1,3,2,2,2,1,2,2,1,5,1,3,1,1,2,2,2,3,1,2,2,1,4,3,1,1,3,3,3,3,2,5,2,2,3,4,0,1,3,3,3,1,0,1,3,1,1,2,3,0,1,2,2,3,1,1,2,2,1,0,1,3,2,2,3,1,1,3,1,2,1,2,2,5,1,5,2,3,2,1,1,2,1,0,0,1,2,1,0,1,2,0,3,1,2,1,0,2,1,3,2,2,2,1,0,1,0,3,2,2,0,5,1,0,0,1,1,1,3,1,2,3,0,1,3,2,2,1,0,1,1,1,2,2,0,0,1,0,1,1,2,2,0,3,2,1,0,1,2,3,0,1,0,1,2
83c06f3a,2,2,5,5,7,3,2,7,1,9,6,7,2,10,2,7,6,5,4,8,0,2,6,4,5,8,4,2,6,2,0,1,7,10,5,7,6,0,9,7,8,2,1,5,4,8,3,10,4,0,10,7,2,0,7,5,3,3,0,6,0,9,5,2,5,5,2,1,8,5,5,4,3,2,8,1,4,7,1,1,8,2,6,0,4,2,1,4,5,0,6,7,0,2,4,6,4,7,3,2,8,8,4,2,4,0,3,8,5,0,7,6,5,0,8,5,6,8,3,1,1,0,0,3,0,2,3,1,3,2,1,1,0,5,3,1,0,1,0,1,0,7,6,5,6,2,3,8,4,1,1,6,6,0,1,4,4,1,3,6,1,3,1,9,3,3,2,5,0,6,3,0,4,1,0,0,1,1,4,2,0,0,4,1,3,5,1,5,1,2,0,4,0,0,1,7,0,4,2,0,0,1,2,2,9,5,3,0,2,7,0,0,7,0,1,5,6,0,1,4,2,2,8,8,1,3,4,6,0,1,10,6,0,3,1,9,2,3,0,1,1,0,0,1,2,0,3,1,8,0,4,0,3,2,1,0,1,2,5,3,7,0,6,0,0,5,6,0,7,1,3,2,1,0,3,0,1,1,1,3,6,6,1,4,5,3,7,0,0,1,3,2,2,5,0,0,5,2,0,2,0,1,5,7,1,0,0,2,2,1,0,0,6,0,3,1,0,0,0,6,0,0,4,5,0,2,1,4,7,1,0,2,3,6,8,0,1,0,0,7,1,0,2,5,0,0,5,1,1,6,0,0,3,1,0,0,0,5,1,1,3,0,0,0,4,2,4,6,0,2,0,0,5,2,2,0,0,4,5,2,4,0,1,1,4,1,2,0,1,3,1,2,1,0,0,0,2,0,1,0,2,0,0,5,1,0,2,6,1,0,0,3,5,6,2,0,1,0,2,1,2,0,1,5,4,4,0,4,0,1,0,0,1,1,2,2,0,0,2,0,3,0,3,1,1,1,4,1,0,1,0,0,2,1,0,1,2,1,1,1
a47d6f3a,3,3,5,5,6,4,3,7,1,8,6,7,3,9,3,7,6,5,5,9,0,3,7,4,4,9,3,2,7,3,1,1,6,9,5,7,6,0,8,6,8,3,2,5,5,8,4,9,3,10,0,6,2,0,6,5,3,4,1,6,0,8,4,3,4,5,3,2,9,4,5,5,4,1,7,2,4,6,2,2,7,2,5,0,4,3,1,4,6,1,5,6,1,1,4,5,4,8,4,3,8,8,5,3,4,1,3,7,5,1,6,5,5,1,7,5,5,7,4,1,2,1,1,4,0,1,3,2,3,3,1,1,1,4,4,2,1,1,1,1,1,7,5,5,5,2,2,8,3,1,1,5,5,1,2,5,4,2,3,5,2,2,1,8,4,3,3,4,0,5,3,0,3,2,0,0,1,1,3,3,0,1,5,1,4,4,1,4,2,2,1,5,1,0,2,6,1,5,3,1,1,2,3,3,8,5,4,0,3,6,1,0,6,0,1,5,6,1,2,5,2,2,8,7,1,2,3,6,0,2,9,5,1,2,2,8,3,3,0,2,1,0,1,2,1,0,2,2,7,0,3,0,4,3,2,1,2,3,4,4,6,1,7,0,1,4,5,0,8,1,4,2,1,1,2,0,2,2,2,2,6,6,0,5,5,4,6,0,0,2,2,2,2,5,1,0,4,3,1,2,0,0,5,6,2,0,0,2,1,2,1,0,6,0,4,2,1,0,1,6,1,1,5,5,1,3,1,3,6,2,1,3,2,5,7,1,0,0,0,6,2,0,3,4,1,1,6,1,2,5,1,1,4,1,1,1,0,4,2,2,2,0,1,1,4,2,3,7,0,1,0,0,4,1,3,0,0,3,4,3,5,0,2,1,4,2,3,0,2,3,2,1,1,0,1,1,3,1,0,1,3,0,0,4,1,0,2,6,1,0,0,3,4,6,1,1,2,0,2,2,3,1,2,4,4,3,1,5,1,1,1,1,1,1,2,2,1,1,1,0,4,0,3,1,2,2,5,1,1,2,1,0,2,1,1,2,2,1,1,1
b561db50,1,1,5,4,6,2,0,7,1,5,5,5,1,6,0,5,6,6,3,4,1,1,2,3,4,6,5,2,6,1,1,1,4,8,3,4,4,2,7,7,6,2,2,3,4,5,2,8,2,7,6,0,1,1,5,7,2,3,1,4,1,6,5,2,5,7,1,2,5,7,2,2,3,3,6,0,2,8,2,2,8,1,5,0,5,3,2,3,4,0,8,6,1,2,5,6,2,6,3,2,6,5,3,1,3,2,3,5,4,0,4,6,6,0,6,3,3,6,3,2,1,0,0,2,1,3,3,0,3,3,1,0,2,5,0,1,1,2,0,1,0,6,6,6,8,0,5,7,5,2,2,6,6,1,0,5,3,3,6,4,2,3,1,6,2,2,0,3,1,7,5,0,5,0,2,0,2,1,6,3,1,0,5,2,4,4,1,6,4,3,0,2,0,0,1,8,0,4,2,1,1,1,1,4,8,3,2,0,1,5,1,1,5,1,1,6,6,0,1,4,3,2,5,7,1,3,6,7,0,1,7,7,0,4,0,6,3,2,0,2,1,0,1,2,3,1,4,1,6,0,2,0,2,2,0,0,1,2,4,4,5,0,3,0,0,3,4,0,5,1,2,2,2,0,4,0,2,1,2,4,4,5,2,5,5,3,6,0,1,2,4,1,3,6,1,0,5,1,1,3,1,3,5,5,2,0,0,2,3,1,1,0,6,0,2,1,0,0,0,4,1,1,3,3,0,1,2,5,7,2,0,3,3,4,6,1,1,0,0,5,0,1,3,4,0,0,5,1,1,4,0,1,2,1,0,1,0,4,1,2,4,1,0,0,3,2,2,4,0,2,1,2,3,2,2,1,0,4,4,3,2,0,2,2,3,1,1,1,1,2,1,3,1,0,0,1,3,1,1,1,3,0,0,5,0,1,1,4,0,0,1,3,5,6,2,1,0,1,2,1,2,0,3,4,5,3,0,3,0,0,1,1,2,1,1,3,0,0,3,0,2,1,2,0,1,1,2,1,0,2,2,1,2,2,0,1,1,0,0,0
b73f17f8,3,2,2,5,1,5,3,2,4,2,2,2,1,2,4,1,4,4,6,2,5,2,3,3,5,2,5,3,3,4,3,4,2,2,3,5,4,5,2,4,3,5,4,3,3,2,3,2,6,2,2,1,0,4,5,4,5,5,3,4,4,2,2,5,3,2,3,2,2,2,2,2,3,4,1,4,3,1,0,5,1,4,2,3,5,3,3,7,3,5,2,4,3,5,4,3,2,2,3,4,3,3,1,3,5,3,2,2,4,7,3,2,2,3,2,3,1,3,3,4,3,6,6,2,2,6,7,3,2,2,4,4,2,4,4,3,2,4,4,2,4,1,3,1,2,6,2,1,1,5,3,2,2,4,3,3,4,4,4,2,2,5,2,2,0,4,4,3,4,2,5,2,5,3,3,5,4,2,4,2,3,5,3,4,2,1,3,1,0,3,2,4,4,3,1,1,2,2,0,4,4,3,4,1,2,1,3,5,0,1,3,4,1,4,1,1,4,2,2,2,3,1,2,1,4,2,3,3,3,5,2,3,3,5,5,2,1,1,3,2,4,5,4,1,5,3,3,1,1,3,1,5,4,4,0,1,0,4,2,2,1,3,5,5,4,4,3,4,1,2,3,4,4,3,2,3,1,2,2,0,2,1,1,2,4,3,2,4,3,3,1,2,4,3,2,3,0,2,5,2,2,1,1,1,1,1,3,3,2,3,1,6,1,3,5,1,2,3,1,3,1,2,3,0,2,1,2,5,3,2,0,2,3,1,1,2,3,3,3,1,2,1,2,3,4,3,3,3,1,1,2,3,3,5,2,0,2,1,4,0,0,4,3,1,1,3,1,1,1,3,1,2,1,2,2,4,5,1,3,1,3,2,4,5,1,2,4,1,1,1,3,2,3,1,1,2,1,3,0,2,1,1,3,0,4,2,2,1,2,2,2,1,1,1,2,0,3,2,1,0,3,4,1,3,2,2,3,1,1,4,1,3,2,3,1,2,1,2,2,1,1,3,1,2,1,2,1,1,3,3,1,1,1,3,3,0,2,1,2,3
c4486bac,4,5,1,2,0,1,4,1,6,0,1,0,6,0,0,0,1,1,0,0,6,2,0,1,3,0,1,5,0,4,4,2,0,0,2,2,1,5,0,1,0,3,1,1,2,0,1,0,2,0,0,1,4,0,0,1,1,1,4,1,7,0,2,2,0,0,2,5,0,0,1,1,0,2,0,1,3,0,2,2,0,2,2,4,2,2,6,1,2,4,1,1,7,1,2,0,0,0,0,2,1,1,1,2,1,7,3,0,2,3,0,0,1,7,0,2,0,0,3,6,0,2,2,1,5,1,4,4,2,1,3,5,2,0,6,0,4,3,2,2,4,0,2,0,0,7,0,0,1,5,4,0,0,2,5,1,1,1,1,0,5,1,4,0,2,3,3,0,4,0,2,2,1,3,4,3,2,5,0,0,3,2,0,3,0,0,2,0,2,4,3,0,6,8,0,0,0,0,0,6,5,1,2,1,0,0,0,2,3,0,4,1,0,7,3,0,1,2,3,1,1,1,0,0,1,0,0,0,3,4,0,0,2,2,3,0,0,1,1,4,2,6,6,3,2,1,0,1,0,1,0,3,2,4,0,2,1,2,0,0,0,0,2,3,2,2,0,1,0,2,2,3,1,2,1,1,0,2,4,2,1,0,0,1,1,1,0,4,3,5,0,2,1,0,3,1,1,0,3,1,3,1,0,0,1,2,5,2,0,1,1,4,0,3,0,1,4,1,4,2,6,3,1,0,1,1,2,0,0,1,2,0,0,0,0,0,2,1,4,0,1,1,1,1,1,7,0,3,1,0,3,3,0,1,3,2,1,0,2,0,0,4,5,1,1,1,0,0,3,0,3,2,0,2,1,5,3,1,0,0,0,1,1,2,1,2,1,3,0,1,2,0,1,2,2,1,0,2,1,0,1,2,2,1,2,1,3,0,1,3,2,0,0,0,0,1,1,2,1,0,1,4,1,0,0,0,0,0,0,1,4,6,2,2,1,1,1,0,1,1,0,1,1,1,1,0,0,2,0,1,1,1,0,2,0,1,1,1,1,1
dd897ee7,2,2,3,3,4,4,2,4,1,5,4,5,1,6,3,4,6,6,5,4,1,1,5,2,5,5,7,1,4,3,1,2,6,7,3,6,6,0,6,8,5,3,1,5,2,6,2,7,7,7,6,5,5,0,0,3,7,3,1,4,1,8,4,3,7,5,1,1,7,3,3,2,4,5,6,1,3,6,0,3,5,3,4,1,6,1,1,8,3,1,4,7,0,3,2,9,2,6,6,5,5,6,5,2,6,0,3,7,5,2,6,3,3,1,6,3,4,7,3,1,4,2,2,4,0,6,3,2,1,3,3,1,1,9,3,3,2,2,1,1,1,4,4,3,4,3,5,6,5,3,0,4,8,2,2,4,7,3,4,4,3,6,2,7,4,3,3,6,1,5,2,2,6,1,1,1,2,2,6,2,1,1,4,2,3,4,3,5,1,4,1,5,1,1,2,6,2,5,3,1,1,3,5,2,8,3,3,2,2,5,1,1,6,1,1,4,5,1,2,7,4,2,7,6,4,1,5,5,0,2,8,7,1,5,3,6,2,2,2,2,0,0,1,2,6,2,6,2,5,2,4,1,5,2,1,1,1,3,3,4,5,1,3,2,2,3,3,3,4,1,1,0,3,2,2,2,1,3,0,2,4,4,1,5,7,5,5,0,3,0,4,3,3,5,2,0,3,3,1,3,2,1,4,5,0,1,2,1,2,4,0,1,4,1,6,1,1,0,1,3,1,2,4,2,0,2,0,7,5,2,1,5,6,4,5,2,2,1,2,4,3,0,4,3,1,1,4,0,1,4,1,0,3,5,0,1,2,3,1,1,3,2,0,1,2,1,3,4,1,5,1,1,3,1,1,1,2,4,7,1,6,2,4,3,3,2,3,1,0,1,2,3,3,0,1,1,2,1,1,1,1,0,2,2,3,2,1,4,1,0,1,2,4,4,1,0,3,0,1,0,4,1,2,4,3,4,2,1,1,4,0,0,0,0,1,1,1,1,4,0,0,0,1,1,0,1,4,0,2,4,0,0,0,2,2,0,1,0,1,1
f7036e1c,2,1,5,6,5,4,1,7,3,4,4,4,1,4,1,4,5,6,4,3,3,2,1,2,2,5,3,4,6,2,2,2,3,6,3,5,4,6,4,5,7,4,3,4,5,4,2,6,2,5,5,7,4,1,3,0,4,4,1,5,3,4,2,4,3,5,3,3,4,7,3,4,5,3,4,2,4,5,1,1,6,5,3,3,5,3,2,4,4,1,5,3,2,4,6,3,4,4,3,3,6,5,2,3,4,3,2,3,4,2,3,5,9,1,4,3,2,5,3,4,2,3,3,4,1,4,3,0,5,3,4,1,2,3,0,4,0,3,2,4,1,5,3,4,6,2,5,6,2,3,4,5,3,4,0,3,3,5,6,4,1,2,3,4,2,3,1,2,3,5,7,1,4,1,3,2,2,4,4,4,2,2,5,2,6,3,4,3,3,2,1,4,1,1,3,5,1,4,0,2,2,3,1,4,5,2,4,2,1,3,1,5,3,3,2,4,6,2,3,3,2,3,4,5,3,5,4,7,1,1,5,5,2,5,2,4,3,3,2,4,5,3,2,1,2,2,2,2,4,3,0,3,2,0,1,2,2,3,3,3,3,2,4,2,1,2,4,2,4,2,2,4,2,2,2,3,3,2,1,3,4,4,1,2,5,3,5,2,1,3,1,2,5,6,0,4,2,1,2,2,2,1,3,3,2,2,1,5,3,2,1,4,4,2,3,2,1,4,2,3,0,1,2,2,1,2,3,4,5,1,0,1,1,2,4,1,1,2,3,3,2,1,1,3,3,1,5,3,2,2,2,0,2,3,1,1,2,2,3,1,1,1,1,2,3,6,1,3,1,1,2,1,2,1,4,2,3,1,3,3,1,2,2,5,3,1,1,2,2,2,3,1,1,2,0,2,2,1,1,1,3,1,3,2,2,1,3,3,1,3,1,4,2,4,4,0,1,3,2,2,2,1,1,3,4,2,2,3,0,1,1,2,3,3,2,4,0,2,0,2,3,3,2,1,3,2,1,2,2,0,1,1,4,4,2,1,3,1,1,2
0c61c77c,3,2,2,4,1,4,4,3,2,2,2,2,1,2,3,2,4,5,4,1,2,3,2,0,2,2,4,2,3,3,2,4,3,3,2,4,4,2,2,5,2,4,3,3,4,3,0,3,5,3,3,2,5,1,7,4,0,4,3,2,2,4,1,3,5,3,3,2,4,0,3,4,6,6,4,4,4,4,0,4,2,5,1,2,5,3,2,6,1,2,1,3,0,3,1,7,2,3,7,7,3,4,4,3,7,0,3,3,4,5,4,0,6,1,2,3,3,3,3,4,6,4,5,4,1,7,3,3,4,5,7,3,2,6,2,5,2,5,1,2,2,2,1,2,2,3,5,4,3,4,1,1,5,3,4,2,8,5,3,3,4,5,4,3,4,3,2,4,3,3,4,3,3,0,4,4,4,3,3,3,3,4,3,5,5,4,4,4,1,4,1,6,2,3,4,3,4,6,3,1,1,5,5,4,4,1,3,5,2,3,2,5,3,2,2,2,3,3,4,7,4,3,4,3,6,1,2,3,1,3,4,4,4,4,3,2,4,3,3,2,2,4,2,4,7,3,4,2,2,3,3,3,4,3,3,2,1,3,0,3,2,3,2,3,4,1,0,6,2,3,1,2,5,4,2,4,3,5,0,1,4,2,1,4,6,6,2,1,4,0,2,6,5,3,2,2,2,3,4,5,4,2,3,3,1,3,3,3,3,6,1,5,3,2,6,1,3,2,1,2,2,5,3,2,2,1,2,4,1,3,1,5,4,2,3,3,2,3,4,1,5,1,5,1,4,1,3,1,2,1,2,0,2,8,0,1,3,1,3,1,2,5,1,2,3,5,1,3,2,3,2,4,2,1,2,4,4,4,5,2,4,3,5,7,3,2,4,2,1,1,5,3,5,3,2,2,1,2,0,4,2,1,3,0,6,3,3,3,2,2,2,2,2,3,2,0,6,2,1,0,4,2,2,1,2,4,3,0,1,6,3,1,2,1,2,3,1,2,3,1,1,2,1,2,2,2,4,1,4,3,1,1,1,4,3,0,3,1,2,3
0cd31129,2,1,1,2,2,3,4,1,1,2,1,1,1,4,5,0,6,0,6,4,1,3,4,3,2,3,1,2,5,4,3,5,1,3,2,4,4,2,5,2,4,6,6,2,6,4,4,3,3,3,4,3,5,1,3,4,4,0,4,4,1,2,3,4,6,5,5,2,3,3,3,5,6,4,3,4,4,2,2,7,1,6,0,1,2,5,0,3,5,3,2,3,3,5,1,3,2,6,5,4,2,2,3,3,3,2,2,3,2,6,5,3,4,2,3,2,4,3,4,2,4,7,7,5,1,5,5,3,3,4,5,1,3,1,2,7,1,4,4,3,3,3,3,3,3,2,3,2,3,2,2,3,3,3,3,6,5,6,3,5,2,5,4,2,2,2,4,6,1,3,4,0,3,3,1,4,4,2,5,5,4,6,2,3,5,4,1,5,3,3,3,7,4,0,5,2,3,4,3,3,4,3,4,6,4,1,6,4,2,0,2,5,2,1,2,3,6,3,4,3,4,2,2,1,3,4,5,3,1,5,3,3,5,4,4,4,4,3,3,3,5,4,2,3,4,3,3,4,1,2,3,3,5,4,3,3,3,4,2,5,0,3,6,3,3,5,4,1,2,2,5,3,5,3,5,2,5,3,3,1,0,2,3,6,2,5,2,2,2,3,4,1,5,2,1,2,0,5,5,3,1,3,1,0,2,1,0,3,3,4,3,5,2,1,3,4,3,2,3,3,2,4,1,2,2,4,2,4,4,6,1,4,1,1,1,5,1,2,2,2,4,2,3,1,5,2,3,3,4,0,3,3,4,3,2,2,1,1,5,4,1,1,3,3,0,4,3,2,1,3,1,4,1,1,5,3,3,2,1,4,3,1,3,3,1,4,5,1,4,1,4,5,3,2,1,4,3,3,1,6,3,0,2,2,3,3,1,0,1,2,2,2,2,2,4,2,5,1,1,3,4,4,3,2,2,3,4,4,3,3,4,2,3,3,2,3,3,4,3,1,4,3,2,0,4,2,3,1,5,3,4,2,3,1,3,3,1,1,1,2
1bf33a9a,3,4,0,1,0,3,4,0,4,0,2,0,3,0,5,0,0,1,3,1,1,5,2,0,1,2,1,2,3,3,5,2,0,0,3,0,0,2,0,2,0,6,4,0,4,0,4,0,3,0,1,1,3,4,1,1,3,4,0,0,2,0,1,4,1,0,3,4,1,1,0,4,3,4,0,5,3,0,2,4,0,3,1,1,0,4,3,2,2,6,0,3,4,3,0,1,2,1,2,5,0,0,2,2,1,3,2,0,1,4,1,2,2,3,0,1,1,0,3,4,3,6,5,3,3,3,3,5,3,4,5,5,4,1,4,4,4,7,4,1,6,0,2,0,1,3,2,0,1,2,0,0,1,3,6,2,2,5,0,1,5,2,4,0,2,2,3,1,3,0,1,4,0,3,4,3,1,2,1,4,4,5,1,1,3,1,1,2,4,1,2,3,5,2,2,0,3,2,2,6,4,2,4,4,0,0,3,4,3,1,4,2,1,2,0,0,0,3,6,4,0,2,0,0,3,2,0,0,2,4,0,2,4,2,4,0,2,1,1,2,2,6,4,4,5,2,2,2,1,1,2,2,4,4,2,4,2,4,1,2,1,4,3,3,4,2,0,3,2,2,4,4,2,4,2,3,2,3,4,2,0,0,2,3,0,4,1,4,3,1,1,2,3,0,5,2,1,2,5,1,3,2,0,0,5,0,3,2,1,2,3,5,0,2,3,2,4,3,3,1,6,5,1,0,2,1,3,1,0,2,2,3,2,0,0,1,3,2,4,0,6,0,3,0,3,4,1,2,1,2,3,2,1,2,3,2,1,0,5,2,0,4,4,1,0,2,0,1,2,0,1,2,0,2,2,5,2,2,1,2,3,2,4,4,1,3,3,1,3,1,4,1,1,2,3,3,1,3,1,3,2,1,1,1,4,0,0,0,1,0,2,1,0,0,1,3,5,3,1,1,2,4,2,2,0,1,3,1,1,2,6,3,2,2,0,1,1,2,2,0,1,2,0,2,4,4,2,1,4,3,3,0,1,3,4,1,1,0,1,2
220c11f1,0,1,6,5,5,1,0,6,2,5,4,5,0,7,2,4,6,4,3,7,2,0,5,4,3,6,2,2,4,1,1,3,5,6,6,5,6,2,6,3,6,2,1,7,2,8,5,6,3,6,6,4,4,1,4,5,2,4,0,0,3,6,4,1,4,4,2,0,6,6,4,1,3,1,7,1,3,3,1,3,5,5,4,3,3,1,1,6,6,0,4,4,1,3,6,3,3,7,3,1,7,8,3,1,3,1,2,7,4,1,4,7,3,2,6,6,4,7,2,1,2,2,2,3,1,2,5,0,3,2,4,1,1,3,1,3,1,1,2,5,0,6,4,5,5,2,0,6,2,4,3,6,3,2,0,4,3,2,4,6,1,2,4,5,1,2,2,6,1,6,4,2,3,1,1,2,3,3,4,3,2,1,4,1,3,6,3,2,2,3,3,4,2,2,3,3,2,4,3,1,2,2,2,3,6,4,4,2,2,4,0,3,6,3,4,4,9,2,2,2,3,3,6,4,2,4,4,5,1,2,7,5,2,3,3,7,2,5,4,2,4,2,1,0,1,4,3,3,5,4,3,3,4,2,1,2,3,1,6,4,4,1,6,2,1,6,7,2,5,4,5,3,4,2,4,3,2,2,1,1,5,5,1,2,3,2,7,2,3,2,4,1,5,4,1,2,3,5,1,2,3,1,3,4,1,3,2,5,1,2,1,3,4,2,1,4,2,2,3,6,1,2,3,5,0,4,2,4,6,3,1,2,1,5,5,3,0,2,3,6,2,2,1,5,1,2,5,3,4,4,2,0,5,3,0,2,2,5,3,3,1,1,1,3,4,3,5,4,3,4,3,2,4,1,5,2,2,2,2,1,5,3,0,2,5,2,4,3,2,5,1,3,3,2,0,1,2,0,1,1,1,1,4,5,2,3,2,4,3,3,2,3,4,4,3,1,1,1,4,2,2,1,0,6,4,3,1,6,1,2,1,1,3,3,5,2,1,1,2,2,5,2,5,2,1,1,2,2,1,2,1,2,3,1,0,2,2,3,3,3
2b114be3,5,5,2,3,1,2,3,2,7,0,1,0,6,0,2,1,1,2,1,0,5,3,0,2,3,0,2,8,0,3,3,3,1,0,1,2,1,7,0,1,1,4,3,2,2,1,1,0,3,0,0,1,4,7,1,3,2,1,2,3,0,1,0,2,2,1,1,6,1,2,2,1,3,4,1,2,5,0,1,2,1,4,1,4,3,2,5,3,1,3,2,0,7,1,4,1,0,1,2,4,1,2,2,2,2,8,1,1,2,3,1,1,2,7,0,1,0,2,5,7,3,2,2,4,1,4,4,4,1,1,5,6,0,2,5,2,2,1,3,3,2,1,1,0,1,5,2,2,2,8,3,2,1,5,3,1,3,3,3,1,4,2,5,0,2,3,1,2,3,2,3,2,3,1,4,4,3,5,2,2,2,2,1,4,3,2,3,0,2,2,4,2,5,8,3,1,1,2,1,6,5,3,4,2,1,0,2,3,2,0,1,2,1,11,2,1,3,5,5,3,3,3,1,1,2,1,2,2,3,4,1,2,3,5,6,0,1,3,4,6,2,6,6,3,2,4,2,2,0,4,0,4,4,2,1,3,1,1,1,2,0,1,1,3,4,2,1,2,0,2,2,2,2,5,1,2,1,5,2,0,1,1,0,0,2,1,2,5,2,4,1,3,3,2,2,2,0,2,4,1,4,0,0,0,0,2,4,3,1,4,0,4,0,2,0,4,7,2,5,1,6,3,1,0,1,1,1,2,1,2,1,1,0,0,0,3,2,1,4,0,2,2,0,2,2,8,1,2,2,0,3,3,1,4,1,1,3,0,3,2,0,4,7,2,1,2,2,0,3,2,2,2,0,2,2,4,3,0,0,0,1,3,0,3,2,2,2,2,2,1,3,1,1,3,1,0,1,1,0,0,0,1,3,0,2,3,4,0,2,3,3,1,0,0,1,1,1,1,1,1,2,5,1,1,1,1,0,1,1,2,3,8,1,3,3,1,1,0,0,2,2,2,1,2,0,0,0,1,0,0,0,2,0,1,0,0,1,2,2,1
37e103f8,1,1,5,3,5,2,1,6,0,7,7,8,1,8,1,7,5,5,3,6,0,1,6,4,6,7,4,1,5,1,0,0,9,9,6,5,7,0,7,7,6,2,0,7,3,8,4,9,5,9,8,6,2,0,8,4,4,2,0,6,1,0,6,2,6,4,1,1,10,4,4,2,4,3,8,0,3,8,0,1,7,3,7,1,5,2,0,5,6,0,5,7,0,2,5,7,4,7,4,3,7,8,5,1,3,0,3,10,6,0,6,5,4,1,9,6,7,10,2,1,2,0,0,4,0,3,3,1,2,3,2,0,0,6,2,2,1,1,0,1,0,6,5,4,5,2,3,8,6,2,0,6,7,1,1,3,5,1,3,6,2,4,2,10,5,2,2,7,0,6,4,1,5,1,0,1,1,2,4,3,1,0,4,1,4,7,2,4,1,2,1,5,0,1,2,8,1,5,3,0,0,2,3,2,9,5,3,0,2,8,0,1,9,1,1,5,6,1,2,5,3,2,9,9,2,2,5,5,1,1,10,7,0,4,2,8,2,3,1,2,0,0,0,1,3,1,4,2,7,1,5,0,4,2,1,1,1,2,5,3,8,0,5,0,0,6,5,1,6,3,3,1,1,1,3,1,0,2,0,2,7,7,2,4,5,4,7,1,1,0,3,2,3,5,1,0,6,3,0,2,1,1,5,7,1,1,1,2,3,2,1,0,5,0,3,1,1,0,1,5,1,1,4,4,0,2,0,4,6,1,1,3,3,7,7,1,1,0,1,6,2,1,2,6,0,1,4,0,1,6,0,0,4,2,0,1,2,6,1,1,4,0,0,2,4,1,4,5,1,3,2,0,6,3,2,0,0,5,5,1,5,1,1,1,4,1,2,1,0,3,1,2,1,0,0,0,2,0,1,0,3,0,1,4,1,1,1,7,1,0,0,4,6,5,1,1,1,0,3,0,2,0,1,5,4,4,0,3,0,1,0,0,0,0,2,1,0,0,2,1,2,0,2,1,0,1,4,0,0,1,0,0,1,1,0,0,3,2,1,1
473803c9,1,1,5,3,6,2,2,4,0,4,6,5,1,6,0,5,5,4,2,5,1,1,5,5,6,4,5,0,4,1,1,3,5,5,7,3,5,0,7,6,3,0,1,6,3,5,5,5,3,5,4,5,2,2,4,2,1,3,1,4,0,6,0,3,3,5,3,2,5,5,3,1,0,1,6,0,0,7,1,4,6,1,7,1,4,4,0,2,7,1,7,7,2,4,4,5,6,6,1,1,5,4,1,0,1,0,3,7,6,1,2,5,2,1,7,8,5,5,1,1,1,2,2,0,3,1,4,2,4,4,1,0,3,4,1,1,1,1,2,2,2,5,8,7,5,2,1,4,3,1,2,5,5,1,3,7,2,1,4,3,0,2,1,6,2,0,3,4,2,5,4,0,4,1,1,2,2,1,5,2,4,1,4,2,1,5,1,3,2,3,1,0,2,0,1,7,1,2,4,1,2,0,0,1,6,3,0,2,2,6,2,2,7,0,2,6,5,0,0,2,2,0,4,6,0,4,6,3,2,2,5,5,1,2,0,6,1,1,1,0,2,1,0,0,1,2,3,1,5,1,5,2,1,2,2,1,1,0,6,2,6,0,5,2,0,6,4,0,5,2,4,2,4,0,6,1,1,0,2,1,6,6,4,2,3,0,4,2,1,1,4,1,3,3,0,0,4,2,1,2,1,3,5,5,1,1,1,2,3,0,2,2,5,1,2,1,0,0,1,6,1,1,4,4,0,1,0,4,5,3,1,2,2,7,5,2,1,1,1,7,2,3,1,6,0,0,4,1,1,6,1,2,4,0,1,1,1,6,2,2,4,0,0,2,2,0,2,4,1,3,2,2,6,4,3,2,1,3,4,1,4,1,0,1,1,2,2,1,0,3,0,4,2,1,0,1,2,2,2,2,4,0,1,4,2,2,1,5,1,1,2,3,9,5,2,2,2,0,4,1,1,1,1,5,4,2,1,3,1,2,1,0,1,1,1,1,2,1,3,2,2,1,2,0,1,1,2,0,1,2,2,2,2,0,0,1,1,2,1,1
4788cb6b,5,4,3,5,4,8,5,3,3,2,5,2,4,2,3,3,3,3,4,3,1,6,5,1,6,4,5,3,5,3,3,1,2,2,4,5,3,5,2,4,2,3,5,3,6,2,4,2,5,2,3,2,5,2,3,4,3,4,4,1,2,2,3,0,2,4,5,5,3,4,1,5,5,4,2,2,0,2,2,3,3,3,4,3,5,6,2,3,3,4,4,4,4,7,3,3,4,3,3,5,2,2,2,3,1,3,1,2,5,6,2,2,4,3,2,3,1,1,3,4,2,5,5,3,1,4,2,5,2,2,1,1,2,4,3,5,3,2,3,1,5,3,4,2,2,4,3,3,0,2,1,2,4,5,4,6,2,3,4,1,2,3,1,2,2,2,4,1,2,1,3,1,4,4,2,2,3,2,3,2,3,5,2,4,3,0,1,1,4,1,1,4,2,1,3,3,2,2,3,3,3,2,2,3,2,0,2,2,3,3,4,3,2,2,0,3,1,3,2,3,3,0,2,3,3,2,3,2,2,5,2,1,2,5,3,2,2,0,2,5,3,2,2,2,3,0,1,1,3,1,2,2,2,5,4,3,2,4,2,2,2,2,5,3,2,1,1,1,3,1,3,2,1,3,2,2,3,1,2,1,2,3,1,3,5,3,1,1,1,2,1,2,1,2,1,2,0,3,3,1,1,2,2,2,3,1,0,1,1,2,2,3,2,0,5,1,2,2,2,3,1,2,4,1,3,2,1,3,1,2,1,2,1,2,2,3,2,1,1,2,4,0,3,2,6,2,2,1,1,2,2,4,3,1,3,2,2,1,2,1,0,1,2,2,1,2,0,3,0,2,1,2,2,1,2,2,2,1,4,2,4,1,3,1,0,2,2,1,1,0,2,2,2,2,1,4,2,3,1,4,2,0,1,0,2,2,3,2,0,2,0,1,2,2,2,1,4,2,0,2,2,3,3,1,1,2,4,1,3,2,2,2,1,1,0,1,3,5,2,1,1,1,0,0,3,2,4,0,4,2,2,0,2,2,4,1,1,0,0,1
52afb588,0,0,1,0,2,1,2,2,1,3,2,3,0,4,4,2,5,2,5,2,1,1,3,4,3,3,3,3,3,3,2,4,4,5,1,4,4,2,5,4,5,4,5,3,2,4,2,5,4,5,4,5,3,0,7,3,5,6,1,4,2,6,3,2,0,4,0,0,5,3,2,2,7,5,4,2,5,5,0,5,3,6,2,2,3,2,0,6,3,0,3,5,1,4,2,7,0,5,8,3,3,4,5,2,5,1,3,5,3,4,9,3,3,3,4,1,4,7,4,1,5,3,3,7,0,6,5,1,1,4,4,1,0,5,1,6,1,2,1,2,0,2,3,2,5,1,5,4,6,4,1,4,8,2,1,3,7,3,6,4,2,6,5,5,3,2,1,8,0,6,3,1,5,2,1,3,6,4,6,4,2,4,3,4,5,6,3,7,3,3,2,8,1,1,5,5,1,7,3,1,1,3,4,3,7,3,4,3,1,3,0,3,4,2,1,3,6,3,4,5,7,2,5,4,4,2,6,4,0,5,6,7,2,5,4,4,3,2,4,4,1,2,1,3,5,3,7,3,3,2,4,1,6,4,2,1,1,2,4,6,3,1,1,1,2,5,3,1,2,1,4,0,5,3,6,1,2,4,0,2,2,2,2,8,5,6,5,1,2,1,5,3,4,4,1,1,3,6,3,5,1,3,3,3,1,1,1,2,4,5,0,2,3,1,2,2,3,1,2,1,2,2,1,1,0,2,0,5,6,5,1,6,4,2,3,5,1,0,3,2,2,1,5,3,4,2,3,1,2,2,1,2,3,5,0,1,2,2,2,2,4,1,2,2,3,3,3,2,1,6,1,4,1,1,2,1,2,5,4,2,3,1,2,3,3,4,4,1,2,1,3,7,4,2,0,1,5,1,1,4,2,0,2,2,1,4,0,2,0,2,1,4,3,3,2,0,2,0,1,0,5,2,4,3,4,7,1,2,2,2,1,1,0,1,1,2,2,2,5,0,1,2,1,0,1,0,5,0,2,2,1,1,0,1,1,0,1,0,0,0
52c3244b,2,2,6,4,6,4,2,6,1,3,5,5,2,6,1,5,9,5,3,5,1,2,5,3,5,5,6,2,5,2,1,3,2,6,4,6,7,2,7,5,5,2,3,4,4,7,3,6,3,5,5,7,2,0,5,5,3,5,0,4,1,4,5,4,4,0,3,3,4,6,3,3,3,3,6,0,1,6,2,4,6,2,4,0,7,3,1,3,4,0,7,4,1,3,4,6,4,7,3,3,5,4,3,1,3,2,3,5,5,1,3,5,5,0,6,4,3,3,3,3,1,2,2,1,0,3,2,1,3,1,2,0,2,5,1,3,0,1,1,2,0,8,5,8,5,1,4,7,2,2,2,5,6,1,1,8,4,4,6,3,1,3,2,4,2,1,2,4,1,4,4,0,5,0,1,1,3,1,7,2,2,1,3,4,2,3,0,5,4,4,1,2,1,0,2,6,1,2,4,1,2,0,1,4,6,2,2,1,2,3,0,3,5,1,2,8,6,0,0,4,5,2,5,5,2,2,7,6,0,2,5,4,1,4,0,6,2,3,2,2,2,0,1,1,2,2,3,2,4,1,4,1,2,2,2,1,2,1,3,4,3,0,4,2,0,2,3,0,4,1,2,1,4,0,3,1,4,0,1,1,3,7,2,4,6,1,3,0,2,2,5,1,3,5,0,0,1,3,1,3,1,2,5,3,0,1,0,1,1,1,1,1,6,0,3,2,0,0,1,6,0,1,3,5,0,2,1,6,4,4,0,3,2,4,4,3,0,1,0,5,2,2,2,2,1,0,3,1,2,3,1,1,4,1,0,1,1,3,1,3,2,0,0,1,1,1,2,4,1,3,1,3,3,0,2,1,1,2,4,2,5,1,1,1,2,2,3,1,1,2,0,4,3,1,0,2,2,1,1,3,1,0,1,3,2,3,2,4,1,1,2,2,5,6,2,1,3,0,2,2,2,0,2,3,4,2,2,3,2,3,1,1,2,1,2,2,2,2,3,1,2,1,3,0,1,0,3,1,2,3,2,2,3,0,1,2,0,1,1,1
603cb947,3,2,2,3,4,4,3,2,0,2,2,1,2,3,1,1,3,1,2,4,2,4,3,1,3,3,1,0,4,2,2,1,1,2,3,3,2,3,3,2,2,2,3,3,5,3,4,2,2,2,3,1,3,2,1,3,3,5,3,2,1,1,3,5,0,3,0,3,2,3,3,6,2,1,4,5,0,2,4,5,2,3,1,3,1,4,1,0,3,6,2,2,2,5,0,2,4,4,2,3,2,2,2,5,2,2,1,2,2,5,0,2,4,2,2,4,2,0,1,3,2,6,7,2,3,1,2,3,3,2,3,1,5,1,3,4,3,3,7,5,5,3,3,4,2,4,1,2,2,1,3,1,1,4,4,5,1,3,0,4,3,2,1,1,3,3,8,1,3,2,2,2,0,6,2,3,1,1,1,3,3,5,2,3,2,2,3,1,3,2,4,2,5,2,5,1,6,2,6,3,5,5,1,5,2,1,5,2,4,2,6,4,2,1,3,2,2,3,2,2,2,2,1,1,2,5,1,1,3,4,2,0,4,1,3,3,6,3,2,2,7,4,3,2,1,3,1,4,2,4,2,7,1,4,6,5,6,5,1,3,1,5,7,5,2,3,2,4,3,3,4,5,2,3,3,5,5,2,6,3,2,2,3,1,1,3,1,3,2,4,3,2,3,0,4,4,2,2,4,1,4,5,2,2,3,5,3,3,4,2,5,6,3,2,3,4,2,4,3,6,2,4,3,5,5,6,4,1,1,3,3,1,1,3,3,4,3,4,1,3,5,2,2,1,4,2,3,4,6,1,4,5,3,1,6,4,2,2,4,5,3,1,2,6,2,5,3,5,3,2,4,2,3,4,5,5,2,1,3,5,3,3,3,2,2,1,4,4,3,1,3,2,2,3,3,5,3,4,4,4,3,2,3,3,3,2,5,2,2,4,2,1,3,3,7,4,5,4,1,5,1,2,2,1,1,1,5,4,3,2,4,3,4,4,3,3,3,5,1,3,5,3,3,1,5,3,2,2,4,3,5,2,5,4,4,5,2,2,2,3
7111d552,8,7,3,4,2,5,6,3,5,1,2,2,8,1,1,2,2,3,2,2,3,6,2,2,3,3,5,5,4,3,4,0,1,2,1,2,2,6,1,2,0,6,3,1,5,1,1,2,4,1,2,2,2,5,1,3,2,2,4,0,6,1,2,5,0,3,3,0,2,2,1,4,3,4,1,2,2,2,2,1,4,2,3,1,4,5,4,0,1,4,5,1,8,1,3,1,3,2,1,6,3,1,2,2,0,8,0,1,3,3,0,1,4,5,2,2,1,0,5,8,2,2,2,2,1,3,1,5,4,3,3,3,4,2,6,2,2,1,1,1,4,2,3,3,1,4,2,2,0,4,3,1,1,6,6,4,1,5,3,1,4,2,2,1,3,1,2,0,5,0,3,0,2,1,4,0,1,2,1,2,1,2,3,3,3,0,1,0,4,1,2,2,4,5,1,2,2,1,2,5,4,3,3,3,1,1,2,1,3,1,3,2,1,6,0,2,0,3,5,4,1,0,1,2,1,2,1,1,1,3,1,0,4,4,3,1,2,0,0,5,1,4,6,3,2,0,0,1,1,0,1,0,3,2,2,4,1,3,1,1,1,2,3,0,3,0,0,1,3,1,1,1,1,3,0,1,2,3,1,0,2,2,1,1,2,2,0,1,0,4,0,2,1,1,1,1,0,1,4,0,1,1,1,1,2,0,1,1,1,2,2,2,1,0,3,2,5,1,4,1,4,4,3,1,3,1,1,1,0,2,1,1,0,1,1,1,3,1,1,2,4,0,1,2,3,6,2,0,1,2,3,2,1,0,1,1,0,0,3,1,0,2,5,1,0,1,0,3,1,0,0,0,1,0,2,1,2,0,1,2,2,0,2,4,0,2,1,0,1,0,4,0,0,1,2,2,1,3,0,2,2,0,0,0,3,0,3,1,0,1,1,0,2,1,1,1,4,1,0,1,2,4,1,0,0,0,2,1,1,1,5,7,1,0,0,1,1,2,0,0,1,1,0,0,2,2,2,0,2,1,2,0,1,1,2,1,1,0,0,1
75645f0e,2,2,5,3,4,3,2,6,0,6,7,8,2,7,2,7,5,5,4,7,0,2,7,4,5,8,3,1,6,2,1,0,8,8,6,5,7,0,6,6,6,3,1,7,4,8,5,8,4,8,9,5,2,0,7,4,4,3,1,6,1,10,5,3,5,4,2,2,0,3,4,3,5,2,7,1,3,7,1,2,6,3,6,1,5,3,0,5,7,1,4,6,1,1,5,6,4,8,5,4,7,8,6,2,3,1,3,9,6,1,5,4,4,2,8,6,6,9,3,1,3,1,1,5,0,2,3,2,2,4,2,0,1,5,3,3,2,1,1,1,1,6,4,4,4,2,2,8,5,2,0,5,6,2,2,4,5,2,3,5,3,3,2,9,6,2,3,6,0,5,4,1,4,2,0,1,1,2,3,4,1,1,5,1,5,6,2,3,2,2,2,6,1,1,3,7,2,6,4,1,1,3,4,3,8,5,4,0,3,7,1,1,8,1,1,5,6,2,3,6,3,2,9,8,2,1,4,5,1,2,9,6,1,3,3,7,3,3,1,3,0,0,1,2,2,1,3,3,6,1,4,0,5,3,2,2,2,3,4,4,7,1,6,0,1,5,4,1,7,3,4,1,1,2,2,1,1,3,1,1,7,7,1,5,5,5,6,1,1,1,2,2,3,5,2,0,5,4,1,2,1,0,5,6,2,1,1,2,2,3,2,0,5,0,4,2,2,0,2,5,2,2,5,4,1,3,0,3,5,2,2,4,2,6,6,2,0,0,1,5,3,1,3,5,1,2,5,0,2,5,1,1,5,2,1,2,2,5,2,2,3,0,1,3,4,1,3,6,1,2,2,0,5,2,3,0,0,4,4,2,6,1,2,1,4,2,3,1,1,3,2,1,1,0,1,1,3,1,0,1,4,0,1,3,1,1,1,7,1,0,0,4,5,5,0,2,2,0,3,1,3,1,2,4,4,3,1,4,1,1,1,1,0,0,2,1,1,1,1,1,3,0,2,1,1,2,5,0,1,2,1,0,1,1,1,1,3,2,1,1
7cdda3bf,1,1,6,4,8,3,0,6,3,4,5,4,1,6,2,4,5,5,2,5,2,2,4,3,4,6,5,2,5,1,3,2,3,6,5,4,4,4,6,5,6,2,2,5,3,5,5,6,2,5,4,7,2,0,3,7,0,3,1,6,2,4,5,4,3,6,3,2,3,0,2,2,2,2,6,1,1,5,2,3,7,3,6,3,4,2,1,4,5,0,7,5,2,6,6,3,4,5,2,1,5,4,1,2,2,3,1,5,3,1,3,9,5,1,6,4,3,5,3,2,1,3,3,2,0,3,3,1,3,1,2,0,2,4,0,3,1,0,3,4,1,6,5,6,8,1,4,5,1,3,3,7,3,3,0,5,0,4,5,4,0,1,2,4,0,1,2,4,1,6,4,1,5,1,2,1,2,2,6,2,2,1,5,1,3,5,2,3,5,2,2,1,2,0,3,5,1,3,3,2,3,1,0,3,5,2,2,1,2,5,1,4,5,2,2,5,6,2,1,2,2,1,3,5,0,6,6,6,0,2,5,5,2,4,2,6,1,2,2,3,4,1,2,0,1,2,3,2,6,3,3,3,2,1,2,2,3,1,6,3,4,1,4,2,1,5,6,0,4,1,4,2,3,2,5,2,4,1,1,3,3,5,2,1,3,0,6,1,1,3,4,0,3,5,0,2,3,3,1,1,2,2,3,4,1,2,0,3,2,1,1,3,4,1,1,3,1,2,3,5,0,1,3,4,0,3,1,6,6,3,0,1,2,5,5,2,1,1,2,6,2,1,1,5,2,1,5,2,3,4,3,0,4,1,1,2,1,5,3,2,2,0,1,3,2,3,3,3,1,4,2,1,4,2,4,2,1,2,4,1,3,2,0,2,2,2,3,2,2,3,1,4,2,2,0,2,2,0,3,1,1,0,3,5,1,1,2,3,1,3,1,4,5,4,5,1,1,1,3,3,2,1,0,6,4,3,2,5,1,1,1,2,2,2,2,1,1,2,3,2,4,1,3,0,2,1,1,1,2,2,1,1,4,1,1,2,0,1,1,1
964dde35,2,2,5,4,4,2,2,3,2,4,2,3,2,6,4,3,5,3,2,5,2,3,4,4,1,3,1,4,3,3,0,4,3,4,4,5,5,1,6,3,4,2,1,5,4,5,1,4,2,5,5,2,2,1,3,3,3,3,0,4,2,4,3,1,2,3,3,1,4,2,0,3,1,1,4,2,6,3,5,1,2,4,2,3,3,3,2,2,3,1,2,3,0,1,2,2,4,5,1,2,4,4,2,3,4,0,5,5,2,0,3,2,4,0,5,4,5,3,2,2,2,1,1,3,4,1,3,2,4,1,3,3,3,1,3,2,2,3,3,3,1,4,2,3,1,3,2,3,4,1,3,4,2,0,1,2,5,2,1,5,2,3,3,4,3,6,4,3,2,1,3,3,1,2,2,3,1,2,2,4,3,1,2,3,4,3,2,1,1,4,3,2,1,1,3,3,3,2,4,0,1,1,3,3,4,4,4,3,2,2,1,2,4,2,3,5,5,2,0,2,2,4,5,3,3,3,2,2,4,0,4,2,1,2,2,5,1,4,5,1,3,1,0,1,1,4,1,5,2,4,2,4,3,0,3,2,2,3,2,1,2,2,4,4,1,3,3,2,2,2,2,4,2,1,2,3,2,1,3,0,3,4,1,2,3,2,1,4,4,1,2,3,5,3,2,3,2,1,0,2,4,2,3,3,3,4,2,4,1,1,3,2,2,3,1,4,1,3,1,3,1,1,3,4,3,3,3,2,2,1,3,0,1,3,2,3,1,4,1,3,2,3,0,1,0,0,1,3,3,3,1,2,1,2,2,2,3,2,2,3,1,2,1,2,3,1,3,1,4,2,3,3,3,4,4,3,2,0,1,1,2,3,1,1,1,1,1,4,2,4,0,1,2,3,1,3,1,1,3,1,2,4,2,3,3,4,3,2,3,2,4,1,3,2,2,4,2,3,4,2,0,1,2,2,2,0,2,3,4,4,1,1,3,4,3,1,4,2,1,3,4,3,2,2,0,3,1,2,1,2,3,4,3,2,1,3,1,3,3,2
bc6bd723,5,4,1,5,4,6,6,2,2,3,1,1,4,4,3,2,3,1,3,4,2,7,3,2,2,3,2,3,4,4,4,2,1,3,2,6,2,3,4,2,4,5,4,2,7,3,3,3,3,4,5,2,2,1,2,4,4,5,4,1,1,2,1,5,2,3,6,4,3,2,3,0,4,4,3,5,3,2,3,2,2,4,2,3,3,5,3,0,2,5,3,1,2,2,1,2,5,4,3,6,2,2,3,6,2,2,2,2,1,4,3,2,6,2,2,1,3,1,5,4,2,5,4,4,1,4,2,4,4,3,3,4,3,1,4,6,3,5,4,4,4,3,4,2,1,3,3,3,2,2,3,1,3,5,4,3,3,4,0,3,3,3,3,2,5,5,4,2,3,1,3,2,2,3,3,1,2,2,1,4,3,3,1,3,4,2,2,4,3,1,3,4,1,1,5,2,3,3,3,1,2,3,4,6,3,0,5,1,4,1,4,3,3,1,2,2,2,4,4,4,2,4,2,2,3,4,1,2,3,3,3,2,3,3,4,3,4,4,1,4,4,2,2,2,5,2,1,4,2,2,3,2,4,3,5,4,5,6,1,3,2,3,4,2,3,1,1,2,4,2,3,3,1,4,1,4,4,2,3,4,1,2,3,3,2,5,2,1,1,4,2,2,3,1,3,3,0,2,4,1,1,2,1,1,3,2,1,2,2,2,3,3,2,1,3,2,3,4,3,2,2,3,3,2,4,4,3,1,1,2,2,2,1,1,2,1,3,2,2,2,6,1,2,1,5,3,2,2,3,2,2,3,1,1,3,3,1,0,3,4,1,2,3,3,0,5,2,4,2,0,2,1,1,0,3,2,1,1,2,4,3,3,2,2,3,2,2,2,4,1,3,1,1,2,2,3,2,4,3,3,2,1,2,1,3,0,5,1,1,2,0,2,1,2,4,3,4,3,1,4,2,3,1,1,0,1,3,2,1,2,3,2,3,2,2,3,1,3,1,2,2,2,2,1,6,2,3,2,4,1,3,1,3,3,3,3,2,1,1,2
d97af612,3,2,2,2,1,4,4,3,2,2,3,2,2,2,4,3,2,2,5,2,1,4,3,1,3,3,2,4,3,4,3,3,3,3,1,2,3,4,1,3,3,5,7,1,5,3,3,3,3,3,4,3,3,0,4,5,6,6,3,3,3,4,0,5,7,3,2,3,5,2,1,4,0,6,3,4,4,2,2,4,3,6,1,2,3,4,1,4,4,2,1,1,3,4,3,4,1,3,8,6,2,3,6,3,4,3,2,3,4,6,7,2,5,4,2,1,3,5,5,3,6,5,5,7,0,7,2,2,2,5,5,1,2,4,1,8,2,3,2,2,2,3,0,0,2,0,5,5,3,4,1,4,5,5,2,3,5,6,5,4,3,4,5,3,4,1,1,6,1,3,3,1,4,2,1,3,4,4,4,5,2,6,3,3,8,5,3,4,4,2,3,10,2,1,6,3,3,7,2,3,3,5,4,6,3,2,5,3,2,2,1,4,3,3,1,2,3,4,6,6,5,2,4,4,5,2,4,4,0,5,4,4,4,6,4,2,4,3,4,6,2,3,2,4,5,2,4,4,2,2,3,1,5,5,3,3,2,3,3,5,2,3,3,1,3,3,2,2,3,3,5,1,3,4,3,2,3,5,1,1,2,3,1,6,5,7,4,1,2,2,2,3,4,4,2,2,2,7,4,3,1,2,1,2,3,1,1,3,3,6,2,3,1,1,4,3,4,2,3,1,3,4,1,1,2,2,1,4,2,4,2,5,2,1,2,5,1,1,3,1,4,0,5,2,6,3,3,1,3,1,2,2,4,5,1,2,2,1,4,2,1,1,3,3,3,4,2,3,1,4,1,3,1,0,4,1,3,4,2,3,4,1,4,4,3,4,5,1,3,1,5,4,3,2,1,3,4,2,0,5,3,0,2,1,2,3,0,2,1,2,0,3,0,1,2,1,4,1,0,1,5,3,4,2,2,6,3,3,3,2,3,2,1,1,2,2,3,4,3,0,3,2,1,1,3,2,6,0,4,2,2,0,1,2,3,1,3,1,1,2
efd2ec23,3,4,1,3,2,5,5,1,4,1,1,0,3,2,3,1,2,2,3,0,2,5,1,1,4,0,5,4,1,5,4,3,2,2,0,3,2,3,2,4,1,6,4,1,5,2,0,2,7,2,1,3,4,2,5,3,6,4,4,1,4,3,1,4,5,3,1,4,2,2,1,4,6,0,3,3,3,2,1,3,2,4,2,2,4,4,4,3,1,5,3,2,3,3,2,5,1,2,4,7,0,1,4,3,3,3,2,3,2,4,4,1,4,3,2,0,3,3,4,5,4,4,4,3,0,9,3,2,2,5,6,5,2,5,3,5,3,4,1,1,5,2,2,0,1,2,6,3,3,4,1,3,4,5,4,2,5,5,2,5,5,8,4,2,2,3,1,5,5,2,3,3,5,1,3,2,3,2,5,3,2,3,0,3,5,4,2,5,2,2,1,5,2,4,3,3,4,3,1,3,3,2,6,5,3,0,3,3,1,1,2,3,3,4,2,2,2,3,4,5,4,2,2,3,5,2,4,2,2,4,3,4,2,8,4,2,3,3,2,4,1,3,3,3,8,2,4,2,1,2,3,1,5,3,1,3,2,4,1,2,1,2,1,3,3,2,1,4,0,2,1,2,3,4,2,4,2,2,0,1,0,2,3,3,3,4,2,0,3,1,4,1,4,2,2,1,1,3,4,3,2,2,0,1,1,2,4,2,2,3,1,3,0,1,3,1,4,1,1,0,3,3,1,0,3,2,1,5,1,2,2,5,3,1,1,2,6,3,3,1,4,0,2,2,4,3,0,0,1,1,1,2,1,4,1,1,2,2,4,2,1,3,3,1,1,2,2,0,3,3,1,2,1,2,2,2,2,3,3,2,3,2,3,3,1,2,3,1,1,0,2,3,3,2,2,2,0,4,2,4,2,0,2,1,3,2,1,0,1,0,2,1,1,0,2,0,5,1,0,0,2,2,1,2,0,3,4,0,2,3,3,2,1,0,1,1,2,3,3,0,0,1,0,1,3,3,2,0,5,2,1,0,2,2,4,1,1,0,2,3
08aa9cd1,1,1,6,4,7,2,1,6,0,6,5,5,1,9,0,5,6,4,1,7,0,1,5,2,5,6,4,1,4,1,0,1,6,8,6,5,6,0,8,6,5,1,0,6,4,9,4,8,4,8,7,6,1,0,6,4,4,3,0,7,1,8,6,2,4,6,4,1,7,6,4,3,3,3,0,1,1,7,1,3,7,3,6,1,4,2,0,3,6,0,6,5,0,4,4,7,4,8,4,3,6,7,4,2,3,0,2,9,4,1,4,7,4,1,8,7,6,7,2,1,2,1,2,2,0,3,2,1,3,2,4,0,1,5,1,3,1,1,1,3,0,8,6,7,6,1,2,8,3,2,1,7,6,1,2,5,3,2,2,7,3,3,3,7,3,1,2,6,0,7,4,1,4,0,1,1,2,2,5,3,1,1,4,2,3,8,1,4,2,3,2,3,2,2,4,6,3,5,5,0,1,2,2,4,8,3,3,1,3,7,1,2,9,1,3,6,7,2,1,4,4,3,7,7,2,4,5,5,0,2,9,6,2,4,1,9,3,5,2,2,2,1,1,1,3,2,3,3,7,2,5,2,3,3,3,2,3,1,6,3,6,1,6,1,1,5,6,2,6,3,4,2,3,2,5,2,3,2,1,2,6,7,2,2,4,2,7,0,2,1,5,2,4,4,1,0,5,4,1,2,3,3,5,7,1,3,1,3,2,2,1,2,6,0,2,3,2,0,2,8,1,3,5,7,1,3,1,5,5,3,1,2,2,8,8,3,1,1,1,8,3,1,2,6,1,1,5,1,4,6,2,0,5,2,0,2,1,7,2,3,3,1,0,3,4,2,5,6,2,4,2,2,7,3,4,2,0,4,5,1,6,2,0,1,4,1,4,2,1,4,1,4,3,2,1,1,1,0,2,2,1,0,2,6,2,2,3,6,2,2,1,2,7,6,4,1,3,0,3,2,1,0,0,6,4,4,1,5,1,2,2,1,2,1,4,1,1,1,3,1,5,0,4,1,1,1,3,1,1,2,1,1,3,0,0,2,1,2,2,2
10dd88f9,3,3,0,2,1,4,4,0,3,1,0,0,2,1,7,1,0,1,5,2,5,5,2,2,1,1,1,2,2,4,5,4,0,0,0,1,0,3,1,1,2,5,7,0,4,0,3,0,2,1,2,0,4,1,1,2,4,4,5,1,2,0,0,2,2,0,5,2,1,1,2,5,4,3,1,0,3,1,4,6,0,3,0,2,0,3,3,2,2,5,0,1,2,3,1,2,2,1,4,4,0,0,1,6,4,3,3,0,0,6,3,1,2,3,0,1,1,1,4,3,6,6,7,3,3,4,4,2,4,4,5,4,5,1,4,4,4,6,5,2,4,0,0,1,2,2,2,0,1,3,3,1,0,5,4,1,2,5,1,1,3,2,2,0,3,3,4,2,3,2,3,4,1,4,3,6,3,2,2,4,1,8,3,3,5,3,3,1,2,0,5,4,5,2,5,0,6,4,3,5,5,5,3,5,0,0,6,6,4,1,4,4,0,2,2,0,1,4,4,3,2,3,0,0,2,2,1,1,2,5,0,2,5,2,5,0,4,1,2,2,3,6,5,3,3,3,2,4,0,3,1,5,5,4,4,2,2,4,1,2,0,8,3,2,5,3,1,5,1,2,4,4,4,5,3,3,3,4,5,1,1,0,2,2,0,4,1,4,2,5,0,2,3,1,6,4,1,3,7,2,2,3,1,1,4,2,4,4,4,4,4,6,1,5,3,3,4,4,2,2,4,4,2,1,5,2,4,2,1,4,4,3,1,1,1,3,3,4,4,0,4,1,3,2,5,3,3,4,5,1,4,3,3,4,4,2,1,1,6,2,2,3,4,4,1,5,1,3,1,1,1,2,1,4,4,4,3,2,2,3,2,2,3,5,1,5,6,1,6,0,5,3,2,2,6,2,3,4,1,4,2,3,3,0,3,0,2,1,2,3,1,2,1,1,4,3,5,3,1,2,3,3,1,2,2,3,3,2,2,2,4,4,3,4,1,2,2,2,1,1,3,4,1,3,5,5,2,3,4,2,3,1,1,3,4,3,2,1,2,3
1971591f,2,3,2,2,1,1,3,2,5,3,1,2,3,3,5,2,3,2,4,2,2,4,2,3,0,2,0,7,2,4,3,5,2,3,1,4,3,3,3,2,5,6,3,2,2,2,1,3,2,4,4,2,3,3,3,4,4,4,3,3,5,3,0,0,5,1,0,2,3,1,6,3,4,3,1,3,0,2,2,2,1,6,0,3,2,2,3,4,2,1,0,2,3,1,2,2,1,2,4,3,3,3,2,3,5,3,3,2,2,2,6,1,4,3,2,1,3,4,5,4,4,2,2,7,2,3,4,3,2,2,6,6,0,1,4,3,0,3,2,2,1,1,0,0,2,3,4,2,4,4,2,3,2,1,3,0,6,4,3,2,3,2,6,3,2,5,1,4,2,2,3,1,2,1,4,4,3,4,2,3,3,2,3,3,5,3,3,3,2,2,2,5,3,3,4,2,0,4,1,3,2,2,5,2,3,3,3,4,0,1,0,3,1,5,1,2,4,5,5,4,2,3,4,2,2,1,2,3,2,3,3,3,3,4,5,2,1,3,3,3,2,5,3,4,2,3,2,3,1,3,1,3,5,1,2,1,0,2,1,2,1,1,1,2,4,3,2,1,1,1,2,1,3,4,2,1,2,5,1,1,2,1,0,4,3,4,2,4,1,1,0,5,3,4,0,3,1,2,3,4,3,0,2,2,0,2,2,2,2,4,0,4,1,2,1,3,5,3,2,0,4,2,1,0,1,1,1,2,3,2,1,2,1,0,1,2,1,1,4,0,2,2,2,1,2,3,2,2,1,1,2,1,1,5,1,1,2,0,3,1,1,4,5,1,2,4,2,1,3,1,1,3,0,1,1,4,2,2,1,1,0,2,1,5,2,2,2,2,3,2,4,2,2,4,0,1,2,0,1,1,1,2,2,0,3,2,2,1,2,2,3,3,0,1,1,1,2,2,1,1,3,4,2,1,3,3,0,1,1,3,3,4,1,3,2,2,1,0,1,2,2,3,1,2,1,0,2,1,1,0,1,3,0,2,0,0,2,2,2,1
1cadaf34,1,1,5,3,5,2,1,6,0,5,6,7,1,6,0,6,6,6,3,4,1,1,4,4,5,6,5,1,6,1,1,1,6,8,5,4,6,1,7,7,5,2,1,5,3,5,3,8,3,7,6,8,1,0,6,5,4,2,0,3,0,8,7,2,5,6,2,2,7,5,3,2,2,2,7,1,2,0,0,3,7,1,7,0,6,3,0,3,5,0,7,7,0,3,5,8,4,6,4,2,6,5,3,2,4,1,3,7,5,1,4,5,5,0,8,6,5,7,2,2,2,0,1,2,0,2,3,1,3,3,2,0,1,5,1,1,0,1,0,0,0,5,6,7,8,1,4,6,5,1,1,5,7,0,2,4,4,2,5,3,2,3,1,8,4,1,1,4,1,7,7,0,5,0,2,2,3,1,5,3,1,1,6,4,3,6,1,5,2,2,0,2,1,1,2,9,1,5,4,0,0,2,1,1,8,3,1,1,1,8,1,3,7,0,0,6,5,1,1,4,4,1,6,8,1,2,6,5,1,2,7,7,1,3,0,6,3,1,0,1,0,1,2,2,2,1,4,1,6,0,4,1,2,2,2,0,0,1,4,3,7,1,3,0,1,4,3,1,5,1,2,1,3,1,5,0,2,2,0,2,7,6,3,4,5,2,5,1,0,1,3,3,3,5,0,0,6,1,2,4,1,3,7,7,1,1,0,1,5,2,1,1,7,0,3,0,1,0,0,5,0,1,5,4,1,0,0,4,6,3,0,3,3,7,7,2,1,0,0,5,1,2,3,6,1,0,5,0,1,5,1,1,4,2,0,0,1,6,1,1,6,1,0,2,4,2,1,5,0,2,1,2,6,4,1,1,0,5,6,2,3,0,1,3,2,1,2,0,0,2,2,4,2,1,1,0,3,1,1,2,4,0,0,3,1,1,2,7,0,1,1,4,8,7,2,1,2,0,3,0,2,0,2,4,6,4,0,2,0,1,1,2,0,0,0,2,0,0,2,1,2,1,1,0,0,1,3,0,0,1,1,1,1,1,0,0,2,1,0,0
3ca7254a,4,4,4,2,4,4,3,2,3,2,1,1,5,2,3,3,1,2,3,4,3,5,3,2,1,1,1,2,1,4,3,3,1,0,1,1,1,1,2,1,1,1,3,2,3,1,3,0,1,1,2,2,0,2,0,1,0,2,2,1,1,0,1,2,0,2,4,2,1,2,5,3,2,1,1,4,2,0,0,2,1,1,0,4,1,4,6,0,2,3,1,0,3,1,2,0,2,2,1,2,0,1,2,5,2,3,4,1,1,1,1,1,1,2,1,1,1,0,3,1,2,2,2,1,6,1,0,1,1,1,1,1,6,2,3,2,6,3,4,4,3,2,0,1,0,1,1,1,3,1,4,3,0,3,2,3,0,3,1,2,4,1,2,0,4,4,5,1,2,0,0,4,1,4,1,1,0,1,2,3,2,2,2,0,4,1,3,0,4,3,6,1,3,1,3,1,5,1,5,3,5,3,1,6,0,2,4,1,4,0,5,1,1,1,4,3,1,2,1,2,1,2,1,1,1,2,2,1,3,1,0,0,2,2,1,1,3,2,3,3,3,0,2,2,1,3,1,7,0,3,1,3,2,2,3,3,5,4,1,2,0,4,2,2,1,1,1,2,1,3,2,2,1,1,1,3,2,1,5,3,0,2,2,2,1,3,0,2,5,4,2,0,2,2,6,3,2,2,1,1,3,4,1,1,4,5,3,2,2,1,6,1,0,4,1,4,1,3,3,1,2,3,2,2,5,5,4,2,0,2,6,1,1,1,0,3,2,4,1,1,2,2,2,0,1,2,1,4,6,1,3,3,2,0,5,6,1,1,2,4,2,1,1,5,1,1,2,2,5,2,5,2,1,2,4,2,1,1,0,3,2,2,3,0,1,2,2,6,3,2,1,1,1,1,4,5,3,3,5,2,2,5,3,3,1,2,1,0,2,3,2,0,1,0,3,6,2,4,2,3,1,1,3,1,1,0,3,3,4,1,3,1,4,3,2,1,4,3,2,2,3,3,2,1,2,3,1,3,2,4,6,3,2,3,2,6,1,2,2,2
6597f8b6,1,2,2,0,2,3,3,1,2,0,2,1,1,2,5,1,4,2,5,3,3,2,4,3,4,2,3,1,2,4,4,6,0,1,3,2,3,2,3,3,2,4,6,2,3,2,5,1,2,1,2,2,5,2,3,1,4,7,4,3,2,1,4,3,5,4,5,1,2,3,1,2,4,3,3,6,2,3,2,0,1,3,1,1,2,4,1,4,5,4,2,4,3,5,2,5,1,4,6,3,1,1,3,4,5,3,2,2,3,7,4,3,1,3,2,4,2,2,4,2,6,8,9,3,1,4,7,3,1,4,5,3,3,3,3,5,2,3,6,2,3,2,3,4,4,3,3,1,1,4,1,3,3,3,5,6,4,5,4,1,3,3,3,1,1,1,5,5,1,4,3,1,3,3,3,6,6,1,6,3,4,7,4,5,3,5,2,4,4,3,4,4,7,2,5,2,4,5,5,5,6,3,3,3,2,1,2,6,1,2,4,5,2,2,1,3,4,4,3,4,5,0,1,1,1,2,5,2,1,8,1,4,5,2,5,2,3,1,3,2,3,5,5,4,3,4,5,3,1,3,4,6,5,7,4,2,2,2,3,5,1,4,4,5,5,6,2,2,2,1,7,2,8,5,7,2,5,4,3,0,2,2,2,5,2,2,2,3,3,3,4,2,4,2,3,1,2,6,7,5,3,3,3,2,1,2,2,1,3,5,2,7,3,2,3,3,4,1,3,5,3,4,3,3,2,2,0,5,3,8,1,6,3,3,2,6,1,2,3,2,4,2,5,3,5,3,4,2,4,1,5,4,6,5,3,2,1,3,6,3,3,3,4,4,2,3,1,3,1,4,1,5,2,3,3,6,2,4,4,2,5,2,3,4,1,5,9,1,3,2,4,7,5,3,3,3,4,3,1,6,2,0,3,2,3,3,1,2,2,3,3,3,4,3,3,2,6,0,2,2,5,4,3,4,4,5,4,4,3,4,4,4,1,2,1,1,3,3,4,1,4,2,2,1,2,2,4,0,5,5,3,2,1,1,3,2,0,1,2,2
6f3cc2fe,2,2,7,5,7,3,1,9,1,7,7,7,2,7,0,7,5,7,2,6,1,2,4,3,6,8,7,1,6,0,1,0,6,9,5,4,5,2,6,7,5,1,1,4,4,6,3,9,3,8,7,8,1,0,5,6,2,1,0,5,1,7,6,3,3,6,2,4,6,7,2,2,3,2,7,0,1,7,1,1,0,0,7,0,5,3,1,3,4,0,9,6,2,2,6,5,4,5,2,2,9,7,3,0,2,2,1,6,7,0,4,7,6,0,7,6,4,6,2,3,2,0,0,1,1,2,2,1,5,3,0,0,2,6,1,0,0,0,0,2,0,7,7,7,7,1,4,8,2,2,3,6,5,2,2,6,2,2,6,4,0,1,0,7,2,0,1,3,2,6,3,0,4,0,2,0,1,0,4,1,1,0,6,2,3,4,2,4,3,1,0,2,0,0,0,7,0,3,2,1,1,1,0,2,7,5,1,1,2,7,1,1,6,1,1,5,4,0,1,4,1,1,6,8,0,4,4,6,0,1,8,5,0,3,0,7,2,2,0,1,1,0,1,1,1,0,3,0,8,0,4,0,1,2,1,0,1,0,6,3,7,0,5,0,0,4,5,0,8,1,3,2,2,0,3,0,2,1,1,3,7,6,1,2,5,1,7,0,0,2,3,2,1,5,0,0,5,2,0,2,0,1,5,7,1,0,0,2,2,1,0,0,6,0,3,1,0,0,0,6,0,0,4,5,0,1,1,4,6,1,0,2,3,6,8,0,1,0,0,8,1,0,2,6,0,0,6,1,1,7,0,0,3,1,0,0,0,5,1,1,3,0,0,0,4,2,3,7,0,2,0,0,5,2,2,0,0,4,5,2,4,0,1,3,4,1,2,0,1,3,1,2,1,0,0,0,2,0,1,0,2,0,0,5,1,0,2,6,1,0,0,3,6,6,2,0,1,0,2,1,2,0,1,5,4,4,0,4,0,1,0,1,1,1,2,2,0,0,2,0,3,0,3,1,1,1,4,1,0,1,0,0,2,1,0,1,2,1,1,1
74618572,2,1,2,2,2,2,2,1,3,1,0,1,1,3,3,0,4,1,3,2,2,2,2,2,0,1,0,5,2,2,2,4,2,2,2,4,4,6,3,1,4,6,4,5,3,4,2,2,3,2,2,1,4,2,3,5,5,6,3,5,4,3,1,3,6,2,3,2,3,3,4,4,6,4,3,3,6,1,1,3,0,0,0,4,2,2,1,4,3,1,0,1,2,5,2,2,3,4,5,5,2,3,2,3,3,2,2,4,1,4,5,2,5,4,3,2,4,4,4,4,3,5,5,8,1,5,4,2,3,3,8,3,2,1,2,8,1,4,3,5,1,2,0,1,1,4,3,2,3,5,2,3,3,4,2,1,5,6,3,5,3,4,8,2,2,4,3,6,2,2,4,2,2,3,4,3,4,7,3,4,4,4,1,3,5,5,4,2,5,3,3,7,3,3,7,1,3,5,2,2,2,3,5,5,3,1,5,3,1,0,1,6,3,4,3,2,6,5,5,4,4,3,3,1,5,4,3,2,1,3,3,3,5,4,6,3,2,4,5,6,5,5,2,1,4,4,2,4,0,5,2,4,6,2,4,5,3,4,3,2,0,2,3,3,3,4,3,3,0,4,4,2,4,5,4,5,3,4,0,1,1,2,2,4,3,6,2,3,3,1,2,4,6,2,1,4,0,5,4,2,5,3,0,0,2,4,2,4,2,3,2,7,0,2,1,4,4,4,5,1,3,5,0,1,1,4,2,3,2,3,1,2,0,1,0,4,1,3,6,1,6,2,2,1,5,3,1,2,3,0,4,1,2,4,1,3,3,1,4,2,0,3,3,4,2,5,3,0,3,4,4,4,1,0,4,5,3,1,1,1,2,4,1,5,2,2,3,4,2,2,4,4,4,6,0,3,2,1,2,4,1,1,5,1,5,4,2,0,2,5,3,3,1,0,4,1,3,3,2,2,2,3,1,2,1,3,3,2,2,3,4,2,3,2,3,2,2,4,3,3,2,3,2,1,3,1,2,1,4,1,2,2,3,3,2,1,2,2,2,3
79443529,2,2,6,4,5,3,3,6,2,5,7,7,2,6,1,6,4,5,1,5,3,3,6,4,7,7,6,1,5,2,4,1,6,7,7,4,6,2,5,5,3,2,0,5,3,5,5,7,4,6,5,5,2,2,4,3,1,0,1,4,1,7,7,4,2,4,1,3,6,6,2,2,1,2,6,0,0,7,0,1,7,0,0,3,6,3,1,3,6,1,7,6,1,3,7,4,4,4,1,2,6,5,2,1,1,2,3,7,5,1,3,7,3,2,8,6,5,6,2,3,0,0,0,0,1,2,3,3,4,2,0,1,2,4,2,0,3,0,0,0,3,5,6,5,6,2,2,5,2,2,3,5,4,1,2,3,1,1,3,3,1,2,0,7,2,1,1,4,3,4,5,1,5,0,2,1,2,1,3,1,1,0,4,3,1,5,0,2,2,2,0,1,0,1,0,6,0,2,3,0,0,0,1,0,5,3,0,0,3,8,1,2,7,1,1,4,3,1,0,2,2,0,5,7,0,2,4,3,2,2,6,4,0,3,1,6,0,1,0,1,0,0,2,0,2,0,2,0,7,0,5,0,2,3,1,0,0,1,5,1,7,0,4,0,1,5,4,0,5,2,3,1,1,1,3,0,1,0,1,1,6,6,2,1,3,0,5,1,0,3,2,1,1,3,0,0,5,2,1,1,0,1,4,6,1,0,1,2,2,0,1,0,4,1,2,0,1,0,0,5,1,0,5,4,1,0,0,3,4,1,1,1,2,7,6,0,2,0,1,6,1,1,1,7,1,1,3,0,0,6,0,1,4,0,0,0,1,6,1,0,3,1,1,1,3,0,2,4,0,2,1,0,6,3,2,0,1,4,4,0,4,0,0,1,2,2,2,0,0,3,0,2,1,0,0,0,1,2,1,0,3,0,0,4,1,0,2,6,1,0,0,3,6,4,1,1,1,0,3,0,1,1,0,5,3,3,0,3,0,1,0,2,0,0,1,0,1,0,2,1,2,0,2,1,1,1,3,0,0,1,0,0,1,0,0,0,2,2,1,1
7dcf86f6,1,2,2,2,1,2,2,1,5,0,1,0,2,0,2,0,1,1,1,0,6,4,1,3,1,1,1,3,1,5,6,3,1,0,2,3,1,4,0,0,2,2,1,3,1,1,3,0,2,0,0,0,3,4,1,3,2,1,1,3,4,1,1,3,2,0,3,1,1,3,3,3,2,2,1,2,3,0,4,1,0,4,3,0,2,2,4,4,2,3,1,1,3,3,3,1,1,1,2,2,1,2,2,6,3,3,3,1,1,2,1,2,2,5,0,1,0,2,2,2,2,2,2,3,6,3,3,2,2,2,3,2,3,1,2,3,7,2,4,7,5,0,1,0,2,4,1,1,3,4,7,2,1,5,2,0,2,1,2,2,4,3,4,0,3,5,4,2,5,2,3,6,2,4,3,2,3,6,1,4,2,1,2,2,3,2,7,0,1,3,5,2,2,4,4,0,3,2,5,2,3,4,2,2,1,2,4,2,5,1,5,3,1,4,5,1,3,5,2,1,4,3,2,0,3,3,1,1,4,2,1,2,1,4,4,0,3,3,4,5,5,2,3,0,2,5,3,6,1,6,0,5,3,1,2,3,5,4,1,3,0,3,0,3,2,1,1,4,0,3,1,2,2,4,1,5,1,2,3,3,1,0,1,0,1,2,2,3,4,5,2,1,4,2,4,6,1,2,2,2,4,2,1,1,1,7,6,5,3,2,2,3,0,6,0,3,3,6,4,0,2,1,2,1,4,5,3,1,1,1,6,1,1,0,0,3,3,3,6,0,2,2,0,2,3,4,1,5,5,1,3,3,1,3,5,5,4,0,1,3,2,2,2,6,2,4,2,1,6,3,6,1,0,1,4,2,4,0,1,2,1,4,1,2,3,2,1,7,2,2,1,1,1,2,2,3,3,4,5,0,2,5,6,1,1,3,4,0,2,5,2,2,0,0,4,2,0,5,1,2,1,2,1,1,2,1,2,2,1,1,0,2,2,4,3,2,2,2,0,3,2,5,2,2,3,1,0,3,1,1,3,3,2,4,2,3,2,2,2,2
9c36ed83,4,3,6,6,4,5,3,6,3,2,5,5,3,4,1,5,7,7,2,3,3,3,5,3,7,4,8,4,3,3,2,2,3,5,5,7,8,4,4,6,3,3,2,5,4,4,3,5,4,4,4,5,5,2,6,5,5,2,0,3,3,5,4,5,3,7,1,4,5,4,3,3,3,4,4,0,2,6,1,2,5,2,6,2,0,3,3,5,4,1,6,3,2,2,7,5,3,4,4,5,5,4,3,2,5,3,5,5,7,3,3,3,5,1,6,5,3,4,5,5,1,1,1,1,1,5,3,3,3,0,2,2,1,6,2,2,1,2,0,1,1,5,4,4,3,3,4,5,2,5,3,4,5,2,2,5,4,4,6,1,2,3,2,5,3,3,1,4,3,2,6,1,8,0,3,3,4,2,5,1,3,1,4,5,2,3,1,3,3,5,0,2,0,2,1,6,0,3,2,1,1,1,3,2,4,1,1,2,1,4,1,4,5,3,1,5,4,1,0,5,4,2,4,6,4,0,6,5,3,3,4,3,1,5,1,4,0,2,2,3,1,1,2,1,4,1,2,1,3,1,4,1,3,3,1,0,0,2,2,2,4,0,2,2,2,2,1,2,3,2,1,1,3,1,1,1,2,1,0,0,5,6,1,3,8,2,2,2,2,2,2,3,2,5,0,1,2,2,1,3,1,0,3,3,0,1,1,1,1,2,1,1,3,1,4,0,1,1,0,3,0,1,5,2,1,0,1,6,2,2,0,2,3,4,3,1,1,1,1,3,1,2,3,4,2,1,3,1,0,3,0,1,4,3,0,0,3,3,0,0,2,3,1,1,2,1,0,3,1,3,2,2,3,1,0,1,3,3,4,0,4,1,2,3,2,2,2,1,0,2,1,2,4,1,0,1,1,1,0,1,1,1,1,1,3,2,3,4,1,1,1,2,4,3,0,1,2,1,3,0,3,2,1,2,2,2,1,1,1,4,0,2,1,1,1,1,1,1,3,2,0,1,2,1,0,0,3,1,1,3,0,1,0,1,1,0,2,2,1,1
9e1035f8,6,4,5,5,4,6,6,4,2,3,4,3,5,2,2,4,2,4,4,4,1,7,2,3,4,3,3,2,5,2,3,3,3,2,3,2,1,3,3,4,1,4,5,3,8,2,2,2,4,2,3,3,3,2,1,3,3,5,4,1,2,2,4,6,2,3,4,5,3,2,3,5,4,4,2,3,2,3,4,4,3,2,3,2,3,0,3,0,3,4,5,4,4,2,4,2,3,4,2,6,2,3,1,2,0,3,0,2,3,5,1,1,5,2,2,3,3,1,4,5,2,4,4,2,2,4,5,5,4,5,2,2,2,3,3,3,2,3,2,0,4,3,5,3,2,3,2,3,1,3,1,3,2,4,5,5,3,4,2,2,2,3,1,2,2,1,3,1,2,2,4,0,2,2,2,2,3,0,2,5,2,4,3,4,6,2,0,2,3,0,2,3,2,1,2,4,2,3,4,3,3,2,3,4,3,2,2,2,2,2,3,2,2,2,0,5,2,4,3,4,2,0,3,3,1,2,2,2,2,4,2,2,3,4,3,2,3,0,0,3,2,3,2,2,3,1,1,2,2,0,2,1,3,4,3,2,1,3,1,2,2,2,5,1,3,3,1,1,3,1,4,3,2,3,4,1,2,2,2,0,2,3,2,3,2,3,1,1,0,2,1,2,3,3,1,2,1,2,5,3,0,2,4,3,3,1,0,2,2,2,2,3,3,0,3,1,3,2,1,3,2,3,5,2,4,1,1,1,2,3,2,3,0,2,2,2,2,1,1,2,4,1,2,2,4,2,2,1,1,3,1,4,1,1,3,2,0,1,4,2,1,2,3,1,1,2,0,2,1,0,0,2,2,2,3,2,1,1,1,3,2,0,2,2,0,2,2,1,2,2,3,2,1,1,1,3,2,4,1,4,4,1,0,1,3,1,2,2,0,0,1,2,3,3,1,1,4,2,1,1,2,4,2,1,3,1,2,2,1,2,3,2,1,1,0,2,1,2,1,0,2,3,0,0,3,3,3,0,3,1,4,2,2,1,2,1,1,0,0,1
ae44e8e2,5,7,3,4,3,5,4,3,8,2,1,1,7,1,2,3,1,4,3,2,6,5,1,2,2,0,3,6,0,5,5,4,1,0,1,3,1,4,1,2,1,3,2,2,2,0,1,0,4,1,1,2,3,6,1,2,2,0,3,1,5,0,0,2,0,1,1,4,0,1,2,3,1,4,0,3,3,0,6,1,1,1,1,4,3,3,0,2,0,4,2,1,5,0,4,1,1,0,0,3,1,2,0,5,3,5,3,0,2,1,1,0,2,4,0,1,0,0,3,4,1,1,1,0,4,3,3,1,1,1,3,5,3,3,6,0,5,4,2,3,4,1,1,0,0,5,2,1,2,3,4,1,0,5,4,1,2,2,2,0,5,2,3,0,3,6,3,0,5,0,2,4,2,2,4,1,2,3,2,0,2,0,0,2,1,0,4,0,2,2,3,0,4,5,1,1,2,0,1,5,6,1,2,3,0,0,1,2,3,0,5,1,0,5,3,1,1,1,1,2,1,2,0,1,1,0,1,1,3,2,0,1,0,3,2,0,1,2,1,4,2,2,5,2,3,3,1,2,0,3,0,3,2,2,1,0,2,4,0,0,0,2,0,2,2,0,0,3,0,3,0,1,2,2,0,3,0,0,2,3,1,1,1,1,2,2,0,1,4,4,0,1,2,1,4,2,1,0,2,1,3,2,0,0,1,3,5,1,1,0,2,2,0,4,1,0,2,2,2,0,2,1,1,0,2,2,3,2,0,0,2,1,1,0,0,0,4,3,3,0,1,2,1,1,1,4,0,3,2,0,3,2,0,2,2,3,1,0,2,1,1,4,2,2,1,2,1,1,4,0,4,2,0,0,0,3,1,1,1,1,1,3,2,2,2,0,1,4,1,1,0,0,1,1,4,1,1,3,2,0,0,3,4,1,2,1,4,0,3,4,2,0,0,0,1,2,2,3,1,1,0,1,1,1,0,0,1,0,0,2,2,3,3,2,2,2,0,0,1,2,0,2,2,3,1,1,0,3,1,2,2,2,0,4,1,2,2,2,3,3
c0b3669f,1,1,3,3,2,3,1,4,4,3,4,4,0,3,5,3,5,6,6,3,3,1,5,3,3,5,5,2,4,3,3,4,4,4,4,5,5,2,3,5,5,3,2,5,0,4,4,4,5,4,4,3,7,1,8,4,6,3,2,6,3,5,2,3,6,3,0,0,5,4,2,0,4,3,3,2,4,3,0,4,3,4,3,4,5,0,2,0,3,1,2,6,1,4,4,6,1,4,6,3,5,6,4,2,7,1,3,4,5,3,5,4,2,2,3,3,1,6,3,1,5,3,3,4,1,5,5,2,1,3,4,2,1,7,2,3,3,2,2,3,2,2,2,2,5,3,3,4,3,5,2,3,5,3,1,3,6,3,6,2,2,4,3,4,2,3,2,5,2,5,3,4,5,1,2,3,4,3,5,2,2,2,5,2,3,3,5,3,1,4,2,5,2,2,2,3,2,5,3,2,2,4,4,1,5,3,3,4,2,4,1,3,3,3,2,2,6,2,3,5,4,2,5,3,4,1,4,5,1,3,5,6,2,4,4,3,2,2,4,2,2,2,2,2,4,4,6,2,4,4,2,3,5,2,0,1,1,2,3,5,3,2,2,3,3,3,3,4,3,2,2,1,5,3,2,3,1,4,0,1,4,2,0,4,6,4,5,2,4,1,3,3,4,5,2,2,2,4,2,4,3,0,3,3,0,2,3,3,2,5,0,3,3,3,5,2,2,2,2,2,1,2,3,1,0,2,1,6,5,3,1,5,5,2,3,3,1,2,4,2,2,1,4,3,2,2,5,2,2,2,2,0,4,7,0,1,3,2,2,1,2,3,1,2,3,3,2,3,2,5,2,2,1,0,2,2,4,3,5,1,5,3,4,5,4,3,4,2,1,2,3,3,4,1,1,1,3,1,0,1,1,1,4,1,3,3,1,3,2,2,2,3,2,3,1,0,2,1,2,0,5,2,2,4,4,4,2,2,1,4,0,1,1,2,2,2,1,1,3,1,1,2,2,2,0,1,3,1,2,4,0,1,0,3,2,0,2,1,2,2
ce5143da,1,1,5,2,4,2,2,4,1,3,6,5,1,6,2,5,4,3,3,6,2,1,6,4,5,5,2,2,3,4,3,3,4,5,7,3,6,1,5,5,5,3,2,5,4,6,8,5,1,5,6,4,3,2,3,4,1,5,2,6,1,6,7,3,3,4,3,1,7,5,3,2,4,1,6,2,2,5,2,5,4,3,6,2,4,3,0,3,0,2,3,4,3,4,6,3,4,6,4,2,4,4,4,3,3,2,4,7,5,3,4,6,2,3,7,7,5,7,4,0,2,4,4,3,2,2,4,2,2,3,3,0,3,2,1,4,2,2,4,2,3,6,4,4,4,1,1,5,2,2,2,7,3,2,2,5,1,4,3,4,2,1,3,6,3,1,3,6,1,4,5,0,5,2,0,3,2,3,5,4,3,3,5,0,4,7,1,2,3,4,3,4,4,0,4,5,2,5,3,3,4,2,2,3,4,3,3,2,2,5,2,3,7,1,2,5,6,2,2,3,3,1,5,6,1,3,6,5,2,4,5,5,3,3,2,6,1,3,2,3,3,2,2,1,1,2,2,4,4,2,4,3,4,4,2,2,2,2,6,3,5,2,6,2,2,7,5,0,5,3,7,2,3,2,5,1,2,2,3,0,5,7,2,3,3,2,5,3,1,3,2,0,4,5,1,1,4,5,2,1,1,1,3,4,2,1,1,3,2,2,3,3,3,2,2,3,2,1,3,6,2,2,4,4,1,2,0,5,4,4,2,2,1,6,4,3,0,1,2,5,2,2,2,6,2,2,5,2,3,4,3,2,7,1,2,2,1,6,4,2,2,0,2,4,3,1,2,4,1,3,2,1,5,3,5,2,2,3,2,1,5,1,1,1,2,4,5,1,2,4,2,3,2,1,1,2,3,2,1,2,4,0,2,4,1,1,0,5,2,2,1,4,5,3,2,3,2,0,4,2,3,3,1,6,4,3,2,6,2,1,2,2,1,2,2,0,3,2,2,2,5,1,3,1,2,2,3,0,2,3,2,1,2,0,1,2,2,3,2,2
d01bbb6f,3,4,0,2,0,4,4,0,3,0,1,0,3,0,2,0,0,1,3,1,4,5,1,2,3,1,2,2,2,5,5,1,0,0,2,1,0,3,0,2,0,5,3,0,4,0,4,0,4,0,1,0,5,4,1,1,2,3,6,0,3,0,1,4,0,0,6,4,1,0,1,5,2,5,0,5,1,0,3,4,0,1,1,3,1,4,4,1,2,0,1,2,4,2,1,1,2,1,1,4,0,0,4,5,2,4,1,0,1,5,0,1,1,4,0,1,0,0,2,4,2,6,5,1,3,3,4,3,1,4,3,6,5,1,5,3,5,5,7,3,9,0,3,0,0,4,1,0,2,2,3,0,1,5,5,2,1,3,0,3,5,5,2,0,3,4,6,0,7,0,2,5,1,6,2,2,1,0,1,4,2,4,1,2,2,0,3,2,1,1,4,2,5,4,2,0,6,1,3,5,6,4,4,3,0,1,4,2,2,0,6,1,1,3,2,0,0,2,4,2,2,2,0,0,4,3,0,0,6,5,0,2,2,3,4,0,5,3,2,2,4,4,5,2,4,4,3,4,0,3,1,5,3,4,2,5,5,6,1,3,1,5,4,6,3,2,0,5,2,2,4,6,1,3,1,6,1,1,5,2,0,0,4,1,0,3,1,4,3,4,3,0,4,0,6,3,1,1,5,1,2,3,0,0,4,3,6,2,3,1,4,4,0,3,3,2,3,4,2,2,3,2,2,1,6,4,3,1,0,1,4,3,3,0,0,2,7,5,1,0,4,1,1,1,3,5,1,3,3,1,2,7,1,1,6,2,1,1,5,5,2,2,4,3,2,2,1,2,5,1,2,0,0,4,3,3,2,0,1,5,3,3,4,2,2,1,3,2,2,1,2,0,1,1,4,3,3,7,4,3,4,2,2,1,2,1,2,0,2,1,3,0,0,0,3,4,4,3,1,2,1,3,2,2,0,0,5,2,3,1,3,4,2,3,1,2,3,4,0,1,2,3,1,2,4,5,1,1,4,3,4,1,3,4,5,4,2,1,3,4
da76bab4,3,3,6,6,7,4,2,7,2,5,5,5,3,6,0,5,6,6,2,5,2,3,3,5,6,6,8,2,6,1,2,1,4,7,4,5,4,3,7,6,4,2,2,4,5,5,2,7,4,6,5,8,2,1,4,5,1,2,0,4,2,5,7,4,3,7,2,5,4,7,2,3,1,3,6,0,0,7,1,2,9,0,7,1,6,5,2,2,3,1,0,6,3,2,6,5,4,6,1,3,7,5,1,1,1,3,1,5,5,1,2,6,5,1,6,5,3,4,3,4,1,0,0,0,1,3,4,2,5,3,0,1,2,5,2,0,1,0,0,2,1,6,9,8,7,2,3,6,2,3,4,5,5,3,3,7,2,2,6,3,1,3,0,5,1,1,1,2,3,6,5,0,5,0,3,0,3,0,5,2,1,0,5,4,2,3,1,4,3,1,0,0,0,1,0,7,0,2,3,1,1,0,1,2,7,3,1,1,2,5,2,1,5,2,1,6,5,1,0,3,3,1,4,6,0,4,5,5,1,2,6,5,0,4,1,6,2,1,0,2,1,0,2,0,2,1,3,0,6,0,3,0,2,2,1,0,1,1,5,3,5,0,4,0,1,3,4,0,6,0,2,2,3,1,4,0,2,0,1,2,5,5,2,2,4,0,5,0,0,3,4,1,2,4,0,0,3,1,2,2,0,2,5,5,1,0,0,2,2,0,0,0,6,0,2,1,1,0,0,5,0,0,5,4,1,1,1,4,6,2,0,2,2,5,6,1,2,0,0,7,1,1,1,6,1,1,5,1,1,6,0,2,2,0,0,0,0,4,1,2,3,1,1,0,2,1,2,5,0,2,0,1,4,2,2,0,0,2,4,2,3,0,0,2,2,1,1,0,1,2,0,3,1,0,0,0,2,2,1,1,2,0,0,4,1,1,3,4,0,0,1,2,7,6,2,0,1,0,2,1,1,1,1,4,4,2,0,3,0,1,0,2,1,1,1,2,0,0,2,0,2,1,2,0,1,1,2,1,0,1,1,1,2,0,0,1,0,0,0,0
e7aa9d7c,1,2,4,3,5,3,1,5,2,6,7,6,1,6,3,5,5,6,5,5,1,2,5,4,5,7,5,0,7,1,2,2,6,7,6,4,4,0,7,8,5,2,1,5,3,5,4,7,5,7,6,6,4,1,7,3,3,3,3,4,0,7,7,4,5,4,2,1,6,5,3,1,1,2,5,1,2,7,0,4,6,1,6,1,3,4,1,6,4,2,6,0,1,4,3,7,3,6,2,2,6,6,2,1,3,0,1,6,5,1,4,5,3,0,6,5,4,6,1,1,2,2,2,2,1,2,6,3,2,4,1,1,1,6,3,0,2,2,2,0,3,4,7,5,7,4,3,5,4,1,0,4,6,1,3,5,5,1,4,3,1,4,0,7,2,2,4,3,1,6,3,2,3,2,1,1,2,0,5,2,1,1,4,2,2,3,2,4,1,1,0,2,2,0,0,7,1,3,4,2,2,1,2,0,8,4,1,2,2,7,2,0,5,0,0,5,5,0,1,4,2,0,6,6,0,2,4,4,1,2,7,7,0,2,2,6,2,0,0,0,1,1,1,1,2,2,5,0,7,1,3,2,3,2,1,0,0,2,4,3,6,1,5,2,1,5,4,1,5,0,3,2,3,1,5,1,0,1,1,2,5,4,2,4,4,2,5,1,1,0,3,2,3,4,1,0,4,1,2,3,1,2,6,6,1,0,1,1,3,1,0,2,6,1,4,0,0,0,0,5,0,0,4,3,0,1,0,4,7,2,0,4,4,5,6,1,2,1,1,5,2,1,2,4,0,0,4,1,0,5,1,2,2,2,1,0,0,4,2,1,4,1,0,0,3,1,2,4,0,2,0,1,4,3,1,2,0,3,6,2,4,1,2,2,2,1,2,0,0,2,1,3,1,0,1,0,3,2,1,1,3,0,1,3,2,1,1,5,1,0,2,3,6,6,1,0,2,0,2,0,2,1,2,5,5,3,1,2,0,2,0,0,0,1,0,2,0,0,2,0,1,1,1,1,0,2,3,0,1,2,1,1,1,2,1,0,1,0,1,1
e7fcf289,6,7,1,2,1,3,4,1,7,0,2,0,8,0,2,1,0,1,2,1,4,4,1,3,3,1,3,6,1,5,5,1,0,0,1,1,0,5,0,2,1,5,3,0,4,0,3,0,2,0,1,1,3,7,0,2,0,3,4,1,7,0,2,4,1,1,2,8,1,2,0,2,3,3,0,2,3,0,3,3,2,2,1,3,2,4,5,1,3,4,3,1,0,2,3,0,1,1,2,4,1,0,2,4,1,9,0,0,3,4,1,1,1,7,0,2,0,1,6,5,3,3,3,3,3,3,3,5,1,2,3,3,2,1,6,2,3,1,3,3,4,1,3,1,1,5,1,1,0,5,4,2,0,6,7,4,0,4,3,0,5,1,4,0,3,1,3,1,3,1,2,1,3,3,3,2,2,4,2,2,2,3,3,1,3,1,3,0,3,1,4,2,7,6,2,1,1,2,1,8,7,3,3,2,0,1,2,3,3,0,5,1,0,7,1,1,1,4,5,3,2,0,0,1,0,2,2,2,2,5,0,1,4,4,4,0,1,0,1,7,2,5,7,3,1,1,1,3,0,1,0,2,4,3,1,3,2,2,2,2,0,2,2,1,4,2,1,0,2,0,3,1,2,4,2,0,1,4,2,1,1,1,0,1,1,1,1,3,1,5,0,1,1,2,2,1,0,2,4,0,1,0,0,0,1,1,2,1,1,3,1,3,0,2,1,3,6,1,6,1,4,3,2,0,2,2,0,2,1,3,2,1,0,0,0,2,2,0,3,1,2,0,1,3,3,8,3,3,3,1,5,3,2,1,3,2,0,0,3,1,0,2,6,3,0,1,0,2,2,1,1,0,0,1,2,2,2,0,0,1,1,0,1,3,0,3,2,1,2,0,4,1,0,1,3,1,2,2,1,1,1,1,2,0,1,0,2,0,0,3,1,1,1,0,1,1,2,0,0,1,3,6,1,1,1,1,1,2,1,0,4,7,0,2,0,0,1,1,0,0,2,1,0,0,1,1,1,1,1,1,1,0,0,0,1,2,0,0,0,0
e8832875,1,0,2,2,4,4,2,1,2,2,3,1,0,3,3,1,3,1,4,2,1,2,4,1,4,2,3,2,3,2,2,3,2,2,4,3,3,4,3,3,3,2,4,3,2,2,5,2,4,2,1,2,5,1,3,4,3,5,3,3,1,2,4,7,4,3,5,1,1,6,1,2,4,3,4,3,1,3,1,5,2,5,3,3,2,2,0,4,4,2,2,4,2,0,2,4,4,2,4,1,1,1,1,3,3,1,1,3,3,6,4,5,2,2,3,4,2,3,1,1,3,6,7,3,1,4,2,2,1,1,4,0,2,3,0,6,1,2,4,3,3,2,3,3,5,2,3,1,1,1,1,4,4,3,2,4,1,3,4,3,1,3,3,2,0,1,3,4,1,4,4,1,4,3,2,4,4,3,5,2,4,6,3,3,2,4,2,2,3,2,2,4,4,1,5,2,3,3,3,2,3,3,0,2,2,0,2,4,1,4,3,6,3,1,1,2,3,3,2,0,4,0,1,2,3,5,5,2,1,5,2,3,4,5,2,3,2,1,4,3,5,4,2,2,3,2,3,2,3,3,3,5,1,4,4,3,2,2,5,2,2,3,4,4,2,4,4,2,1,2,4,2,4,3,6,3,4,2,1,2,2,2,3,2,3,2,3,2,2,1,3,2,3,2,0,3,2,4,3,2,3,5,2,3,2,3,0,2,4,3,2,6,2,1,3,2,2,3,3,4,0,3,2,2,2,2,1,5,3,4,0,1,2,4,3,5,2,2,2,3,3,1,3,4,6,1,3,2,3,2,4,2,5,3,2,2,2,4,3,1,2,1,1,4,2,4,2,2,1,5,2,4,4,3,3,4,3,3,5,1,3,2,2,3,0,2,4,2,1,1,3,6,4,4,1,4,2,1,3,5,1,0,3,2,2,3,2,2,1,5,1,2,4,2,6,1,4,2,1,2,2,2,2,4,3,5,4,2,3,2,3,2,2,2,1,1,3,5,4,2,3,2,1,0,2,1,2,0,4,2,2,1,3,2,3,1,1,1,1,2
f63cda26,3,2,8,5,5,4,2,8,4,4,6,7,3,4,1,7,4,7,3,5,4,2,4,5,6,5,5,4,3,2,3,3,5,5,6,4,6,5,3,4,4,3,2,6,3,4,5,5,3,4,4,5,4,2,2,6,1,1,0,6,4,5,4,3,2,4,0,3,5,6,2,1,3,2,4,1,2,5,2,2,6,2,7,3,7,4,4,4,6,1,6,3,3,2,0,2,3,3,2,2,6,6,2,2,3,4,3,5,6,2,3,6,4,2,6,6,3,6,4,4,1,1,1,1,1,3,5,1,3,1,2,2,1,4,1,1,1,1,1,2,1,5,4,4,5,2,2,5,1,5,4,6,2,3,1,3,1,3,6,2,1,1,2,5,1,2,0,4,3,4,7,1,6,0,3,3,4,2,4,2,2,1,5,3,3,5,2,1,3,2,1,2,1,2,1,5,0,3,1,2,2,1,1,1,3,3,1,2,0,5,1,4,5,4,1,4,5,2,1,2,3,1,4,6,1,2,5,5,3,3,4,4,1,4,2,4,0,2,2,3,2,2,3,0,1,2,2,1,4,2,3,2,3,3,0,0,0,1,5,2,5,1,3,1,2,5,4,1,4,3,4,2,3,2,3,1,1,1,0,0,6,6,1,1,4,0,5,3,1,3,1,1,3,5,0,2,4,3,2,2,1,0,3,4,1,1,1,3,2,1,1,2,3,2,1,1,2,2,1,4,0,0,4,3,1,0,1,4,4,2,0,1,1,5,4,1,1,1,2,4,0,2,1,7,2,2,4,2,1,4,1,1,5,2,0,0,2,5,2,0,2,2,2,2,4,2,1,3,1,2,2,1,4,2,2,1,2,3,2,0,3,1,0,3,3,2,3,1,1,4,1,2,2,1,0,0,2,1,0,0,2,1,2,3,1,1,2,5,2,2,1,4,4,3,1,1,0,1,4,0,2,2,0,5,4,3,0,4,0,1,0,3,1,2,2,1,0,0,1,2,3,2,3,2,0,1,2,1,0,1,0,1,1,1,0,0,3,3,2,2
0e46fa2f,1,2,3,2,4,4,2,4,1,4,4,4,1,5,2,4,6,5,5,3,1,1,4,2,5,4,6,1,4,3,1,3,5,6,3,5,5,0,6,7,4,2,2,4,2,5,2,6,6,6,5,6,3,0,9,3,7,3,1,3,1,7,5,3,7,6,2,1,6,3,2,2,4,5,7,2,2,8,0,5,5,2,4,1,5,2,1,6,3,1,5,7,0,4,2,0,2,6,6,4,4,5,5,3,6,0,3,6,5,2,5,3,3,1,5,4,3,6,2,1,5,2,3,3,0,5,3,1,1,4,4,1,1,8,2,3,2,2,1,1,1,4,5,5,6,2,5,6,5,2,0,4,9,2,3,5,7,2,5,3,4,6,2,6,4,2,2,5,1,7,4,2,5,0,2,2,4,2,7,3,1,2,4,4,3,5,3,6,1,3,1,4,2,2,3,7,3,5,5,1,1,3,3,2,8,2,2,3,2,6,2,2,6,1,1,5,5,2,2,6,6,2,6,6,3,1,6,4,0,3,7,8,1,5,2,5,4,2,2,2,0,1,2,3,5,3,7,2,5,2,4,2,4,3,2,1,1,2,3,5,5,2,2,2,2,2,2,3,4,1,1,0,5,3,4,2,2,3,0,2,5,4,2,5,6,3,5,0,3,0,5,3,4,4,2,0,4,3,3,5,3,3,6,6,0,2,2,1,4,4,0,2,6,1,5,1,2,0,1,4,1,2,4,3,1,1,0,6,5,4,1,6,5,5,6,4,2,1,2,4,3,1,4,4,2,1,4,0,2,4,2,1,4,5,0,1,2,4,1,2,5,2,0,2,3,2,2,5,1,4,1,3,4,2,1,2,1,5,8,2,6,2,3,3,3,2,4,1,0,1,2,5,3,1,2,1,3,2,1,3,2,0,2,2,2,3,2,5,1,1,2,2,6,6,2,0,4,0,1,0,3,0,3,4,5,5,2,1,1,3,1,1,0,0,1,2,1,1,3,0,1,1,1,1,0,1,4,0,2,3,1,1,0,2,2,0,1,0,1,1
2077ae86,3,2,4,5,6,5,3,3,1,4,5,5,2,5,1,6,3,3,3,5,0,3,5,5,3,3,3,1,4,1,0,2,4,3,6,4,4,2,5,3,5,1,2,6,3,5,4,3,3,4,4,2,2,0,2,4,2,2,2,3,0,4,6,4,0,4,4,3,4,4,4,5,1,1,4,2,1,4,2,1,4,3,4,1,3,3,1,1,4,2,4,3,1,4,3,2,0,4,0,2,4,3,1,2,1,0,2,5,4,1,1,4,4,0,5,6,4,3,1,2,1,4,3,1,1,1,1,1,4,3,2,2,3,2,2,4,0,2,3,4,1,5,5,6,2,2,1,4,1,0,1,3,3,3,2,4,1,2,2,3,0,1,2,4,3,2,3,2,2,2,4,1,2,1,2,1,0,1,2,3,5,1,3,1,2,3,2,1,2,1,2,1,1,0,2,4,2,1,2,0,1,1,0,2,3,3,1,1,1,4,2,4,6,0,1,5,3,1,2,1,1,1,4,4,2,6,3,3,2,0,3,3,2,2,1,4,1,2,2,1,3,1,0,0,2,2,1,2,3,2,4,2,0,0,3,4,3,2,5,1,5,1,5,3,0,3,3,1,5,3,3,3,2,1,2,4,2,0,0,2,5,6,4,0,2,1,3,2,2,0,2,1,4,3,1,2,2,1,1,0,2,2,4,3,3,2,0,2,2,0,3,3,4,0,3,1,0,3,3,5,0,2,3,4,1,2,1,2,2,1,0,0,1,5,3,1,1,2,1,5,5,2,0,4,2,1,3,0,1,5,2,0,3,0,1,2,2,4,3,2,1,0,0,3,1,2,1,3,2,1,3,1,5,2,3,2,1,1,3,1,4,3,1,2,1,0,1,2,0,3,1,1,1,2,0,3,0,1,3,2,3,0,2,2,3,1,2,5,1,2,1,4,6,4,3,3,3,2,4,2,0,0,0,4,3,0,3,2,1,2,2,0,2,0,1,1,1,3,1,3,2,1,1,0,2,2,1,0,3,1,2,1,5,2,2,1,2,2,1,2
244bc2c8,2,2,5,4,6,3,2,5,0,5,4,5,2,8,2,4,8,4,4,8,0,2,6,4,3,7,3,1,7,2,1,2,5,7,5,6,6,0,9,5,6,3,2,7,5,9,4,7,4,7,8,6,2,0,6,4,3,6,1,7,1,7,6,3,5,7,4,2,8,5,5,4,3,2,8,1,2,6,2,4,5,4,4,1,4,4,0,4,6,1,6,6,1,2,3,6,4,0,4,4,6,7,4,2,2,1,2,8,3,1,3,5,4,2,7,5,5,6,3,1,2,2,2,4,0,2,4,2,3,4,3,0,2,4,3,4,2,1,2,3,1,7,6,7,5,2,1,7,4,2,1,5,6,2,2,7,5,3,3,6,3,4,3,6,4,2,4,5,0,6,4,1,3,2,0,0,2,2,5,5,1,1,4,2,4,5,1,4,3,3,3,4,2,1,4,6,3,5,6,1,2,2,4,5,9,3,5,0,4,4,1,1,7,1,3,7,9,2,2,5,4,3,7,5,2,3,5,5,0,2,8,6,2,3,3,8,4,4,2,3,2,0,1,1,2,3,3,4,5,2,3,1,5,2,3,3,4,3,4,5,4,1,7,1,1,4,5,1,6,2,4,2,3,2,4,2,3,2,2,1,4,6,2,5,4,4,5,0,2,2,5,1,5,4,2,0,2,4,2,2,2,2,5,4,2,2,1,3,1,2,2,1,6,0,3,4,2,0,3,6,2,3,5,5,1,5,1,4,6,4,2,4,1,5,5,4,0,1,1,6,4,2,2,3,1,2,5,1,4,4,2,2,4,1,1,3,1,4,3,5,2,0,1,3,2,1,4,5,2,3,2,2,4,1,5,1,0,1,3,3,6,2,1,0,3,2,3,2,2,3,1,3,2,1,1,2,3,2,1,3,3,0,2,4,2,3,2,4,1,1,2,2,6,6,2,2,3,0,3,3,2,1,2,4,4,1,2,5,2,2,2,1,2,1,3,2,2,2,2,1,4,1,3,0,2,2,3,1,2,3,3,2,3,0,1,3,0,1,1,1
2a158218,2,1,1,1,1,2,3,2,1,1,2,2,1,2,4,2,3,3,4,2,1,2,3,2,2,3,3,3,2,4,3,3,2,3,1,3,3,2,2,4,4,4,5,2,3,3,3,3,2,3,4,3,3,0,6,3,7,5,2,3,2,4,1,3,8,3,2,1,5,2,1,3,8,4,4,4,4,4,1,6,2,5,1,2,4,2,0,6,4,1,1,2,2,4,2,6,0,4,0,5,2,3,6,4,7,2,3,3,3,7,7,2,3,4,2,2,2,5,6,1,7,4,5,7,0,6,3,3,1,4,5,1,1,5,1,7,2,2,2,2,1,2,1,2,4,0,4,4,3,5,1,3,6,3,3,3,5,5,5,2,4,3,5,3,4,1,1,6,0,5,3,1,5,2,2,4,6,4,4,4,2,6,6,4,6,6,3,5,4,4,3,8,3,2,7,3,3,10,4,2,2,6,5,4,4,2,4,4,2,3,2,4,3,2,1,2,4,5,5,7,7,2,4,3,5,1,4,5,0,7,4,5,5,4,4,2,4,2,4,5,1,3,3,5,5,2,5,4,2,2,3,2,6,6,4,2,2,2,3,6,2,3,1,1,5,3,1,3,3,1,5,0,5,5,5,1,4,7,1,1,3,2,0,7,6,7,4,1,2,2,3,5,3,5,2,1,3,7,4,5,2,2,3,3,2,2,1,2,3,8,1,3,3,1,4,3,5,1,3,2,3,5,4,2,2,2,0,5,3,6,2,6,4,2,3,6,0,0,3,1,3,0,8,3,6,3,6,1,4,1,3,2,5,7,1,2,2,2,3,2,3,3,3,4,4,4,1,4,1,6,1,4,1,1,3,2,3,5,4,2,4,1,4,5,3,5,6,1,3,1,6,6,6,3,2,2,5,1,0,5,2,0,2,1,2,3,1,3,0,3,0,4,2,3,2,1,4,0,1,1,7,4,4,2,4,7,2,3,3,3,3,3,0,1,1,1,3,3,5,0,3,1,1,0,2,1,6,0,3,4,1,0,0,1,2,1,1,0,0,0
3ea50f67,7,6,2,5,2,6,5,2,4,1,2,1,5,2,3,2,2,4,3,2,2,6,2,1,3,2,5,4,3,4,4,2,2,2,1,3,2,4,2,5,1,7,4,2,7,3,1,2,5,2,3,2,4,2,5,3,7,4,5,1,4,3,1,5,3,3,3,6,4,1,2,6,6,7,3,4,3,2,2,3,2,5,2,2,5,6,3,3,2,4,3,2,4,1,2,4,2,4,5,0,1,2,3,4,3,4,1,3,2,5,2,0,5,4,2,1,3,2,7,6,4,4,4,5,0,8,3,6,3,5,6,4,3,5,5,5,4,4,2,1,4,3,2,1,0,4,4,4,2,6,1,2,3,6,6,3,5,8,1,3,6,5,4,2,4,3,3,3,3,1,3,2,4,1,4,1,2,3,3,4,1,3,2,3,6,3,2,2,4,2,2,5,3,3,4,3,4,5,3,4,3,4,8,6,3,0,4,2,3,1,3,2,3,4,1,3,2,5,5,9,3,2,3,3,4,1,2,3,1,3,3,3,5,5,6,2,3,2,1,6,1,3,4,2,7,2,2,3,1,2,2,1,7,3,3,4,2,5,0,2,1,3,3,1,6,1,0,4,2,2,2,1,2,6,1,3,2,5,1,0,1,3,1,3,4,6,1,1,2,2,1,4,4,3,3,1,0,3,6,1,3,1,1,1,2,1,2,2,1,4,2,4,1,1,5,3,5,1,3,1,4,6,4,1,3,2,1,4,0,2,2,4,2,1,1,2,3,2,4,1,7,0,3,1,4,4,2,0,2,1,3,2,1,4,1,2,1,0,4,2,0,5,4,2,0,2,1,2,1,2,1,1,1,0,3,3,2,1,2,2,4,2,4,5,1,2,3,1,2,0,5,1,2,2,2,2,1,4,0,3,2,0,2,0,6,1,2,1,1,0,2,1,1,1,1,1,5,1,0,1,3,5,1,1,0,1,3,1,1,4,4,3,1,0,1,1,1,2,2,0,1,1,0,1,3,3,3,0,4,3,2,0,1,2,3,1,1,0,1,2
45963054,1,1,7,5,5,2,1,9,1,7,6,8,1,7,1,6,7,7,3,7,2,1,5,4,4,9,5,1,7,0,1,1,6,9,6,6,7,2,6,5,6,2,0,6,3,7,3,9,3,8,8,6,3,1,5,6,3,2,0,7,1,7,5,2,3,5,2,3,7,5,4,2,2,0,6,0,3,6,0,1,9,2,6,1,5,2,1,5,4,0,7,6,1,1,6,4,4,6,2,1,0,9,3,0,3,1,2,6,7,0,4,6,6,0,7,7,4,6,1,3,2,0,0,2,2,0,4,1,6,3,1,1,2,4,2,0,0,1,0,3,0,6,6,7,6,3,2,7,2,2,4,4,4,1,2,5,4,1,6,4,0,1,1,7,2,2,2,3,3,5,4,1,2,1,3,1,2,1,2,1,2,0,6,3,2,3,3,3,2,2,0,3,0,1,0,5,0,3,2,0,0,1,1,1,7,6,2,2,2,6,1,2,5,1,2,4,6,0,1,3,1,2,7,6,1,3,2,5,1,1,8,4,0,1,1,7,2,3,1,0,2,1,1,1,0,1,2,0,7,1,3,1,2,2,1,0,1,1,5,3,6,0,6,1,0,4,5,1,8,2,3,3,3,0,2,1,2,1,1,2,8,5,0,3,5,2,6,1,1,2,2,3,2,4,0,1,4,2,0,3,1,0,5,6,1,1,1,3,1,1,0,1,6,1,3,1,0,1,0,6,0,0,4,5,0,2,2,2,6,1,0,2,2,5,7,0,0,1,1,7,1,1,2,5,0,0,6,2,1,6,0,0,3,2,0,0,1,4,1,1,2,1,0,0,5,3,3,7,1,1,1,1,4,1,2,1,1,3,4,2,4,1,1,4,5,1,2,1,1,4,1,1,2,1,0,0,2,0,0,0,2,1,1,4,2,1,3,6,2,1,1,3,5,6,1,0,1,1,3,1,2,0,1,4,4,3,0,4,0,2,0,1,2,2,3,3,0,0,1,1,3,1,4,2,1,1,4,2,0,1,0,1,2,2,0,1,3,2,2,2
5b479568,2,1,7,5,6,3,2,9,1,8,6,8,2,7,1,7,6,7,4,8,1,1,5,3,4,8,3,1,6,0,0,2,8,8,6,6,6,1,6,5,6,1,0,8,3,8,3,8,5,8,8,5,3,1,6,5,4,2,0,8,2,8,4,2,4,4,2,1,8,4,4,2,3,1,7,0,3,5,1,1,7,3,5,2,4,3,2,6,4,0,5,6,0,1,6,5,3,7,3,2,9,0,4,0,3,0,2,7,6,0,4,5,5,1,6,6,4,7,1,2,2,0,0,3,1,1,4,1,4,3,2,1,0,6,2,1,1,1,0,3,0,6,5,5,5,3,1,8,3,3,2,4,5,1,1,4,5,0,4,5,1,2,2,7,3,2,2,4,1,6,3,2,2,1,1,1,2,2,2,2,1,0,4,2,3,4,3,3,1,2,1,4,0,2,1,5,1,4,3,0,0,2,2,2,8,5,3,1,3,6,0,1,6,2,3,4,7,1,2,4,2,3,8,6,2,2,2,5,1,1,9,5,0,2,2,7,3,4,2,1,2,1,0,1,1,2,3,1,7,2,3,1,3,2,1,1,2,1,4,4,6,0,6,1,0,4,5,2,7,3,3,3,2,1,2,2,1,2,1,2,7,5,0,3,5,3,7,1,2,1,3,3,3,4,1,1,4,3,0,3,2,0,5,6,1,2,2,4,1,2,0,1,6,1,3,2,1,1,1,6,1,1,4,5,0,3,2,2,6,1,1,3,2,5,7,1,0,1,2,6,2,1,2,4,0,1,5,2,2,5,0,0,3,3,0,1,2,4,1,2,2,1,0,1,5,3,4,6,2,2,2,1,4,1,3,1,1,3,4,2,5,2,1,2,6,1,2,2,1,4,1,1,2,1,0,0,2,0,0,0,2,1,2,4,2,2,3,6,2,1,1,3,4,6,1,0,1,1,3,1,2,0,1,4,4,3,0,4,0,2,0,0,2,2,4,3,0,0,1,1,3,1,4,2,1,1,4,2,0,1,0,1,2,2,0,1,3,2,2,2
5ed97752,2,1,2,0,1,2,3,3,0,2,3,3,2,3,2,3,3,2,3,3,0,1,4,2,3,4,2,1,2,4,1,1,3,4,3,3,4,0,2,3,3,2,2,2,2,4,4,4,2,4,5,3,1,1,5,2,4,3,2,3,2,5,1,2,5,3,2,2,6,1,2,3,6,4,4,1,2,3,2,3,3,2,2,2,3,1,0,4,4,4,1,2,2,1,2,5,1,4,6,3,3,4,0,3,5,2,4,4,4,2,5,3,2,2,3,2,2,5,4,1,4,3,2,4,1,3,1,2,0,4,2,2,2,4,1,5,3,2,3,3,3,3,2,1,2,0,3,5,4,3,1,3,6,2,1,3,4,2,3,5,4,5,3,4,5,2,2,5,2,3,1,4,3,3,0,1,2,2,3,5,2,2,3,1,4,4,3,6,2,5,3,6,1,3,3,3,4,5,4,1,1,5,4,3,4,4,4,1,2,3,2,1,5,2,2,2,3,2,5,5,5,3,5,4,6,2,3,3,3,3,5,5,2,3,2,3,5,5,4,3,1,1,1,4,4,3,6,5,3,2,4,1,4,4,1,6,5,3,3,7,4,2,2,4,1,2,1,3,5,2,4,3,2,2,1,4,2,4,2,2,3,3,2,5,4,4,5,2,4,1,6,1,4,3,4,1,4,5,1,4,2,1,2,3,3,3,3,2,2,5,2,0,2,1,3,3,3,2,4,2,3,3,2,3,3,4,1,3,2,4,4,6,5,2,3,4,2,2,1,2,3,0,4,2,2,4,3,1,3,3,1,3,4,3,3,2,3,3,1,5,3,0,2,3,5,1,2,4,4,4,2,1,1,2,3,0,3,4,3,4,6,2,4,1,5,4,4,2,1,3,3,2,3,1,2,3,4,3,3,3,4,1,1,3,0,3,0,3,1,0,2,2,1,2,1,3,2,1,2,1,5,2,4,3,2,4,4,4,4,1,2,2,0,1,2,1,4,4,2,0,3,1,2,1,2,3,5,0,3,4,2,0,2,2,4,3,2,1,2,2
6ca5ec4b,3,5,0,2,2,5,3,0,5,1,0,0,4,2,4,1,1,1,4,2,5,4,2,4,1,1,2,4,1,8,6,3,0,1,0,4,1,3,2,2,4,5,3,1,3,1,3,1,2,2,3,1,3,2,2,3,3,3,2,1,2,1,0,3,2,1,5,2,2,2,3,6,3,3,2,6,3,2,5,4,0,3,1,6,2,2,5,2,3,5,1,1,4,3,2,3,2,2,4,4,0,0,3,0,6,4,3,1,0,4,3,1,2,4,1,1,1,2,5,1,4,4,5,4,3,4,3,2,0,2,4,3,4,1,5,4,6,3,6,5,5,1,1,1,2,4,3,1,3,2,5,2,1,6,5,1,2,4,1,2,7,4,3,1,4,7,6,2,4,2,4,4,3,5,4,2,3,4,3,4,1,3,3,2,3,3,6,1,2,2,4,3,5,3,6,1,5,4,4,4,5,5,4,3,1,1,5,3,3,1,8,3,1,2,2,1,2,5,2,3,5,2,1,1,2,3,2,2,3,4,1,3,3,3,5,1,4,2,2,6,4,2,6,2,3,4,3,6,0,5,0,6,5,3,4,3,5,7,1,3,0,6,1,3,5,1,1,4,1,1,2,1,3,6,2,4,3,3,3,3,1,1,1,2,1,3,1,2,3,5,1,1,4,2,5,4,2,2,5,1,4,3,1,1,2,5,4,2,4,3,3,4,1,5,2,3,4,4,4,1,1,2,3,2,5,5,2,3,1,3,4,2,2,1,1,4,4,3,4,0,3,1,2,3,5,4,3,4,6,0,6,4,3,3,5,4,2,1,3,3,3,3,3,7,2,4,1,3,3,2,4,1,1,2,3,3,2,1,3,3,2,3,3,3,1,2,4,4,3,0,3,2,1,2,5,3,4,5,4,2,2,3,5,1,1,1,4,1,2,5,2,2,1,1,5,3,3,3,0,3,2,3,2,2,2,2,4,3,2,1,2,4,1,3,1,1,2,3,0,2,4,3,1,2,3,3,1,2,3,3,3,1,2,4,4,4,1,1,2,2
741418c3,2,2,2,3,2,3,2,3,4,2,2,2,1,3,4,3,4,5,5,2,3,1,3,4,2,2,4,4,1,6,2,5,1,3,2,5,4,2,3,5,5,3,3,2,1,2,2,3,2,4,4,3,5,1,6,4,7,3,1,3,2,3,1,1,5,3,2,0,3,2,4,2,4,3,3,4,5,4,2,5,2,3,1,3,5,0,3,7,3,2,1,3,1,3,3,6,1,2,7,3,3,3,5,6,0,1,6,2,4,4,6,2,3,1,2,3,1,4,5,1,5,3,4,3,2,5,4,1,1,2,5,3,2,5,2,3,2,3,3,3,2,2,1,2,4,2,4,3,3,4,3,3,4,2,2,2,5,4,5,2,4,4,3,3,2,5,2,4,3,4,4,3,5,1,3,4,5,3,5,3,2,3,5,3,3,4,5,4,1,6,1,4,3,2,3,3,3,6,3,2,2,5,3,1,3,3,3,5,0,3,3,4,2,2,1,2,4,2,2,5,6,2,3,3,5,2,4,5,2,4,3,5,3,3,2,2,3,2,4,2,3,3,3,3,4,4,6,3,2,4,2,5,4,3,1,1,1,3,2,5,2,4,0,4,4,2,1,5,2,1,2,2,6,3,3,3,2,4,1,1,4,2,0,4,6,3,3,3,4,1,3,4,5,5,2,3,4,3,3,5,4,2,3,3,1,3,3,3,4,5,1,4,3,4,4,2,2,3,1,2,0,2,3,3,2,1,2,6,3,4,1,4,6,2,3,4,2,3,3,1,1,1,5,3,3,1,5,3,3,1,3,1,4,7,1,0,3,2,2,1,4,4,1,3,5,4,0,3,2,5,2,3,1,2,2,3,5,4,5,2,3,2,5,6,3,3,5,2,1,2,4,4,5,2,2,2,4,2,1,2,2,2,3,2,3,3,2,3,2,3,3,3,2,3,3,1,3,2,2,0,5,2,3,3,4,5,3,3,2,4,1,2,1,3,1,2,2,2,3,1,3,3,2,2,0,2,3,1,2,5,1,1,1,4,3,1,2,1,2,2
82ec26c1,6,7,2,2,1,3,4,2,7,0,1,1,8,0,2,1,1,2,2,1,6,4,1,2,3,2,3,6,2,5,6,1,0,1,0,1,1,7,0,1,1,6,4,0,3,0,2,1,2,0,1,2,3,7,0,3,0,2,3,1,8,0,0,3,1,2,2,8,1,3,0,2,3,3,0,3,3,1,3,3,2,2,2,3,3,3,5,1,2,4,3,0,9,1,4,0,0,1,2,4,1,0,2,4,1,0,0,0,1,4,1,2,2,8,1,0,0,1,6,7,2,3,3,3,1,3,3,4,1,1,3,4,2,1,7,2,3,0,3,2,3,1,1,1,2,5,2,1,0,6,4,2,0,5,5,2,0,5,3,0,5,1,4,0,3,1,3,1,3,1,3,1,3,3,3,2,2,4,2,2,0,3,3,3,3,1,2,0,4,1,5,2,7,7,2,1,1,2,1,8,7,3,3,2,0,0,2,1,3,0,3,2,0,8,1,1,1,4,5,3,2,0,0,1,0,1,2,2,1,5,0,1,4,4,5,0,1,0,1,7,1,5,9,3,1,1,1,3,0,1,0,2,4,3,1,3,2,2,1,2,0,2,2,1,4,2,1,0,1,0,3,1,1,4,1,0,2,4,2,1,0,1,0,1,1,1,1,3,1,7,0,1,1,2,3,1,0,2,5,0,1,0,0,0,1,1,3,1,1,3,1,3,0,2,1,3,6,1,6,1,5,3,2,0,2,2,0,2,1,3,2,1,0,0,0,2,2,0,3,0,2,0,1,2,3,9,2,2,3,0,5,3,2,1,3,2,0,0,4,1,0,2,7,3,0,1,0,1,2,1,1,0,0,1,2,2,2,0,0,1,1,0,1,3,0,3,3,1,2,0,4,1,0,1,3,1,2,2,1,1,1,1,2,0,1,0,2,0,0,3,1,1,0,0,1,1,2,0,0,1,3,5,1,1,1,1,1,2,1,0,4,9,0,1,0,0,1,1,0,0,2,1,0,0,1,1,1,1,1,1,1,0,0,0,1,2,0,0,0,0
833fb62e,1,1,2,2,2,2,3,2,2,1,2,2,1,3,4,3,4,2,2,2,3,1,4,4,3,1,2,3,0,5,1,4,1,2,3,5,5,1,3,2,3,1,3,3,2,2,2,2,1,3,3,3,2,3,3,2,3,2,2,2,1,3,3,1,3,3,1,0,3,1,5,2,2,2,2,3,3,3,4,2,1,2,3,3,5,0,3,3,4,1,1,1,0,1,3,3,2,2,3,1,2,2,4,3,6,0,0,3,4,1,4,1,2,1,3,3,2,3,3,1,2,1,1,1,6,2,2,0,4,1,2,2,4,2,1,2,4,5,1,2,2,2,1,1,1,1,2,2,4,2,4,2,3,0,0,2,3,1,3,2,3,3,2,3,3,5,1,4,3,1,3,4,4,2,2,5,3,4,3,3,4,3,1,2,2,3,2,3,2,7,1,2,0,1,1,3,2,2,2,1,0,1,1,3,2,2,4,4,3,2,2,3,3,1,3,2,3,0,0,2,4,4,2,3,5,1,4,2,4,2,2,2,0,2,0,2,1,2,4,1,2,2,0,2,3,2,3,3,1,2,3,2,3,3,0,1,1,3,1,3,2,3,0,3,0,2,0,3,1,3,1,4,3,0,1,2,1,0,5,1,3,3,1,4,4,2,1,5,5,2,3,1,3,2,4,3,4,2,0,3,3,2,1,1,4,2,4,5,2,1,4,1,1,5,1,2,0,3,0,1,3,1,1,2,2,1,5,3,1,2,4,2,3,2,1,2,1,3,3,1,0,2,3,2,1,0,1,4,2,2,0,1,3,2,2,1,5,2,0,1,3,2,0,2,3,1,0,1,2,3,4,3,1,4,3,2,5,4,2,1,2,1,3,1,2,5,2,3,2,2,0,2,3,1,2,3,2,2,1,1,3,4,1,3,1,3,1,2,1,1,2,2,2,1,1,4,1,4,4,0,2,0,3,1,1,2,2,2,3,2,1,0,3,4,1,1,4,2,3,2,1,3,2,2,2,3,2,3,1,4,2,1,1,3,3,2,2,2,1,1
85ce1949,1,1,6,3,6,2,1,5,0,6,6,7,1,9,1,6,6,4,2,7,0,1,7,4,6,6,4,1,4,1,0,1,8,8,7,5,8,0,8,6,5,2,0,8,3,9,5,8,5,8,7,5,2,0,7,3,3,3,0,7,1,10,7,2,5,5,2,1,9,5,5,2,3,3,9,0,2,7,1,2,6,4,7,1,5,2,0,4,7,0,5,6,0,3,5,6,5,8,3,3,6,7,4,1,2,0,3,0,5,0,5,6,3,1,10,7,8,9,2,1,1,1,1,3,0,3,3,1,2,2,3,0,1,5,2,3,1,1,1,2,0,7,5,5,4,2,2,7,5,2,0,7,6,1,1,4,4,2,2,7,2,4,3,9,4,2,3,8,0,5,4,1,5,1,0,1,1,2,5,3,2,0,3,1,3,8,1,3,2,3,2,4,1,1,3,7,2,4,4,0,1,1,3,3,8,4,3,0,2,7,0,2,10,1,2,6,7,1,1,4,3,2,8,8,2,3,6,4,1,1,9,6,1,4,2,9,1,4,2,2,1,0,0,0,3,2,3,3,6,2,6,1,4,2,2,2,2,2,6,2,7,0,6,1,0,7,6,1,5,4,4,1,2,1,4,2,1,1,0,1,6,8,3,3,4,3,6,1,2,0,4,1,4,4,1,0,5,4,0,1,2,2,4,6,1,2,1,2,2,1,2,1,4,0,2,2,1,0,2,6,1,2,4,5,0,3,0,5,5,2,1,2,2,8,6,2,1,1,1,7,3,2,1,6,0,1,3,0,2,6,1,0,5,1,0,2,2,7,2,2,3,0,0,3,3,0,5,4,2,4,3,1,7,3,3,1,0,4,4,0,6,2,0,0,3,1,3,2,0,4,0,3,2,1,0,1,1,0,2,1,2,0,2,5,2,2,1,6,2,1,1,3,7,4,2,2,2,0,4,1,1,0,0,6,3,3,1,4,1,2,1,0,1,0,3,0,1,1,3,2,3,0,3,1,0,1,3,0,1,2,1,1,2,0,0,1,2,3,2,2
8652a85c,2,2,6,4,4,4,2,7,2,4,8,6,2,4,1,7,5,6,3,4,1,2,6,3,8,5,6,2,3,1,0,2,5,5,7,5,7,2,3,6,3,0,2,5,3,4,5,5,3,5,5,4,4,2,5,4,4,2,1,4,2,6,6,5,3,5,2,3,6,3,2,1,4,2,4,0,2,5,1,3,7,1,5,1,7,3,2,5,5,1,5,5,3,3,6,5,4,3,3,2,7,6,4,0,4,1,4,5,0,2,4,3,4,0,5,8,3,5,2,3,3,2,2,1,3,2,3,2,3,2,1,1,1,6,1,1,0,2,1,2,1,5,5,4,3,3,3,6,2,3,2,4,5,2,3,7,4,1,7,1,0,1,1,6,3,1,2,4,2,3,3,1,5,1,2,4,3,1,4,0,5,2,4,3,2,3,3,3,2,3,0,3,1,1,0,6,0,2,2,2,2,1,0,1,4,4,0,4,1,6,2,3,5,2,1,4,3,0,1,4,2,1,5,7,2,1,5,4,3,3,5,3,0,3,0,4,1,2,2,1,2,2,0,2,1,1,3,0,5,1,5,2,1,4,1,0,0,0,4,3,6,0,4,3,0,4,2,1,6,3,3,2,4,0,2,1,1,1,1,1,8,6,1,3,7,1,4,3,2,0,2,3,1,4,0,1,4,3,0,4,1,0,4,5,0,1,1,1,2,2,1,2,4,1,4,0,0,1,0,5,0,0,3,3,0,0,1,4,3,2,0,3,3,5,5,1,0,1,1,5,1,2,3,5,1,0,4,2,0,5,0,1,5,3,1,0,3,4,0,0,3,1,0,1,4,2,1,6,1,2,2,2,4,2,0,2,2,5,5,1,5,1,2,3,4,2,3,1,0,3,1,2,3,1,0,1,2,0,0,1,2,1,1,2,2,2,2,6,2,1,1,3,5,4,0,1,2,1,3,0,3,1,2,3,3,4,1,2,1,3,0,0,1,2,2,2,1,1,2,2,1,1,3,2,0,0,5,1,1,2,0,1,0,2,1,0,4,3,2,2
88b4d2e3,4,2,0,3,0,4,5,0,2,0,1,0,2,0,4,0,1,1,4,1,3,4,2,2,4,1,3,3,2,4,4,3,0,0,1,2,1,5,0,2,1,5,7,0,5,0,3,0,3,0,1,0,7,3,2,2,5,6,4,1,3,0,1,6,4,1,5,3,1,1,0,4,6,4,1,6,2,1,1,7,0,4,1,2,3,5,1,3,3,5,1,1,4,6,2,2,1,1,7,5,0,0,2,4,4,4,1,0,2,0,4,1,2,5,0,2,1,1,5,4,5,7,8,4,1,6,5,5,2,3,4,3,2,2,3,6,2,3,4,1,4,0,2,1,2,3,2,0,0,5,2,1,2,4,5,3,2,5,3,1,3,3,3,0,1,1,3,3,2,2,4,0,4,4,3,6,6,2,2,3,3,9,4,6,4,3,1,2,3,2,3,6,5,3,5,0,3,6,2,4,4,5,4,3,0,0,3,5,1,1,4,5,0,3,0,0,1,5,4,3,5,0,0,0,4,2,2,2,2,9,0,1,6,4,5,0,3,0,3,4,3,6,5,4,5,1,2,2,0,1,2,4,4,8,4,2,1,3,2,3,0,4,4,3,6,4,1,3,1,1,6,3,4,5,5,1,4,5,3,0,1,0,1,4,3,5,1,3,1,4,1,4,2,2,2,2,1,5,7,3,1,3,1,1,3,1,1,2,3,6,2,6,1,1,4,2,5,2,2,3,3,5,4,1,4,1,1,3,1,5,1,3,2,1,1,5,2,1,2,0,3,0,6,3,8,4,4,2,3,0,3,5,4,5,3,1,1,1,5,1,1,4,5,3,2,4,0,2,0,4,0,4,1,3,3,4,4,3,2,2,2,0,4,5,0,4,6,0,3,0,6,5,5,3,2,3,3,3,0,6,2,0,1,0,3,2,2,1,0,3,0,2,1,1,3,1,5,1,0,1,5,6,3,1,2,5,3,2,3,3,4,5,1,2,0,1,3,4,4,0,3,2,0,0,3,2,4,0,4,3,2,0,1,1,3,1,1,0,0,1
8ae7d0ec,1,1,2,1,3,2,3,3,2,5,3,4,1,6,5,4,4,2,5,4,1,2,5,4,4,4,3,4,2,4,2,4,4,6,2,5,5,2,5,4,6,4,5,2,2,4,3,6,3,7,6,4,3,0,6,3,4,5,1,4,1,6,2,2,9,3,0,0,5,3,3,3,7,4,4,3,6,4,1,4,4,5,3,1,3,1,1,5,4,0,2,4,1,4,3,5,1,3,7,2,4,4,5,3,6,1,4,5,4,4,0,4,3,2,5,2,5,7,5,1,4,3,3,6,0,5,4,1,1,2,3,2,0,4,2,5,0,2,1,1,0,3,2,1,4,1,5,4,4,3,1,5,6,1,1,2,5,3,5,4,1,4,4,6,2,3,1,8,0,4,2,0,5,2,1,3,5,3,5,2,2,4,3,3,4,6,2,6,3,3,1,8,1,0,4,4,0,6,1,1,1,2,3,2,5,4,3,3,0,4,0,3,4,1,0,2,4,2,3,4,5,1,5,5,3,2,5,4,0,5,6,5,2,4,3,5,1,2,3,3,1,2,1,3,4,1,5,2,4,1,5,1,5,5,2,0,0,2,5,4,4,1,2,1,2,6,4,0,3,1,5,0,4,2,5,0,2,3,0,2,3,3,1,7,5,5,5,1,1,1,3,3,2,4,0,1,4,6,2,4,0,2,2,4,1,0,0,1,3,4,0,2,2,1,2,1,2,1,1,2,1,1,1,2,0,1,0,5,5,4,0,4,4,3,4,3,1,0,2,3,1,0,5,4,4,1,3,1,1,3,1,1,4,4,0,0,1,3,2,0,3,1,2,1,4,3,3,3,0,5,0,3,2,1,1,1,2,6,4,1,3,0,2,3,3,4,5,0,2,2,3,6,4,2,0,1,4,0,1,3,1,0,1,3,1,2,0,3,1,2,0,4,2,2,2,0,2,0,1,0,5,2,3,4,3,8,1,3,2,2,1,1,0,1,1,1,2,2,5,0,2,1,2,1,1,0,6,0,2,2,0,0,0,1,1,0,2,1,1,1
8c3c640c,0,0,6,3,6,1,0,6,2,5,5,5,0,7,2,4,5,4,2,6,2,1,5,3,4,7,4,1,5,1,3,2,4,7,7,3,5,2,6,4,5,2,1,4,2,6,7,7,2,6,5,6,2,0,3,5,0,3,2,7,1,5,5,2,3,5,2,1,4,9,2,2,2,1,7,1,1,5,1,3,7,2,7,2,3,1,0,4,6,1,6,5,1,5,6,3,4,5,2,0,6,5,3,1,2,2,1,6,3,1,4,0,3,1,7,5,4,6,2,1,1,3,2,1,0,2,3,1,3,1,2,1,2,3,0,3,1,1,3,4,1,6,6,6,8,0,2,5,1,2,3,7,4,1,0,4,0,3,4,5,0,1,3,5,1,0,1,5,1,6,4,2,4,0,1,1,2,1,5,3,2,1,5,1,2,6,1,4,3,2,3,2,2,0,2,4,1,3,3,1,2,1,0,2,5,3,2,1,2,6,0,3,7,1,2,4,6,1,2,1,2,2,4,5,1,6,5,5,1,2,6,6,2,3,1,7,1,4,3,1,3,1,2,0,2,3,4,3,7,2,5,2,2,2,1,2,3,0,8,4,6,1,5,2,1,6,7,0,6,2,6,3,3,1,5,2,3,1,1,3,4,5,3,1,2,0,8,2,2,3,5,0,4,4,1,1,4,4,1,1,1,2,3,5,2,1,0,3,2,1,1,2,4,1,1,3,1,2,3,6,0,1,3,5,0,2,1,5,6,3,0,1,3,6,6,2,1,1,1,7,2,1,1,6,1,2,5,2,3,6,2,0,5,1,0,1,0,6,3,3,2,0,1,2,3,2,4,4,2,4,1,1,5,2,4,1,1,3,3,1,5,2,0,2,4,2,4,1,2,5,1,4,2,1,0,1,2,0,3,1,1,0,2,6,1,1,1,4,2,2,1,3,5,4,4,2,1,0,4,2,2,1,0,8,4,4,1,6,1,1,1,2,2,2,3,1,1,1,3,1,5,1,4,1,1,1,2,1,1,2,1,1,3,0,0,2,1,2,2,2
dd549382,3,2,5,6,5,4,3,7,2,4,4,4,2,4,1,4,5,6,2,3,2,4,1,1,2,5,3,3,6,1,2,2,3,6,3,5,4,5,4,5,5,4,3,4,7,4,0,6,2,5,5,6,2,1,3,9,6,4,2,3,2,4,2,4,3,5,4,4,4,5,4,6,5,4,4,2,4,5,1,1,6,5,3,2,5,5,2,2,2,1,5,3,1,2,4,3,4,4,3,5,6,5,2,2,3,2,2,3,4,2,3,3,0,0,4,3,4,3,3,6,2,3,3,4,1,4,3,2,7,4,4,2,2,3,1,4,0,4,1,3,1,5,3,4,4,3,6,6,2,3,3,3,3,3,2,3,5,5,4,4,1,2,3,4,3,3,2,2,3,3,5,1,2,1,4,2,2,3,2,3,3,2,3,4,6,3,3,4,4,2,0,4,0,1,3,5,1,4,1,1,1,2,2,5,5,2,3,2,2,3,1,5,3,2,2,4,4,2,3,5,1,3,4,5,3,4,2,5,1,1,5,3,2,3,2,4,3,3,1,3,4,3,1,2,3,1,1,1,4,2,2,2,2,1,3,2,2,3,1,2,3,1,4,2,1,2,2,2,4,2,2,4,2,2,2,3,4,2,1,3,4,4,1,3,5,4,3,1,1,2,1,4,4,4,0,3,2,1,2,3,2,1,3,3,2,2,1,4,2,2,1,4,4,1,3,1,1,3,1,3,1,2,2,3,1,2,3,2,3,1,0,2,1,2,4,0,1,2,3,3,4,1,2,1,3,0,3,2,1,2,1,0,0,3,1,1,2,1,3,1,1,2,1,1,3,6,1,3,1,0,2,2,2,1,3,3,2,2,3,3,1,2,2,5,3,1,1,2,2,2,3,1,2,3,0,2,1,1,1,2,3,1,2,2,4,1,4,3,1,2,1,4,2,4,3,0,3,3,2,2,2,1,1,1,2,2,2,2,0,3,2,1,3,2,2,4,0,2,1,2,2,2,2,1,4,2,3,2,3,0,1,1,4,4,2,1,3,1,1,2
dea88efd,4,6,0,1,0,2,4,0,6,0,0,0,6,0,2,0,0,0,2,1,6,3,1,2,2,1,1,6,1,6,6,2,1,0,0,1,0,6,0,0,1,5,4,1,2,1,2,0,3,0,1,0,3,7,1,1,1,2,3,2,7,1,1,3,3,0,2,5,2,1,0,2,4,3,1,3,3,0,2,3,0,4,2,5,1,2,4,2,3,4,1,0,7,2,2,1,0,2,4,4,0,1,2,4,1,8,1,1,0,5,2,1,0,0,0,0,0,2,4,4,3,3,3,5,2,3,3,3,1,3,4,4,2,1,7,4,5,0,3,3,4,0,1,0,1,5,0,1,1,5,4,1,2,5,5,1,1,3,2,1,6,2,6,0,4,1,3,2,3,2,2,2,2,4,2,2,3,7,1,3,0,4,2,3,3,2,3,0,3,1,6,4,7,7,4,0,2,4,2,7,6,3,4,2,1,0,3,1,5,0,3,1,1,7,3,0,2,5,5,3,4,1,1,0,2,1,1,1,1,6,1,2,3,4,6,0,2,1,3,8,1,4,8,2,2,2,2,4,0,2,0,2,5,4,2,3,3,2,2,3,0,2,2,1,4,2,1,1,1,1,4,1,1,5,2,1,1,4,3,1,0,0,0,2,1,3,2,3,2,7,1,2,2,1,4,1,0,4,5,0,2,1,0,0,2,2,5,3,1,3,1,3,0,3,1,4,6,1,6,1,6,3,2,0,2,3,0,1,1,2,4,2,0,0,0,4,2,0,5,0,3,0,2,2,4,9,2,2,4,0,5,4,2,2,3,3,1,0,4,2,0,2,6,4,1,1,1,1,3,3,2,1,0,1,4,2,2,0,0,1,2,1,1,2,1,3,3,2,2,0,3,2,1,2,3,1,3,3,1,2,2,1,3,0,1,2,2,0,0,4,1,1,0,0,1,1,2,0,0,1,2,4,2,1,1,2,1,2,2,0,3,7,0,1,1,0,3,2,1,0,2,1,0,0,2,1,2,1,1,1,1,0,0,0,1,2,0,0,0,0
e77dc3b2,1,1,7,3,6,2,1,6,0,6,6,8,1,9,1,6,7,5,2,7,1,1,7,4,6,7,5,1,5,1,1,1,7,9,7,5,9,1,8,6,5,3,0,7,3,8,5,9,4,8,7,6,2,0,6,4,2,3,0,6,0,9,7,2,4,6,2,2,8,6,5,2,2,2,8,0,2,8,1,2,7,3,8,0,6,2,0,3,7,0,6,6,0,3,6,5,5,7,2,2,7,6,3,1,2,1,3,10,5,0,5,7,4,0,0,7,8,8,2,2,0,1,1,2,0,2,3,1,3,1,2,0,2,4,2,2,0,1,1,1,0,7,5,6,5,2,3,6,4,1,1,7,5,0,1,4,3,3,3,6,1,3,2,9,3,2,3,7,1,4,5,0,5,1,1,1,1,1,5,2,2,0,4,2,2,7,0,3,3,3,1,3,1,0,2,7,1,3,3,0,1,0,2,2,7,4,2,0,1,7,0,3,9,0,1,6,6,0,0,3,2,1,7,8,1,3,6,4,1,1,8,5,1,3,1,9,0,3,1,1,1,0,1,0,2,1,2,2,6,1,6,1,3,2,2,1,1,2,6,1,7,0,6,1,0,7,6,0,5,3,4,1,2,0,4,1,2,0,0,1,6,8,3,3,4,2,5,1,1,1,3,1,3,4,0,0,5,3,0,1,1,2,4,6,1,1,0,1,2,0,2,1,4,0,2,1,0,0,1,6,0,1,4,5,0,2,0,5,5,2,0,1,2,8,6,1,1,1,0,7,2,2,1,6,0,0,3,0,1,6,1,0,5,0,0,1,1,7,2,1,3,0,0,2,3,0,4,4,1,3,2,1,7,3,2,1,0,4,4,0,5,1,0,1,2,1,3,1,0,4,0,3,2,1,0,1,1,0,2,1,2,0,1,5,2,1,1,6,2,1,1,3,7,4,2,2,2,0,4,1,1,0,0,6,3,3,1,4,1,2,1,1,1,0,2,0,1,1,3,2,3,0,3,1,0,1,3,0,1,2,1,1,2,0,0,1,2,3,2,2
f2bf1b0f,1,1,7,4,5,2,1,6,1,4,7,6,1,6,0,6,5,5,1,6,1,1,6,4,6,5,4,1,3,0,0,2,5,5,9,4,7,1,5,5,3,0,0,7,3,6,6,5,2,5,5,3,3,2,3,3,3,2,1,6,1,6,8,3,1,4,4,2,6,4,4,1,1,0,7,1,1,6,1,4,6,2,6,1,5,3,1,3,7,1,5,5,2,4,6,4,6,5,2,1,7,6,2,1,3,0,3,7,8,2,2,5,3,0,7,0,5,5,1,2,2,2,3,0,3,0,4,2,4,2,3,1,2,3,1,1,0,2,2,3,1,6,6,7,4,3,0,5,1,2,2,5,3,1,4,6,2,1,4,3,1,0,2,6,2,1,3,4,2,4,5,1,3,1,3,4,3,1,3,1,5,2,5,3,1,6,2,1,2,3,1,1,3,2,2,5,2,3,4,1,2,1,0,1,4,4,0,4,1,7,3,4,7,1,2,5,5,1,0,2,2,1,5,6,1,3,4,3,3,3,5,3,2,1,0,6,1,3,2,0,3,3,1,1,0,2,1,1,5,2,5,4,1,4,3,1,1,0,6,1,6,1,6,3,1,6,4,2,6,4,5,3,5,1,5,2,2,1,1,0,9,7,2,1,4,0,4,3,2,0,2,3,3,3,0,1,5,3,1,3,3,2,5,6,1,3,1,2,2,1,2,4,5,1,2,1,1,1,1,8,0,2,5,6,1,1,1,3,3,3,0,1,1,8,6,2,0,2,1,7,2,3,2,7,1,0,5,2,2,6,2,1,6,2,1,1,2,7,2,1,3,2,0,3,5,2,2,6,2,2,3,3,7,4,2,4,1,4,4,0,5,2,0,3,3,1,4,2,0,5,1,3,4,3,1,1,1,0,1,2,2,1,2,4,3,2,3,7,3,3,2,3,8,5,2,2,3,1,5,1,1,1,0,5,4,3,1,4,1,3,2,1,2,2,3,1,1,1,2,3,4,1,4,2,0,1,3,1,1,2,1,2,2,1,0,1,3,4,3,3
fed7cb61,1,1,4,2,4,1,2,3,0,6,4,5,1,7,2,4,4,2,1,5,0,2,5,3,4,4,2,1,3,1,1,2,7,6,5,3,6,0,6,4,3,3,1,5,4,6,3,6,3,6,5,3,1,0,4,2,3,4,1,4,0,7,5,1,4,3,2,1,6,3,5,3,3,3,6,1,3,5,1,2,4,4,5,0,3,3,0,1,5,0,3,4,0,2,3,3,4,5,2,3,4,4,2,1,1,0,2,8,3,1,5,4,4,0,8,5,0,6,2,2,1,2,2,3,0,3,3,2,3,2,3,1,1,2,2,3,0,2,1,1,0,6,3,3,2,2,3,4,4,1,0,6,3,0,2,2,4,3,0,6,1,3,3,8,3,2,3,7,0,2,3,0,4,1,1,2,2,1,4,2,3,1,1,2,3,7,0,4,2,3,1,4,1,0,3,6,1,3,2,0,1,0,3,3,5,4,2,1,1,6,0,3,7,0,1,5,4,1,1,3,1,1,5,7,1,4,5,3,1,1,6,3,3,2,2,8,0,3,1,1,1,1,0,2,3,1,1,2,5,1,7,1,3,2,4,1,1,3,5,0,6,1,5,1,2,7,7,0,4,3,4,1,3,1,4,1,2,1,0,2,5,7,4,4,3,3,3,1,1,0,2,3,3,3,0,1,5,3,2,2,1,3,3,5,2,1,0,1,3,1,3,2,3,1,2,1,1,1,1,4,1,2,3,5,1,2,1,4,4,3,0,1,2,7,5,1,2,2,1,6,3,3,2,5,2,0,2,0,1,5,2,0,4,1,0,1,1,6,4,1,3,2,2,2,3,2,4,3,1,2,2,3,8,3,2,2,1,5,3,1,3,1,1,1,1,2,4,1,2,4,2,4,3,3,1,2,1,1,3,3,3,1,1,5,4,1,2,5,3,2,2,4,6,3,3,3,4,1,4,2,2,1,1,5,2,4,2,4,2,4,3,0,2,0,2,1,2,2,4,3,4,1,3,2,2,2,4,1,3,2,2,2,3,1,1,2,3,4,3,3
07db670d,0,0,4,2,4,1,0,5,1,6,6,7,0,7,2,6,4,4,4,5,1,0,5,5,5,6,3,2,4,2,1,1,8,8,5,4,6,1,6,6,7,3,1,6,2,7,5,8,4,8,7,6,3,0,7,5,3,3,0,7,2,10,5,1,7,3,0,0,9,5,3,1,5,3,7,1,4,7,0,2,6,4,6,2,4,1,0,6,7,0,4,6,1,3,6,6,3,6,5,2,6,7,5,2,4,1,3,9,5,1,7,6,3,2,8,5,6,0,3,0,3,1,1,5,0,4,4,0,1,3,3,0,0,5,1,3,1,1,1,2,0,5,4,3,6,1,3,7,6,3,1,7,6,2,0,2,4,2,4,6,2,4,3,9,4,2,1,8,0,7,5,1,6,1,0,2,2,3,5,4,1,1,5,0,5,8,3,4,1,2,2,6,1,1,3,7,1,6,2,1,1,3,3,2,8,5,4,1,1,7,0,2,8,2,1,4,7,2,3,4,4,2,8,8,2,3,6,6,1,2,9,8,1,5,3,7,2,3,2,3,1,1,1,1,3,2,5,3,6,2,4,1,5,2,0,1,1,2,6,4,7,1,4,0,1,7,6,1,5,3,4,1,2,2,4,1,0,3,0,2,6,6,2,4,4,4,8,2,1,1,3,1,4,6,1,1,6,4,1,2,1,1,4,6,1,1,1,3,4,3,1,1,4,1,2,2,2,1,2,4,1,1,3,3,0,2,0,5,7,2,1,3,3,6,6,2,1,0,2,5,1,1,2,7,1,2,5,1,2,5,1,0,5,3,0,1,2,6,2,1,4,0,1,3,4,2,4,4,1,4,2,0,5,3,3,0,1,5,4,1,4,1,1,2,4,2,3,1,1,3,2,3,1,0,0,0,3,0,1,0,3,0,2,4,0,1,0,6,1,1,0,5,5,4,2,1,0,0,3,0,3,1,1,6,5,5,0,4,0,0,0,1,0,1,2,1,0,0,2,1,3,1,2,1,0,1,3,0,0,1,0,0,1,1,0,0,3,2,1,1
10745192,7,5,2,4,3,4,5,2,5,1,2,1,6,3,4,3,2,3,3,3,2,5,3,4,3,2,4,6,1,5,4,3,0,2,1,4,2,4,3,4,4,6,5,1,5,2,3,2,1,3,4,3,3,3,3,3,3,4,3,2,5,2,1,3,4,3,1,5,3,3,2,5,5,4,2,4,5,2,3,4,2,4,2,2,5,4,3,3,4,2,3,1,6,1,4,2,1,3,6,7,1,1,4,5,5,6,3,2,2,5,5,2,3,4,2,1,2,3,0,5,3,3,3,5,0,6,4,6,1,2,4,4,1,3,4,4,2,2,2,1,2,3,2,1,2,2,3,3,1,8,2,4,2,4,4,3,2,7,3,1,4,2,4,2,2,3,1,4,1,2,3,0,6,1,3,2,4,3,4,3,1,3,4,2,5,4,1,3,5,4,2,4,3,3,4,3,1,6,2,4,3,4,6,4,2,1,3,2,1,1,2,2,2,5,0,3,3,5,5,7,4,1,2,3,2,1,4,5,1,5,2,3,6,4,5,2,1,1,1,6,1,4,4,3,4,1,2,3,1,1,2,1,7,4,2,3,1,3,2,3,1,2,1,0,6,3,1,1,2,0,4,0,3,5,3,0,2,6,1,0,1,3,0,4,4,4,2,2,0,3,1,3,2,5,1,1,1,4,5,2,1,0,1,1,1,0,0,1,1,5,1,3,1,1,2,3,6,1,4,1,4,5,4,1,2,1,0,5,2,5,1,3,2,1,1,2,1,0,3,1,3,0,4,3,4,5,4,1,2,1,3,2,3,3,1,1,0,1,3,1,1,4,6,2,1,2,0,2,0,3,0,1,0,0,2,2,3,2,1,1,2,0,2,4,1,5,4,0,3,1,6,3,3,2,1,1,3,2,0,2,1,0,1,1,3,0,1,1,0,1,1,3,1,1,1,1,2,0,1,1,6,7,1,2,2,3,1,3,1,2,4,5,0,1,0,0,1,1,3,0,2,1,1,0,2,1,3,0,2,3,1,0,0,0,1,1,0,0,0,0
20730eae,6,5,4,5,2,4,6,4,5,1,2,2,6,1,1,2,3,4,1,1,4,6,1,1,4,2,4,5,3,2,4,2,1,2,2,3,3,7,1,2,0,6,4,2,5,1,0,2,4,1,1,2,4,6,1,4,4,2,4,1,7,1,1,4,1,3,3,8,1,2,2,4,3,5,1,3,4,2,1,2,3,4,3,2,5,5,4,1,0,4,4,1,5,1,4,1,2,1,1,6,3,2,1,1,1,7,1,1,3,4,1,1,6,4,2,2,2,0,5,0,1,3,3,2,1,4,4,5,5,2,5,6,2,2,5,2,1,3,1,1,3,2,2,2,1,5,3,2,0,7,3,1,1,3,5,2,3,5,3,1,3,2,4,1,1,2,2,1,5,0,4,1,2,1,5,3,3,2,1,1,2,3,1,6,3,1,1,1,4,2,1,2,3,6,1,2,1,1,1,4,3,2,3,3,1,0,1,2,1,1,1,4,1,7,1,2,1,3,5,4,1,1,1,2,2,1,1,1,2,4,1,0,4,4,4,1,1,1,1,3,2,7,5,3,3,1,0,0,1,1,2,2,3,3,2,3,0,2,0,0,1,1,3,2,3,2,0,2,1,2,2,3,2,3,1,2,2,3,1,0,2,2,1,1,3,2,0,3,1,3,0,4,2,1,1,2,0,1,5,2,2,1,1,1,1,1,3,2,1,2,1,5,1,1,2,1,5,2,2,2,5,4,2,1,2,0,2,1,0,2,0,1,0,1,1,0,3,2,3,1,4,1,1,1,3,5,0,1,0,1,1,2,0,2,1,0,1,0,4,0,0,4,6,0,1,3,0,1,2,0,1,2,1,1,1,4,3,1,1,1,1,1,1,5,1,2,2,1,1,1,4,1,2,3,0,1,0,2,0,2,1,1,1,0,5,1,3,1,1,1,2,1,1,1,1,0,4,2,1,0,2,4,0,0,0,1,1,0,0,3,5,6,2,1,1,2,0,1,1,1,0,2,1,1,2,1,2,1,2,0,1,1,1,2,1,0,2,1,1,2
2b9fdeea,1,2,0,0,0,3,3,1,2,1,1,1,1,0,7,1,1,2,5,1,3,2,2,2,1,2,3,2,2,4,4,5,2,1,0,1,1,1,0,2,2,4,4,1,3,1,2,1,3,1,2,1,3,0,4,2,6,4,3,2,3,2,1,2,5,1,2,2,3,1,2,2,6,4,2,6,4,2,2,6,2,3,0,2,1,2,1,5,2,2,1,2,3,3,1,5,1,2,7,4,2,2,4,4,5,2,2,1,3,5,4,1,2,3,0,2,1,3,3,1,0,5,6,6,2,5,3,3,3,6,5,3,4,4,2,5,4,3,4,3,2,0,1,2,3,1,5,2,3,3,3,1,3,5,5,3,6,4,4,1,4,3,3,1,4,2,2,4,2,4,2,3,2,1,5,6,4,2,3,3,4,6,5,4,6,4,5,3,2,1,4,6,4,2,6,1,5,6,3,3,3,5,5,4,2,2,4,8,3,2,4,4,1,3,2,0,2,6,5,5,4,3,2,1,2,2,2,2,2,5,2,4,4,3,6,0,4,2,5,3,1,3,4,6,4,4,5,4,1,4,2,4,6,4,4,2,2,2,2,5,1,5,1,3,6,2,1,3,3,1,3,1,6,7,3,2,5,7,3,1,3,0,0,4,2,4,3,3,4,3,2,4,3,2,4,1,2,5,5,4,4,1,2,2,2,2,2,3,3,8,2,4,2,3,4,5,6,1,3,1,4,4,2,1,3,2,1,3,2,5,3,6,3,1,2,6,1,2,4,1,4,1,5,3,5,3,5,2,5,1,4,2,4,8,1,2,3,1,4,3,2,4,4,4,2,4,2,4,1,3,1,4,1,3,4,4,2,4,4,2,4,3,4,6,2,5,6,1,5,0,5,4,3,3,4,2,3,2,0,4,2,1,3,0,2,3,2,2,2,2,2,3,2,2,2,3,5,0,1,2,5,4,4,2,3,5,3,2,4,4,3,4,1,3,2,1,4,2,2,1,4,1,0,2,2,3,4,1,4,3,1,1,0,2,3,2,1,1,2,1
2e5915f1,2,2,1,1,2,5,4,0,2,0,1,0,1,1,5,0,2,1,5,2,3,3,3,1,3,1,2,1,2,4,4,5,0,0,3,2,2,4,1,2,2,5,6,2,4,1,5,0,3,0,1,0,6,2,2,3,4,7,6,2,2,0,2,5,3,2,6,2,1,3,1,5,5,4,1,6,2,0,2,8,0,5,0,2,1,4,1,3,4,6,0,2,3,6,1,2,4,2,4,4,0,0,3,4,3,3,1,1,2,7,3,3,3,3,1,2,2,1,3,3,5,0,10,4,1,5,5,3,2,4,5,4,4,2,3,8,2,5,8,4,4,1,2,1,1,4,4,0,0,3,1,2,2,5,4,4,3,6,2,2,2,3,4,0,2,2,6,4,2,1,2,2,2,4,3,5,3,2,4,4,6,7,2,3,4,3,3,3,4,2,5,5,6,1,5,0,4,3,2,5,6,3,3,4,0,0,3,5,1,0,4,6,2,2,1,1,2,4,5,3,2,1,0,0,3,5,3,1,2,6,0,3,5,3,6,1,2,2,4,3,5,5,4,3,5,4,4,4,0,4,4,6,4,5,4,5,4,4,3,4,1,4,5,7,4,5,2,2,2,2,7,4,5,5,4,5,5,3,3,2,0,1,3,3,1,3,2,4,4,3,3,1,5,1,4,3,0,5,6,2,3,2,0,0,3,2,2,2,2,4,3,8,0,2,4,3,3,4,5,3,3,4,1,1,2,3,1,4,1,5,1,4,3,1,0,4,2,3,4,1,7,1,3,1,6,4,2,2,3,1,5,3,4,4,4,3,2,1,7,3,0,2,4,4,0,4,1,1,2,3,2,3,1,2,4,6,3,2,3,2,5,4,4,4,1,4,7,2,3,2,4,4,3,3,2,5,2,3,3,5,2,0,4,1,4,2,1,0,2,3,2,3,1,0,4,3,6,2,2,3,4,4,2,4,1,3,6,3,3,4,4,3,2,2,1,1,3,5,3,2,3,2,1,1,4,3,3,0,7,4,3,1,3,3,5,2,1,1,2,3
38ceb24a,2,2,1,1,2,5,4,0,2,0,1,0,1,1,5,0,2,1,5,2,3,3,3,1,3,1,2,1,2,4,4,5,0,0,2,2,2,4,1,2,2,5,6,2,4,1,4,0,3,0,1,0,6,2,2,3,5,7,5,2,2,0,2,5,3,2,7,2,1,3,1,4,5,4,2,7,2,1,2,9,0,5,0,2,1,4,1,3,4,5,0,2,3,7,1,3,3,2,5,4,0,0,2,5,4,3,1,1,2,8,3,2,3,3,1,3,2,1,3,3,6,10,0,4,1,5,5,3,2,4,6,3,4,2,3,7,2,4,7,3,4,1,1,2,2,4,4,0,0,3,1,2,1,5,5,4,3,6,2,2,3,3,3,0,1,2,6,4,2,2,3,1,2,4,4,6,4,2,4,3,5,8,3,4,4,4,3,2,4,2,4,5,7,2,6,0,5,4,3,5,6,4,3,4,0,0,3,6,1,1,5,7,1,2,1,1,2,5,4,3,3,0,0,0,2,4,3,1,1,7,0,2,6,3,6,1,3,1,3,3,5,6,5,4,4,3,3,3,0,4,3,7,4,6,5,4,3,4,2,3,0,5,5,6,5,5,2,3,1,2,6,3,6,6,5,4,6,4,3,1,1,1,2,3,1,3,1,3,3,3,2,2,4,1,3,3,1,5,7,3,4,3,1,1,2,3,2,2,3,5,3,9,1,2,4,3,4,3,4,4,3,5,2,2,3,3,1,4,1,6,1,4,2,2,1,5,2,3,4,1,6,1,4,2,7,3,3,2,4,0,6,3,5,5,4,3,2,2,7,2,1,3,4,5,1,5,1,2,1,3,2,4,2,3,4,7,3,3,4,2,4,3,4,5,0,4,8,2,3,1,5,5,4,4,3,5,2,3,2,6,2,0,4,1,4,2,2,1,2,4,2,3,2,1,5,2,7,2,1,3,4,4,2,3,2,4,6,3,3,4,5,4,2,2,1,1,3,5,3,2,4,2,1,1,4,3,3,0,7,4,3,1,3,3,5,2,1,1,2,3
48a5a5d6,2,2,0,0,1,2,2,1,2,2,1,2,2,2,5,1,2,1,4,2,1,2,2,2,0,3,0,5,3,3,3,3,3,3,0,3,2,4,2,2,5,6,4,3,3,3,2,3,2,3,4,2,2,1,4,4,4,5,3,3,4,4,0,3,7,1,2,2,5,2,3,4,7,3,2,3,7,2,1,3,1,8,0,3,1,2,0,4,3,1,0,2,3,3,1,3,1,4,7,5,2,3,4,4,3,3,1,3,1,4,6,1,4,5,2,0,3,5,5,2,6,4,4,0,0,4,3,4,1,4,5,3,1,2,3,7,2,2,4,3,1,1,0,0,2,3,5,3,5,4,1,2,4,4,3,1,6,5,3,3,4,3,6,3,4,4,3,5,0,3,2,1,2,4,4,3,3,6,2,4,3,4,3,3,6,4,4,3,5,1,3,8,3,2,8,2,2,7,2,3,2,4,7,4,4,2,5,3,2,1,2,3,2,4,1,1,4,7,6,6,4,3,4,2,3,2,2,3,1,4,4,4,4,3,8,2,3,3,4,7,2,3,3,4,3,3,3,4,1,4,1,3,7,3,5,4,3,4,2,4,1,2,2,2,5,3,2,1,2,1,4,0,2,7,3,2,4,7,2,2,1,1,0,6,3,7,3,3,1,2,1,5,3,3,2,2,1,5,4,2,4,1,1,1,2,2,1,2,2,6,1,4,1,1,2,5,6,2,5,0,5,4,1,0,1,4,0,2,3,3,2,4,1,0,1,5,0,0,5,0,5,1,4,1,5,4,3,1,3,0,4,3,2,5,2,3,3,0,3,3,1,3,5,4,2,4,3,2,1,3,2,3,0,1,3,4,1,2,2,2,2,3,2,4,2,3,3,2,4,0,5,3,2,5,1,2,4,1,1,3,2,0,3,0,2,3,2,1,1,3,2,4,0,1,2,2,2,1,0,3,4,5,4,1,2,4,2,2,3,2,3,4,0,2,2,1,3,3,2,2,3,1,0,1,3,1,4,0,3,1,1,1,1,2,2,1,1,1,1,0
54e4866f,0,1,2,1,0,0,1,1,2,0,1,0,1,0,2,0,1,1,0,0,5,2,0,2,1,0,1,1,0,3,3,2,0,0,2,1,1,1,0,1,0,0,1,1,2,0,2,0,0,0,0,1,2,5,0,1,1,1,3,1,1,0,3,1,0,0,3,1,0,0,4,1,0,0,0,3,2,0,6,1,1,1,1,6,1,2,4,1,2,3,1,1,3,1,1,0,1,0,0,0,2,1,1,3,2,1,6,0,3,1,0,0,1,2,0,3,0,0,0,1,2,1,1,0,0,0,2,1,5,2,1,1,6,0,1,0,6,6,3,5,4,0,2,1,0,3,0,0,3,1,7,1,0,2,3,2,1,0,2,1,3,1,2,0,3,4,4,0,5,0,1,6,0,5,3,4,1,4,0,3,4,3,2,1,2,0,5,0,1,4,4,0,2,2,1,0,3,0,3,3,3,2,0,3,0,3,4,5,5,0,6,1,0,1,5,1,1,1,0,0,1,4,1,0,3,2,0,0,5,1,0,0,0,1,0,0,2,2,3,1,4,3,1,1,1,3,1,5,0,3,0,4,1,2,1,1,3,3,1,1,0,4,1,3,0,1,0,4,1,3,1,5,2,0,1,3,0,0,7,3,2,0,1,1,1,2,0,5,5,4,1,1,2,1,6,5,2,0,0,2,3,3,1,1,4,5,6,5,2,0,4,2,0,7,0,2,0,5,1,1,3,1,1,1,4,3,6,0,0,0,7,0,1,0,0,1,2,4,4,1,0,2,1,1,0,1,1,7,4,3,1,3,0,1,6,4,3,0,0,2,2,2,0,3,2,2,1,2,5,1,5,2,0,4,3,3,4,1,0,2,0,2,2,2,2,3,0,6,3,2,0,0,1,1,4,3,2,3,4,0,2,7,3,2,1,2,2,0,2,3,2,0,1,0,2,4,0,6,2,1,0,1,2,0,1,0,1,1,2,1,1,0,4,6,2,2,3,1,1,2,1,5,2,3,3,3,0,5,0,2,4,3,1,4,2,4,2,2,2,2
5521f419,4,3,1,4,2,5,4,1,4,1,1,0,2,2,4,1,2,3,4,0,3,4,1,2,4,0,6,4,1,5,4,4,2,2,0,3,2,4,2,5,2,6,5,1,5,2,1,2,6,2,1,3,6,1,6,4,7,5,3,2,4,3,1,4,6,3,1,3,2,3,1,4,7,9,3,4,3,2,1,4,2,5,2,3,5,4,3,5,2,3,3,2,3,4,3,5,1,2,6,8,0,1,3,4,5,3,2,3,2,6,5,2,4,3,2,0,3,4,6,4,5,5,5,4,0,0,4,3,2,4,6,3,2,6,2,6,3,4,2,2,3,2,2,0,2,2,6,3,3,6,2,4,4,6,3,2,5,7,3,4,4,7,4,2,2,3,1,6,3,3,4,2,7,0,3,3,4,3,6,4,2,4,2,3,6,5,3,4,2,3,2,6,2,2,4,3,3,5,1,3,3,4,6,5,3,0,4,4,1,1,2,4,3,4,1,2,3,4,4,6,5,2,2,3,5,3,5,4,1,4,3,5,4,8,5,2,2,2,3,5,2,3,3,2,9,3,5,3,1,3,3,2,6,3,1,2,1,4,2,3,1,3,1,2,5,3,2,4,0,2,2,1,4,5,3,3,2,4,0,1,0,2,2,3,4,5,3,1,3,2,3,2,5,4,2,2,1,4,5,2,2,2,0,1,1,1,2,3,3,5,1,4,0,2,4,2,4,2,2,0,2,4,2,0,2,1,1,7,2,3,1,4,4,1,1,3,4,2,4,1,4,0,3,3,5,3,2,1,2,1,2,1,2,6,0,1,2,1,4,1,1,4,3,2,0,3,2,0,1,5,1,2,1,1,3,2,4,3,3,1,3,2,4,5,1,3,4,1,2,0,4,4,3,1,1,2,1,3,1,3,1,0,3,1,4,2,1,0,1,1,1,2,1,0,3,0,4,1,0,0,4,4,1,3,1,4,3,1,1,4,2,2,1,1,1,1,1,2,4,0,1,2,0,1,2,2,2,0,4,3,1,0,1,2,3,0,1,0,1,2
5db45ee5,1,2,3,3,2,2,2,3,4,2,3,3,1,3,4,2,4,4,4,3,5,2,2,6,4,3,3,3,3,3,4,5,2,3,4,4,3,4,4,4,4,5,4,4,4,3,3,3,3,3,3,3,7,4,3,3,3,5,3,5,4,3,4,2,5,2,2,1,3,3,3,2,2,3,2,4,4,3,0,7,2,4,3,3,3,5,3,5,4,4,4,6,3,2,5,3,1,4,3,3,4,4,1,3,4,3,2,3,3,5,4,3,3,3,3,4,3,4,4,4,3,5,5,3,2,4,0,3,3,4,4,5,1,2,4,2,2,4,4,2,3,2,5,3,4,6,2,2,2,6,3,3,2,3,4,3,5,3,4,2,2,4,3,3,0,4,4,4,3,4,5,2,3,3,4,5,6,2,4,3,3,4,3,5,3,4,3,3,2,2,2,3,4,3,2,3,1,4,2,4,4,1,4,1,4,3,2,5,0,2,3,3,2,4,1,3,6,3,2,3,4,1,3,2,1,2,3,3,3,6,3,5,2,2,6,3,1,1,2,2,3,5,4,1,3,4,4,1,2,3,2,5,6,5,1,0,0,3,3,3,2,2,4,4,4,7,3,2,2,1,6,4,6,4,6,2,1,2,2,0,3,2,1,4,2,2,3,4,2,3,2,2,5,3,2,2,2,3,6,4,2,1,3,2,1,1,3,3,2,2,0,6,3,3,1,1,3,2,1,4,2,1,3,2,1,1,1,3,5,4,0,4,2,2,2,2,2,2,4,2,2,2,2,4,3,3,3,3,1,2,2,4,2,4,2,0,1,2,5,1,2,4,4,1,3,3,1,1,1,2,1,3,1,3,2,5,2,2,2,1,2,2,1,4,2,3,5,1,2,3,2,4,3,2,1,0,3,3,0,2,2,1,3,2,3,2,2,2,2,2,3,4,3,3,1,0,2,1,3,0,3,4,1,4,4,3,1,3,0,3,1,3,1,3,1,2,0,0,2,1,2,3,2,2,1,2,2,1,2,2,1,2,1,2,1,0,1,1,2,2
5f3eaaf5,6,4,1,3,1,3,5,1,3,1,3,1,5,1,4,1,1,2,1,2,1,5,3,1,3,3,3,3,3,2,4,2,1,1,3,2,1,2,1,3,0,4,2,1,5,1,3,1,2,1,2,0,3,4,2,0,3,3,5,0,4,1,2,5,1,1,3,5,2,1,2,4,2,2,1,2,3,1,1,3,1,2,3,2,3,5,1,2,2,3,2,3,5,2,1,1,1,2,3,6,1,1,2,2,1,4,0,1,2,5,1,1,2,3,1,2,2,0,6,5,3,3,3,4,1,3,3,0,2,2,2,4,1,2,4,2,3,2,3,0,4,1,3,1,1,4,2,1,1,5,1,0,1,2,6,3,3,4,0,0,3,1,2,1,2,2,3,1,1,0,1,1,2,2,4,3,2,1,0,1,3,3,2,4,2,1,1,1,3,2,1,2,3,3,3,1,1,3,3,3,2,3,6,2,1,0,1,3,3,2,3,1,1,4,0,1,0,5,4,5,1,1,1,1,1,0,0,1,3,4,1,0,5,1,5,1,1,1,1,3,2,4,3,4,3,1,0,1,3,2,2,2,4,4,4,3,1,2,0,1,1,1,3,2,6,2,0,1,2,1,3,1,1,5,2,0,3,6,3,0,1,1,0,2,2,3,0,3,0,2,0,5,0,1,1,1,0,3,4,1,2,0,1,1,1,0,0,0,0,5,2,3,1,0,4,4,6,0,3,2,5,5,4,1,2,1,1,1,0,3,1,3,1,1,1,2,2,1,2,2,4,2,3,1,3,4,2,2,1,1,2,5,1,3,3,2,2,0,3,2,0,5,7,1,0,1,1,2,0,2,1,2,1,2,1,4,2,1,1,2,2,1,3,3,0,3,2,1,4,0,5,1,2,3,1,2,2,2,0,2,1,1,1,1,5,2,3,1,2,0,3,2,1,1,0,2,3,1,0,3,5,9,3,0,0,1,2,2,3,5,4,5,1,3,2,1,2,2,3,2,2,1,1,2,2,2,4,1,3,3,2,2,1,1,2,2,1,2,2,1
638a4d71,2,1,4,5,3,2,4,5,1,3,2,3,1,3,3,2,4,4,1,3,4,3,1,2,1,4,3,1,5,1,3,3,2,4,3,3,3,3,3,2,2,3,3,3,6,3,0,4,2,3,3,3,2,2,1,5,4,3,3,3,1,2,4,2,1,3,3,4,2,3,4,4,2,2,3,4,2,3,1,1,5,3,4,2,3,4,1,1,2,1,5,2,1,1,3,1,4,3,1,3,6,4,0,0,1,1,4,2,3,2,1,3,7,1,3,4,3,1,1,5,3,2,2,1,5,2,3,2,0,5,3,2,5,1,1,2,2,5,0,3,2,3,4,5,3,2,2,3,0,2,6,1,1,2,3,3,3,3,3,3,0,1,2,2,2,1,1,1,5,2,4,3,0,1,4,4,2,3,0,3,3,4,3,4,4,2,2,2,2,2,1,2,0,1,1,2,2,2,1,1,0,1,1,4,3,2,4,5,5,2,1,4,2,1,4,2,3,1,2,2,0,4,2,2,3,4,0,2,2,1,3,1,2,1,1,3,2,2,2,0,3,4,1,1,2,1,0,1,3,1,2,1,2,1,2,1,1,1,2,1,2,3,4,1,1,2,2,3,4,2,2,6,3,1,2,2,3,1,4,1,4,2,1,1,2,2,2,3,2,4,1,3,3,1,2,3,1,1,2,2,1,1,2,2,4,1,3,7,1,1,2,3,3,4,2,2,1,3,0,3,3,2,2,3,2,1,5,0,2,1,3,1,0,2,3,0,1,3,4,4,3,1,1,2,2,0,3,4,2,4,0,0,0,2,1,0,2,1,3,1,0,2,1,0,2,4,1,3,1,0,1,2,2,3,5,2,4,1,1,2,1,1,1,5,2,4,1,1,4,2,2,1,2,2,2,1,0,2,0,2,3,3,1,2,4,1,3,2,1,1,1,2,3,3,2,1,3,3,3,1,1,1,0,1,1,1,1,2,1,3,2,1,4,4,2,3,2,1,1,1,2,3,2,2,5,4,2,4,2,0,1,1,3,2,2,2,2,1,1,2
7ff93107,2,2,1,2,1,3,4,2,1,2,2,2,1,1,3,2,1,3,5,2,2,3,1,3,0,3,2,0,5,3,4,4,3,2,1,0,0,1,2,3,2,4,4,2,4,2,1,2,3,2,3,3,2,1,3,3,5,4,4,2,1,3,4,2,4,1,2,3,4,1,1,3,5,5,2,4,2,3,1,4,3,3,2,2,0,5,1,3,3,4,3,4,2,1,1,4,3,4,4,5,3,3,4,2,2,1,1,2,2,3,2,1,4,3,1,2,2,3,2,2,6,4,4,4,2,4,4,2,5,0,4,3,5,3,2,4,4,3,2,2,5,1,3,3,3,1,3,3,3,2,2,1,3,5,4,3,5,4,3,4,3,5,2,2,3,1,2,2,5,4,3,3,0,2,3,1,2,2,2,5,2,3,4,2,6,3,4,4,2,1,2,5,2,2,3,3,5,5,3,2,2,4,5,4,4,3,3,3,3,2,3,2,2,1,3,2,3,3,5,5,2,1,3,2,3,3,1,2,1,2,3,5,3,2,4,1,6,2,1,2,1,2,2,3,4,3,4,2,2,2,1,1,4,2,2,4,3,3,2,4,2,3,3,2,3,2,1,4,4,2,3,3,4,4,3,4,2,4,2,1,3,1,3,4,1,5,3,0,2,2,3,2,5,2,3,1,2,3,5,4,2,2,3,2,3,2,4,4,3,4,2,3,3,2,4,2,3,1,2,1,4,4,2,1,3,3,1,1,3,3,4,7,2,1,2,3,3,3,4,2,5,1,3,2,3,2,4,0,2,2,2,3,1,4,2,2,1,2,5,4,2,2,2,2,3,3,1,3,2,1,1,2,1,2,5,2,2,2,2,5,3,2,4,5,2,3,3,1,2,1,4,2,2,2,3,2,3,6,1,5,7,0,2,1,3,2,0,2,1,0,3,3,3,3,1,1,4,1,1,1,3,2,3,2,3,2,4,2,2,2,3,1,1,0,1,3,3,3,1,0,2,2,0,1,5,5,3,0,5,2,3,1,3,3,4,2,2,0,2,3
8e697a8f,2,3,2,2,1,2,3,1,5,0,0,0,2,2,3,0,3,2,3,1,3,3,1,1,0,0,1,5,1,4,4,5,1,1,2,2,3,4,2,2,2,7,3,3,3,3,2,1,4,1,1,1,4,3,3,4,7,5,5,4,5,2,1,1,4,2,3,3,2,2,3,3,5,6,4,5,6,2,1,5,0,8,0,3,2,2,3,4,3,3,0,1,3,4,2,4,2,3,5,6,1,2,2,4,5,3,2,3,1,4,3,2,4,4,2,3,3,3,4,5,5,5,6,5,1,6,4,2,3,4,0,5,3,2,3,6,2,5,3,4,3,2,0,2,2,3,3,2,2,5,2,3,2,4,5,1,5,7,2,4,6,4,8,1,2,3,2,5,4,3,5,3,2,0,5,4,4,5,4,4,3,4,2,3,5,6,4,2,3,3,3,5,6,5,6,1,5,5,3,4,4,4,5,5,2,0,4,5,1,1,2,6,3,5,3,2,5,5,6,5,4,3,2,1,4,3,3,2,1,4,2,4,6,5,5,2,3,4,4,4,4,7,5,3,5,5,3,4,0,5,2,5,6,2,3,4,2,3,2,2,0,4,2,3,5,3,2,5,0,4,3,2,6,6,4,5,3,5,0,0,2,2,2,2,2,4,2,3,4,1,2,4,7,2,2,3,1,4,6,3,6,3,1,1,1,4,4,4,3,4,2,8,1,3,2,4,6,3,4,2,4,6,1,2,2,2,2,4,1,4,1,3,1,2,1,4,3,4,6,1,6,2,2,2,4,4,2,2,4,0,5,0,3,6,0,2,2,2,6,2,1,5,4,4,2,5,2,1,4,3,3,4,2,1,4,6,3,2,2,1,3,4,2,7,2,2,5,3,2,2,5,4,4,5,2,2,1,2,1,4,1,1,5,1,6,3,2,1,3,4,4,2,2,1,4,1,6,2,2,1,2,3,0,3,2,3,3,2,1,4,6,4,3,2,3,2,1,2,2,2,3,3,2,2,2,2,1,1,4,2,2,2,2,3,2,1,2,2,3,4
9dc96f10,3,5,1,3,1,3,4,1,6,1,0,0,4,1,4,1,1,2,2,1,4,4,1,2,2,0,2,6,0,4,4,5,0,0,2,3,1,4,1,1,1,5,3,1,2,0,1,0,3,1,1,0,4,5,1,1,3,1,5,1,6,0,0,1,1,0,1,3,0,0,3,4,1,5,0,4,6,0,1,3,0,3,1,2,2,2,5,2,0,6,1,1,3,0,2,1,2,0,1,4,1,1,2,3,3,4,2,0,1,3,2,1,2,4,0,1,1,0,4,6,3,4,3,3,1,3,5,4,2,3,5,0,1,1,6,2,2,4,4,2,4,0,2,0,0,5,3,0,1,5,2,0,1,2,5,0,4,3,1,1,4,3,5,0,1,5,2,1,5,0,2,4,1,2,6,4,3,2,1,1,4,2,0,5,1,1,2,3,2,1,2,1,4,6,2,0,2,1,0,4,3,0,6,1,0,0,0,4,0,0,2,2,1,6,2,0,1,4,4,3,1,3,0,0,3,1,0,0,5,4,0,2,2,2,6,0,1,4,3,2,1,5,5,3,4,4,2,1,0,3,2,4,4,3,2,3,2,2,1,1,1,1,1,6,5,2,0,3,1,1,3,4,3,5,1,4,2,3,2,1,1,0,2,1,1,1,1,5,3,2,2,4,3,0,3,1,0,1,5,3,4,0,0,0,1,2,5,1,0,2,0,5,0,2,1,2,5,2,2,1,5,2,1,0,2,1,1,1,0,1,1,3,2,0,0,1,4,3,4,0,4,2,1,1,2,5,0,1,0,1,2,4,0,4,2,0,2,1,4,3,0,6,6,0,2,2,1,0,4,0,1,3,0,3,0,6,1,1,1,1,2,4,1,4,2,1,3,1,2,2,2,1,3,5,2,0,0,3,2,2,1,1,2,0,4,2,3,0,3,1,5,1,0,0,0,2,3,1,2,1,1,4,1,2,0,1,2,0,2,4,3,5,1,2,2,1,2,1,1,2,1,1,1,3,2,2,1,1,3,1,0,2,1,2,2,1,1,2,4,3
ae4fc6a4,2,2,2,1,1,3,3,1,1,0,0,1,1,1,3,0,2,2,3,2,5,3,2,2,0,2,3,0,3,4,5,3,0,1,1,0,2,2,1,1,0,4,2,1,3,1,3,1,2,0,1,2,2,2,1,2,2,3,4,1,0,0,3,2,0,2,5,4,1,2,3,3,2,2,1,5,0,1,6,3,2,2,2,3,1,2,3,1,3,5,2,1,2,2,1,1,3,2,1,3,2,0,2,4,2,2,4,1,1,2,0,2,2,2,2,2,1,0,1,2,4,4,4,1,6,2,1,1,5,5,3,1,0,1,2,3,7,5,5,4,6,1,1,3,1,1,2,0,3,0,6,1,0,5,3,3,1,5,2,3,4,3,1,0,3,4,5,1,7,0,2,4,0,3,4,1,0,1,2,3,3,3,3,1,3,1,4,0,4,4,4,2,3,0,3,0,7,1,4,2,4,4,2,6,0,2,5,3,4,0,6,3,1,0,4,1,1,1,2,2,1,2,0,0,2,4,1,0,3,1,0,1,3,1,2,1,4,2,3,1,4,1,3,2,3,4,2,5,0,4,1,4,3,2,3,4,4,6,2,2,0,6,3,3,2,1,1,4,2,4,2,3,3,2,1,5,3,1,6,2,1,1,3,2,0,4,0,2,5,5,2,0,4,0,6,3,2,2,3,0,4,5,0,0,5,3,4,4,3,1,7,3,0,5,3,4,1,3,2,1,3,4,1,2,5,4,5,2,0,2,5,2,2,1,0,3,4,6,2,2,4,2,2,1,2,1,2,3,5,1,3,3,2,1,3,4,1,1,4,4,2,2,1,4,1,2,2,3,3,2,4,2,1,2,6,3,3,1,1,4,3,3,5,4,1,3,3,4,3,1,2,1,1,1,4,5,3,6,3,3,4,3,3,3,3,2,1,0,3,2,3,0,2,0,4,6,4,4,2,3,1,1,3,2,0,0,5,3,4,2,4,2,5,3,2,2,5,4,2,2,3,3,2,2,4,5,1,2,4,5,6,2,3,5,4,5,2,2,3,4
b146275b,4,3,5,4,6,6,3,6,2,5,5,5,3,4,2,6,4,8,5,4,1,2,4,1,6,4,8,1,3,2,1,3,6,5,3,4,4,1,4,8,3,1,2,5,2,4,2,5,7,5,4,5,4,0,9,3,6,1,1,3,2,6,4,4,5,5,1,2,5,4,1,1,4,5,5,1,1,5,2,3,6,1,4,1,6,3,3,7,2,1,5,6,1,3,4,8,2,4,5,5,4,6,4,1,5,1,2,5,6,2,4,3,3,1,4,3,2,5,3,2,4,2,2,2,0,6,2,2,1,3,2,1,1,0,2,2,2,1,1,1,1,4,4,3,4,2,5,6,3,4,0,4,7,3,2,5,5,3,5,2,2,4,1,5,3,1,2,4,1,5,1,2,6,0,1,1,2,1,6,1,1,1,4,2,3,3,3,4,2,3,1,3,1,1,1,6,2,4,3,2,2,3,3,2,6,2,1,2,2,5,1,1,5,2,1,4,3,1,2,7,3,1,5,6,3,1,5,5,0,2,6,6,1,5,2,4,2,1,2,2,0,0,1,2,5,2,6,1,5,2,4,1,3,2,1,1,1,1,3,4,5,1,2,2,2,2,2,3,4,1,1,0,3,2,2,2,1,3,0,2,4,4,1,3,7,3,5,0,3,0,4,3,2,5,2,0,3,3,1,3,2,1,4,5,0,1,2,1,2,4,0,1,4,1,6,1,1,0,1,3,1,2,4,2,0,1,0,7,4,2,1,5,6,4,5,2,2,1,2,4,3,0,4,3,1,1,4,0,1,4,1,0,3,5,0,1,2,3,1,1,3,2,0,1,2,1,2,4,1,5,1,1,3,1,1,1,2,4,7,1,6,2,4,3,3,2,3,1,0,1,2,3,3,0,1,1,2,1,1,1,1,0,2,2,3,2,1,4,1,0,1,2,4,4,1,0,3,0,1,0,4,1,2,4,3,4,2,1,1,4,0,0,0,0,1,1,1,1,4,0,0,0,1,1,0,1,4,0,2,4,0,0,0,2,2,0,1,0,1,1
b34c63a5,6,9,1,3,2,5,5,1,7,3,1,2,8,3,4,2,2,2,4,4,5,5,4,3,3,3,3,5,3,6,5,2,2,2,1,4,2,4,3,2,2,6,3,2,3,2,1,2,5,3,4,0,4,6,3,0,2,2,4,1,5,2,1,3,1,1,3,6,3,0,3,4,1,3,1,4,4,1,3,3,1,2,2,2,2,3,6,2,1,5,2,3,6,0,1,2,2,3,1,5,2,2,1,5,2,7,1,2,1,3,2,0,1,7,2,1,2,1,4,5,2,3,3,3,1,2,4,4,1,2,3,6,2,2,0,1,4,1,3,1,4,1,2,1,0,8,1,1,1,3,2,0,1,4,7,2,3,3,0,1,6,3,3,2,4,4,6,1,3,0,1,2,1,4,3,1,1,3,1,1,0,2,1,3,1,0,2,0,2,0,4,2,7,6,1,1,2,1,2,7,6,1,5,1,2,1,2,1,4,1,4,0,1,5,1,1,1,3,3,4,1,0,2,1,0,0,0,0,1,4,2,1,2,2,6,2,1,0,0,5,0,3,8,2,2,1,1,2,1,1,1,2,5,3,2,2,2,4,0,1,1,2,4,2,4,2,1,1,2,0,2,1,1,4,0,1,1,2,2,1,1,1,0,2,1,2,0,2,2,5,0,2,1,0,4,0,0,1,5,0,2,0,1,1,1,1,4,0,0,1,1,3,1,2,3,2,4,0,4,2,4,2,3,1,2,3,0,1,1,1,2,2,1,1,1,1,3,1,3,1,4,0,1,1,2,7,1,1,2,1,5,3,1,1,3,2,0,0,4,1,0,3,5,2,0,0,1,2,2,0,1,0,1,1,1,3,0,0,2,1,3,1,2,2,0,1,3,1,1,0,2,0,0,1,4,1,1,3,1,1,1,1,2,0,3,0,3,1,1,2,2,0,1,1,0,1,4,0,0,1,1,3,1,1,0,0,2,1,1,2,3,6,0,0,0,0,1,1,0,0,1,0,0,1,1,2,2,1,2,2,1,0,0,1,2,2,0,0,1,1
c487901c,2,1,1,1,2,4,4,0,1,0,0,0,1,2,4,0,3,0,4,2,1,3,3,1,1,1,1,3,2,4,3,4,1,1,2,3,3,4,2,1,3,5,6,3,4,3,4,1,3,1,2,1,3,0,3,4,5,7,4,3,2,2,1,5,6,3,4,2,3,3,2,6,8,5,3,4,3,1,2,5,0,8,0,3,2,3,0,3,4,3,0,0,2,6,1,3,4,4,7,5,0,1,5,4,3,2,2,3,1,6,5,3,4,4,2,1,3,3,4,2,5,8,7,7,0,6,2,2,2,4,6,2,3,2,1,0,2,4,5,5,2,2,1,1,1,1,4,2,2,3,1,3,5,5,2,3,4,6,3,4,3,4,7,1,4,2,3,6,1,2,3,2,3,3,2,3,4,5,4,6,5,6,2,3,6,5,3,4,5,3,5,8,3,1,8,1,4,6,3,2,3,4,4,6,2,0,5,3,2,0,2,6,4,2,2,2,4,5,6,4,5,3,2,1,6,5,4,2,1,5,2,4,5,5,5,2,3,4,6,6,4,3,2,3,6,4,4,6,0,4,4,3,5,4,5,6,5,4,4,5,1,3,3,4,3,3,2,2,2,3,6,2,4,5,4,5,5,4,1,2,0,2,3,5,3,6,3,2,4,2,4,2,6,2,3,3,0,7,4,2,3,3,0,0,4,3,1,3,2,5,3,5,0,1,3,4,4,4,6,1,3,5,1,1,2,4,1,4,1,5,2,4,2,1,0,6,1,2,4,1,7,1,4,1,7,4,2,1,4,1,4,2,4,4,2,4,3,1,5,4,0,1,3,5,1,4,2,1,3,5,3,4,1,0,5,3,3,2,2,2,5,4,3,3,2,4,5,3,3,2,4,5,4,4,1,5,3,2,3,6,2,0,4,1,3,4,1,0,1,4,1,3,1,0,4,3,5,2,2,3,4,3,3,3,1,4,5,3,4,3,4,2,2,1,2,1,4,6,4,2,3,2,1,0,4,2,4,0,6,3,3,1,3,2,4,2,1,1,1,2
d7553721,2,4,0,1,0,3,3,0,4,0,1,0,3,0,4,0,0,1,2,1,6,4,2,2,1,2,2,1,2,6,7,2,1,0,1,1,0,1,0,1,0,3,1,1,3,1,3,0,3,0,1,1,2,4,2,0,2,1,4,1,2,1,1,3,1,0,3,2,2,1,2,3,2,3,1,4,0,0,6,2,0,1,3,7,1,2,5,3,2,5,1,2,3,1,1,2,0,2,2,4,0,1,3,6,2,3,4,1,0,2,0,1,0,5,0,0,0,1,2,1,4,2,2,2,6,3,2,3,2,4,2,2,7,2,4,2,0,4,4,4,7,0,1,0,1,3,1,1,4,2,6,0,1,5,4,1,2,2,0,2,7,4,2,0,5,5,5,1,5,1,1,7,1,4,3,1,1,3,1,3,1,2,1,1,3,1,5,0,2,3,5,2,3,3,3,0,6,2,5,3,4,4,4,5,1,1,5,2,7,1,7,0,1,2,5,0,1,3,2,3,3,3,1,0,2,1,0,0,4,2,1,2,1,2,4,0,4,2,3,4,2,0,4,2,4,4,3,6,1,4,0,3,5,3,2,3,5,6,0,3,0,5,1,2,3,0,0,4,1,3,1,2,1,4,0,4,1,2,6,3,0,0,1,2,0,4,1,2,6,6,2,0,3,0,8,2,2,2,3,0,4,3,0,0,4,4,6,4,2,2,5,1,0,6,2,4,3,2,3,0,4,3,2,1,5,5,4,1,0,1,7,3,2,0,0,3,4,4,4,0,3,1,2,1,2,4,1,4,6,0,3,4,1,2,4,5,2,0,2,4,2,3,2,5,1,1,2,2,4,2,5,1,0,2,5,2,2,1,1,3,3,3,4,1,2,3,2,5,3,0,1,0,0,0,5,3,3,6,3,1,3,4,4,2,1,2,2,0,2,2,2,0,0,0,2,5,2,3,1,2,1,2,3,1,0,0,3,2,3,1,2,2,3,3,2,1,4,2,1,1,2,2,1,2,3,4,1,3,2,4,4,1,1,4,3,5,1,1,2,2
d85c238b,1,1,1,2,0,2,2,1,2,0,1,0,0,1,4,0,2,2,2,0,4,3,0,0,1,0,1,2,1,2,3,3,0,1,3,2,2,2,1,3,1,4,3,1,5,1,3,1,2,1,1,2,4,3,2,3,5,4,7,1,1,1,1,2,2,1,3,1,1,0,3,5,3,4,1,6,3,1,3,3,0,4,0,2,2,3,4,2,2,5,0,2,1,2,1,2,2,1,2,4,1,1,2,3,3,0,5,1,2,3,2,1,4,0,1,2,2,1,2,3,3,5,4,2,6,4,4,2,5,3,5,4,5,1,1,4,4,0,4,3,4,1,2,0,0,3,3,1,3,2,3,1,2,3,3,1,4,4,1,2,3,3,4,1,4,5,3,2,4,0,3,6,1,3,4,5,2,3,2,4,5,5,0,2,4,2,3,3,2,3,3,3,2,1,3,1,4,2,1,3,3,2,3,6,1,0,5,6,3,0,4,3,2,1,3,1,2,1,3,3,1,6,1,1,5,2,1,1,5,2,1,3,2,2,2,1,2,4,3,1,4,5,1,2,6,4,2,4,0,3,2,4,4,3,2,2,2,5,1,1,1,5,2,4,2,2,0,5,1,4,3,6,3,2,2,5,1,1,5,3,1,1,3,3,2,5,1,5,5,2,1,2,5,1,6,4,1,1,3,2,3,3,0,0,5,2,4,4,2,1,4,5,0,5,2,1,1,5,1,1,3,3,0,0,3,1,6,2,0,1,3,2,2,0,0,0,3,5,4,0,4,2,2,0,2,1,0,5,2,2,1,2,0,3,3,2,2,0,3,2,1,4,1,1,1,4,1,1,3,0,3,3,0,3,2,5,3,2,1,2,2,4,3,4,3,3,2,3,4,2,2,1,2,2,4,2,1,3,2,2,1,4,3,1,4,1,2,0,3,2,2,1,0,0,2,4,3,5,3,1,1,2,1,2,0,1,2,0,1,3,3,0,5,5,2,3,1,1,2,2,0,4,2,4,4,4,1,4,3,2,3,2,1,5,3,2,3,2,3,4
de112b84,1,2,1,0,2,3,1,0,2,0,1,0,1,1,4,0,1,1,3,2,4,2,2,2,2,1,1,2,1,4,4,4,0,0,3,1,1,3,1,2,2,3,3,2,2,1,6,0,1,0,1,0,4,2,1,2,1,4,4,2,3,0,2,3,1,1,7,1,1,3,3,4,2,1,1,5,2,0,4,6,0,3,0,4,0,2,2,2,4,7,0,2,3,4,1,1,3,2,2,2,0,0,3,6,3,3,1,1,1,4,1,3,1,3,1,2,1,1,2,1,4,8,7,4,3,2,4,3,0,2,3,4,5,1,3,5,4,4,0,6,5,1,2,1,1,4,3,0,3,2,3,2,1,5,3,3,2,4,1,2,3,2,3,0,3,5,8,2,3,1,1,4,1,6,3,4,1,2,3,4,5,4,2,2,2,2,5,1,3,2,6,2,6,1,6,0,5,2,4,5,7,4,3,3,0,1,4,4,2,0,6,3,2,3,2,1,2,4,3,2,2,3,0,0,2,5,2,1,5,4,0,3,3,1,6,1,3,4,5,3,6,3,4,2,2,7,4,6,0,7,2,9,3,3,5,5,6,5,3,4,1,5,4,8,4,4,2,3,2,2,6,4,3,5,3,6,4,3,6,3,0,1,3,1,0,2,2,6,4,4,3,1,5,1,6,4,1,3,4,0,5,3,0,0,3,4,4,2,3,3,4,6,0,4,2,5,3,5,5,3,3,2,1,2,3,5,2,3,1,3,3,2,3,1,0,5,3,4,3,1,5,3,1,1,3,4,2,4,5,1,5,6,3,3,6,4,3,1,5,6,2,2,4,6,1,3,3,2,4,3,4,2,1,4,4,6,2,0,2,3,4,6,3,2,2,2,5,4,4,2,2,2,1,3,3,4,4,4,5,2,2,2,5,2,2,3,3,0,4,4,4,2,1,0,5,6,3,3,2,5,2,4,3,4,1,1,5,4,4,3,2,4,2,5,3,1,4,4,1,4,5,3,2,3,3,3,1,1,4,4,4,3,3,4,4,4,1,3,4,3
df69b544,0,1,2,2,3,1,0,2,3,1,0,0,1,2,1,0,3,1,1,2,4,1,1,3,0,1,1,2,1,3,3,3,1,1,3,3,2,3,2,0,3,1,1,4,1,3,4,1,1,1,1,1,2,2,1,4,2,3,1,5,3,1,2,1,2,2,5,1,1,4,3,4,2,1,3,2,2,0,4,2,2,5,0,7,1,0,3,3,2,3,2,0,3,3,2,1,4,3,2,1,3,3,3,5,3,2,2,2,2,1,1,4,3,3,1,3,1,2,1,1,3,4,3,3,5,2,2,0,3,2,4,2,4,1,1,5,4,3,6,0,2,2,3,3,2,3,1,2,3,3,7,2,2,5,2,3,2,2,3,4,3,2,6,0,4,4,5,3,4,3,2,6,1,4,3,2,2,5,2,4,5,1,2,1,2,3,8,2,2,3,6,2,3,3,5,0,4,2,4,2,4,4,1,4,2,2,5,3,4,0,5,4,3,3,6,1,5,3,3,1,3,5,1,0,4,7,2,2,4,1,2,3,2,2,3,2,4,6,6,4,7,2,2,0,2,7,4,7,1,7,2,6,2,0,3,5,8,3,4,5,1,3,2,5,1,2,3,4,3,4,3,4,4,3,2,7,3,2,3,5,2,1,3,0,1,2,4,4,6,4,5,1,6,1,5,5,1,3,1,1,5,3,0,0,2,7,5,5,3,2,3,4,1,5,0,5,2,6,6,2,1,2,0,3,2,7,4,2,2,2,4,1,2,1,1,4,2,4,5,3,4,3,0,2,2,4,3,6,7,2,4,2,2,3,4,5,4,1,2,6,2,1,1,7,2,5,4,3,7,4,7,2,1,1,5,3,3,0,1,3,3,6,1,3,5,1,2,7,3,3,1,2,2,3,2,3,3,2,6,1,1,4,7,3,2,4,4,0,3,6,3,2,2,1,6,4,1,4,3,4,1,1,1,3,1,1,3,4,2,2,1,1,4,5,5,3,2,3,1,4,4,4,4,2,3,1,0,4,2,2,3,3,4,4,2,5,2,3,3,3
ea6a7ab4,3,4,0,2,0,4,5,0,4,0,2,0,3,0,3,0,0,1,3,1,4,6,2,2,2,2,2,2,3,6,7,2,0,0,2,1,0,2,0,2,0,5,2,0,4,0,4,0,4,0,1,0,4,4,1,1,2,3,6,0,2,0,2,5,0,0,5,4,1,1,1,4,2,5,0,4,1,0,3,3,0,1,3,5,1,4,4,2,3,9,1,3,4,3,1,1,1,1,1,4,0,0,3,5,2,3,2,0,1,4,0,1,1,4,0,1,0,0,2,3,2,4,4,1,4,3,3,4,2,5,3,4,6,1,4,2,7,4,5,2,0,0,2,0,1,3,1,0,2,1,4,0,0,5,5,2,1,3,0,3,5,5,1,0,2,4,5,0,8,0,2,5,1,5,2,1,1,1,1,3,1,3,1,1,2,0,3,1,1,2,2,2,4,3,2,0,6,1,4,4,5,4,4,3,0,1,4,2,4,1,6,1,0,2,3,0,0,2,3,2,2,1,0,0,3,2,0,0,5,4,0,1,2,3,3,0,5,2,1,2,4,3,4,2,3,3,2,3,1,3,0,4,3,3,2,4,4,6,0,2,0,5,3,4,3,1,0,5,1,2,2,4,1,3,1,5,1,1,5,1,0,0,3,1,0,3,0,2,2,4,2,0,3,0,4,3,1,1,4,1,2,3,0,0,3,3,6,3,3,1,4,3,0,4,3,2,3,3,1,1,3,2,2,1,6,4,3,1,0,1,5,3,2,0,0,2,7,5,2,0,3,1,1,1,3,3,1,3,3,0,2,6,1,1,5,2,1,1,4,4,2,2,3,3,2,2,1,2,4,1,2,0,0,3,4,2,3,0,1,5,2,2,4,2,1,2,2,2,2,0,2,0,1,1,4,3,3,8,3,3,5,2,2,1,2,1,2,0,2,1,3,0,0,0,3,3,4,3,0,2,1,3,2,1,0,0,5,2,3,1,3,3,2,3,1,2,4,4,0,1,2,3,1,2,5,5,1,1,4,3,4,1,3,4,5,4,2,1,3,4
ed5c0319,2,2,7,5,7,3,1,7,1,5,7,6,2,8,0,7,6,5,1,7,0,2,5,3,5,6,4,2,4,1,0,1,4,7,6,5,6,1,7,6,6,1,1,5,5,9,4,7,2,7,7,6,1,0,4,5,2,3,0,6,1,6,5,3,2,8,3,2,6,6,4,3,3,2,8,0,1,5,2,2,7,2,5,0,5,3,1,2,6,0,6,4,1,2,5,4,5,7,2,3,6,6,3,1,2,1,2,7,5,0,3,6,5,0,7,6,6,5,3,2,0,1,1,1,0,2,2,1,3,1,2,0,1,4,1,2,0,1,1,2,0,0,5,7,4,1,2,9,1,2,1,8,4,1,1,6,2,3,3,5,1,1,2,7,2,1,2,4,0,4,3,0,5,0,0,0,2,1,6,2,1,0,3,1,3,5,0,4,3,4,1,2,1,0,2,7,1,3,3,1,2,0,1,4,6,5,2,0,2,6,0,1,7,1,2,9,6,0,0,4,3,2,7,8,1,4,6,8,0,1,7,4,2,3,0,9,1,4,1,2,2,0,0,1,1,1,1,2,7,1,5,1,2,2,3,1,2,2,6,2,6,1,6,1,1,4,6,0,7,2,4,2,3,0,3,1,2,0,1,2,6,10,2,3,6,1,5,0,1,1,3,2,3,7,0,1,4,3,1,2,1,2,6,6,2,1,0,2,1,0,2,1,7,1,3,2,0,1,1,8,0,1,5,8,1,2,2,6,5,3,0,1,2,7,7,1,1,2,0,8,2,2,2,5,1,0,5,1,2,6,2,0,5,0,0,1,0,6,3,2,2,1,1,1,4,2,3,6,1,2,1,2,6,1,3,1,1,3,4,2,5,1,1,0,3,2,4,1,2,5,1,3,3,2,1,2,2,1,2,2,2,1,1,6,3,1,3,7,3,2,2,4,6,7,3,2,3,1,4,3,2,0,1,6,5,3,2,6,2,3,2,0,3,1,3,2,2,2,3,2,5,1,5,2,2,2,4,2,2,3,2,2,5,1,1,3,2,3,3,3
ee5565ae,2,2,4,5,6,3,2,5,1,5,5,4,2,6,0,4,5,4,2,5,1,2,3,5,6,5,6,1,5,1,1,1,4,6,6,5,3,1,7,6,4,1,1,4,5,5,4,6,4,6,5,6,3,2,4,3,1,3,2,4,1,5,8,4,3,5,3,3,4,5,2,4,0,2,6,0,0,6,0,3,7,0,6,1,4,5,1,2,4,3,9,7,3,3,4,5,5,6,1,2,6,5,2,1,1,1,1,5,5,2,2,6,3,1,5,6,3,4,2,2,1,2,1,0,2,2,5,3,4,3,0,2,1,4,2,1,1,2,2,3,2,5,0,7,6,3,1,5,2,2,3,4,6,2,4,7,2,0,4,3,1,3,1,5,2,1,2,2,2,6,4,1,4,1,2,1,3,0,4,3,3,1,4,3,1,3,1,5,1,1,1,0,1,1,0,6,0,2,3,1,1,0,1,1,7,3,1,2,2,5,3,0,6,1,1,5,5,1,1,2,3,2,4,5,1,5,4,4,3,3,6,6,0,3,1,6,2,2,1,1,2,1,1,0,3,2,4,1,6,0,4,1,2,3,1,1,2,1,6,4,6,0,5,2,1,4,4,0,7,0,4,4,3,1,5,1,1,0,2,3,5,4,3,2,3,0,6,2,1,2,5,1,3,3,1,0,3,1,2,2,0,2,5,5,2,0,0,2,2,0,0,1,6,0,2,1,1,1,1,6,0,0,5,4,1,1,1,3,6,2,0,2,3,5,6,1,2,0,0,7,2,1,1,6,1,2,5,2,1,7,0,3,2,0,1,0,0,4,1,3,3,1,1,0,2,1,2,5,1,2,0,1,4,3,2,1,0,2,4,2,4,1,0,1,3,1,1,0,1,3,0,3,1,0,0,0,2,2,2,1,2,0,0,4,1,1,3,4,0,0,1,2,7,6,2,1,1,0,3,1,1,2,1,5,4,2,0,3,0,1,0,1,1,2,1,2,0,0,2,0,2,1,2,0,1,1,2,1,0,1,1,1,2,0,0,1,0,0,0,0
0cadc46d,1,1,6,4,6,2,1,6,0,4,5,6,1,6,0,5,7,5,2,6,1,1,4,5,3,6,5,0,6,0,1,2,3,6,5,4,5,1,7,4,5,1,1,5,3,7,3,6,2,5,5,6,1,0,3,4,2,3,0,5,0,4,7,2,2,8,4,3,4,6,3,2,0,0,7,1,0,7,1,4,7,1,5,0,4,3,0,2,4,0,8,5,1,3,4,5,6,7,2,1,7,5,1,1,2,1,1,5,4,1,1,6,4,0,6,7,3,3,1,2,2,1,2,0,1,0,3,1,5,3,2,0,3,3,1,1,0,0,1,3,0,7,7,0,7,1,1,6,1,1,3,4,4,1,3,7,2,2,5,3,1,1,1,4,1,0,2,2,2,6,5,0,2,0,3,1,3,0,4,2,2,1,6,4,1,4,1,3,3,2,1,0,2,1,2,5,2,3,5,0,1,1,0,2,6,4,1,2,2,5,2,3,5,0,2,7,6,1,0,2,4,1,5,4,0,4,4,5,0,2,5,4,2,1,0,6,3,2,1,0,2,1,2,1,0,2,2,1,5,1,3,2,1,2,3,1,2,0,5,3,4,1,5,1,1,3,4,1,6,1,3,2,5,1,5,1,4,1,1,1,6,6,2,2,3,0,4,0,1,2,4,2,3,4,0,0,3,2,2,3,2,3,7,5,1,2,0,2,2,1,1,2,8,0,2,2,1,0,1,8,0,2,5,7,1,2,1,3,5,4,0,2,1,6,6,3,0,1,0,7,2,2,2,5,1,0,6,1,3,5,2,1,4,1,0,1,0,5,2,3,3,1,0,2,3,2,2,6,1,2,1,3,5,2,3,2,0,2,4,2,4,1,0,3,2,1,3,1,1,3,1,4,3,2,1,1,2,1,1,3,2,0,1,4,2,2,3,6,1,2,2,3,8,8,3,1,3,0,3,2,1,0,1,4,6,2,1,4,1,2,2,2,2,1,2,2,1,1,2,1,4,1,3,0,1,1,2,1,1,2,2,2,4,0,0,2,0,1,1,1
11407d95,0,0,4,3,5,1,0,6,2,5,5,5,0,5,2,4,5,5,4,4,2,1,3,4,3,7,4,1,7,1,3,2,4,7,4,3,3,2,6,5,6,2,2,3,2,4,4,7,2,6,5,8,2,0,4,6,2,3,1,5,1,5,5,2,5,5,2,1,4,8,1,1,2,1,6,2,2,8,0,4,7,1,6,2,3,2,0,5,4,0,7,7,1,5,5,6,2,5,4,0,6,5,2,2,4,2,1,4,3,2,4,8,4,1,5,4,2,6,2,1,3,1,2,2,0,2,4,1,3,3,2,0,1,4,0,1,1,0,1,2,1,4,6,7,0,0,3,5,3,2,3,5,5,1,1,4,2,2,6,3,1,2,1,5,1,0,0,3,1,9,6,1,4,0,2,2,4,1,5,3,0,2,7,3,3,5,2,5,2,1,1,2,2,1,2,6,1,5,4,1,1,3,0,1,7,3,2,2,2,7,1,3,4,1,1,4,6,2,2,2,4,1,4,5,0,4,5,6,0,3,6,7,2,3,1,5,4,1,1,1,2,2,3,2,1,2,5,1,7,1,2,2,2,2,1,0,1,0,5,5,5,2,3,0,2,4,5,1,5,0,3,2,4,2,6,0,3,3,1,3,5,3,2,3,3,1,7,1,0,3,4,2,3,5,0,1,5,2,3,4,1,3,6,6,1,1,0,3,5,3,0,2,7,1,2,2,2,1,1,5,0,1,4,4,1,1,1,4,8,4,0,3,3,5,7,3,1,0,1,5,0,1,3,6,2,1,7,2,3,4,2,1,4,3,0,0,0,5,2,2,5,1,1,2,4,4,2,5,0,3,0,2,4,3,3,1,1,4,5,3,2,0,1,4,3,2,3,0,2,2,3,5,2,1,1,0,4,1,1,2,3,0,1,4,0,1,2,5,0,2,1,4,6,7,4,0,1,0,2,1,3,1,2,5,7,5,0,4,0,0,1,3,1,2,1,3,0,0,2,0,4,2,2,0,1,1,2,1,0,1,1,1,2,1,0,1,1,0,0,0
2ef7c612,4,6,2,3,2,4,2,2,6,2,2,2,5,2,2,1,3,3,2,2,6,2,2,2,4,2,3,4,2,3,3,2,2,2,3,5,3,6,2,3,2,4,1,4,3,2,1,2,4,2,2,0,6,7,3,2,3,2,3,2,5,2,2,4,1,1,4,4,2,1,3,3,0,2,1,2,3,1,1,3,1,4,2,4,3,3,5,3,1,4,2,4,5,2,2,2,2,2,0,4,3,3,0,4,2,5,1,2,3,3,1,0,3,5,2,3,2,1,2,5,1,4,4,3,3,2,6,4,2,1,3,5,1,2,8,1,3,3,4,3,3,1,3,1,0,0,2,1,1,4,3,0,1,4,6,2,4,2,1,1,4,3,3,2,3,5,7,1,3,0,2,3,1,5,5,3,2,5,1,0,3,2,0,4,0,0,4,0,2,1,3,1,6,6,1,1,1,0,1,6,5,0,4,0,2,1,1,3,3,1,5,2,1,5,2,1,2,3,1,3,1,1,2,1,1,1,0,0,3,3,2,1,1,1,6,2,0,1,1,5,3,4,6,0,2,2,1,1,1,3,1,5,4,3,2,2,2,4,0,0,1,1,4,5,3,3,1,2,1,1,2,3,2,4,1,3,1,1,2,2,2,1,0,1,2,1,0,4,3,4,0,3,2,0,3,2,0,0,4,1,4,0,1,1,0,3,4,1,0,0,0,6,1,3,2,1,2,2,4,3,2,1,2,1,1,3,1,1,1,0,1,1,1,1,1,0,2,2,5,1,4,1,0,1,2,5,0,3,1,1,5,3,0,2,4,2,2,0,2,0,0,4,3,2,1,2,1,1,2,0,3,1,1,2,0,6,1,0,3,0,2,3,1,3,1,0,2,3,0,1,1,0,1,3,3,1,0,2,2,0,0,2,4,0,4,1,5,1,2,4,3,1,1,1,1,0,2,2,1,1,0,3,0,1,0,0,2,0,0,3,1,4,1,2,1,1,0,1,0,2,0,1,1,2,1,1,1,2,2,1,0,1,1,3,2,1,1,1,2,2
2f9e4435,1,2,2,1,3,4,2,3,2,2,2,2,1,2,4,2,3,4,3,0,2,2,1,0,3,2,5,3,2,3,3,4,2,4,0,3,3,3,2,5,3,4,3,1,3,1,0,4,3,3,2,5,2,0,5,5,5,3,2,0,2,3,1,3,5,4,1,2,2,4,2,3,5,6,2,2,4,4,1,3,4,3,2,1,4,2,2,3,1,1,3,3,1,3,2,5,1,1,4,4,2,1,3,3,4,2,2,2,3,2,5,2,6,0,3,0,3,3,3,3,5,4,4,5,0,6,2,2,2,3,3,3,2,5,1,4,1,3,3,1,1,2,1,1,3,2,0,3,4,2,1,3,4,3,2,2,6,5,4,2,2,4,2,3,2,4,2,4,2,2,2,1,4,1,5,3,2,2,5,1,4,2,2,4,4,3,3,5,4,2,0,4,1,0,4,4,1,3,0,2,2,1,4,3,3,2,1,4,0,2,2,4,2,2,0,2,1,3,2,5,2,3,2,4,2,2,4,3,1,2,3,4,1,4,4,2,1,2,2,3,1,1,2,4,5,2,4,1,2,3,3,3,3,2,3,1,1,3,1,2,2,1,0,4,3,2,1,1,1,0,1,0,3,4,2,2,6,3,1,3,1,2,1,4,4,3,2,1,2,1,2,3,2,3,1,1,2,2,2,3,3,1,1,2,0,1,1,0,2,4,0,3,1,1,3,1,2,1,1,0,2,1,0,0,0,1,0,5,2,2,0,4,5,1,2,2,2,1,3,1,3,2,3,1,3,0,1,0,0,1,2,1,1,5,1,1,4,1,2,1,3,3,2,1,1,3,3,1,0,2,1,3,1,2,0,4,1,4,5,1,2,4,3,4,2,2,3,1,2,1,2,3,2,3,1,2,1,1,2,2,1,1,2,1,2,3,2,1,3,1,2,3,1,1,2,1,3,1,1,3,3,2,3,2,1,4,3,0,2,4,1,2,0,1,2,2,2,2,3,3,1,0,1,3,2,1,3,1,4,2,0,2,1,3,3,0,2,2,2,1
3397e7b5,2,2,6,5,6,3,1,8,1,6,8,7,2,7,0,8,5,6,2,6,0,2,4,3,5,7,4,2,5,1,0,0,6,8,5,5,5,1,6,7,7,1,1,5,5,9,3,8,3,8,8,7,1,0,6,6,4,2,0,6,2,8,4,3,4,7,2,2,8,5,3,3,5,3,8,0,2,6,1,1,8,2,5,1,5,3,1,4,5,0,6,5,1,1,5,6,4,7,4,4,7,8,5,1,3,1,2,7,6,0,4,5,6,1,6,5,4,7,3,2,2,0,0,3,0,3,2,1,3,3,2,0,0,6,1,2,1,1,0,2,0,9,5,6,5,1,3,0,3,3,1,6,6,2,1,5,4,2,4,5,2,2,2,7,4,1,1,4,0,6,3,1,4,0,0,0,1,2,4,3,0,0,4,1,5,5,2,4,2,2,1,4,0,1,2,7,1,5,3,1,1,2,2,4,8,5,3,0,3,6,0,0,7,2,2,7,6,1,2,6,4,3,9,8,2,2,4,8,0,1,9,6,0,4,1,7,3,4,1,3,1,0,0,1,2,1,3,2,7,1,3,0,3,2,1,1,2,1,4,4,6,0,5,0,0,3,4,1,7,2,3,2,1,1,2,1,1,2,1,2,6,8,0,3,6,3,7,0,1,1,3,2,3,7,1,0,4,3,0,2,1,0,6,6,1,1,1,3,1,2,0,0,7,0,3,2,1,0,1,7,1,1,4,6,0,2,1,4,5,1,1,3,2,5,7,1,0,0,1,6,2,0,2,4,0,1,5,1,2,5,0,0,3,2,0,1,1,4,1,2,2,0,0,1,4,2,3,6,1,2,1,0,4,1,3,0,0,3,4,2,5,1,1,1,5,1,2,1,1,3,1,1,1,0,0,0,2,0,0,0,2,0,1,4,1,1,2,7,1,0,0,4,4,7,1,0,1,0,2,1,2,0,1,4,5,3,0,4,0,1,0,0,1,1,3,2,0,0,1,0,3,0,3,1,1,1,4,1,0,1,0,0,3,1,0,1,2,1,1,1
481c9ece,0,0,0,0,1,0,0,1,0,3,2,3,0,3,2,2,3,1,3,1,1,1,2,4,2,2,1,2,3,2,1,2,5,4,1,2,3,0,4,3,3,2,1,3,1,3,2,4,3,4,3,5,1,1,5,2,3,3,1,2,2,6,3,0,6,2,2,0,5,1,4,2,3,3,3,1,4,5,3,1,2,3,2,3,2,1,2,3,2,2,2,4,0,1,1,5,1,4,3,2,2,3,4,3,3,0,4,5,2,0,4,1,2,1,4,1,4,6,1,0,3,0,0,5,3,3,2,1,0,3,2,1,3,3,1,2,4,3,3,3,2,1,2,1,3,1,4,3,0,1,2,2,5,2,0,1,6,1,2,5,4,6,2,5,5,6,3,5,2,4,3,3,3,3,2,2,1,2,3,4,3,0,1,2,3,4,4,4,1,3,2,4,0,1,4,5,3,3,4,0,1,4,4,4,6,3,5,1,2,3,3,1,4,2,2,2,4,2,2,3,4,4,4,4,3,2,4,2,4,0,5,5,0,3,3,3,5,4,3,2,2,0,0,3,4,5,5,4,2,4,2,3,3,1,2,2,3,5,1,4,3,2,1,2,1,3,2,3,1,4,0,1,1,2,2,3,1,3,4,4,2,2,4,5,2,6,3,3,3,1,4,2,4,2,4,2,5,1,1,2,4,5,2,2,2,3,3,2,6,3,4,0,2,2,1,3,2,2,1,0,3,2,0,1,2,4,3,2,4,1,3,3,3,2,2,4,3,2,1,1,1,4,2,2,0,1,1,2,3,1,0,4,1,3,2,3,4,2,0,5,6,2,1,4,2,2,5,2,3,3,5,3,2,4,2,2,1,4,2,4,1,3,3,1,3,0,0,4,2,0,1,2,0,1,1,2,4,3,3,1,4,2,2,3,0,4,2,2,2,1,3,2,3,2,3,5,0,3,1,2,1,1,5,1,2,2,1,1,2,1,1,1,2,3,3,3,2,1,2,3,2,3,1,2,1,1,1,1,0,2,4,3,1,4,1,2,3,3,2,1
501055d8,5,3,3,4,2,2,3,3,5,0,2,1,4,1,2,2,2,4,1,1,4,3,1,3,4,1,4,5,0,2,3,3,1,1,2,3,2,6,1,3,2,4,4,3,3,2,2,1,2,1,1,2,5,5,3,3,4,2,2,4,8,2,1,2,4,2,1,4,2,3,1,2,4,4,2,3,4,1,1,4,2,5,2,4,5,3,3,5,2,2,3,1,5,1,5,2,0,2,5,6,2,3,3,2,4,6,2,2,3,5,3,2,3,5,1,2,1,3,8,7,3,3,3,4,1,6,6,5,2,2,5,5,0,4,3,3,2,2,2,3,1,2,2,1,2,4,2,3,1,0,3,3,2,4,3,2,3,5,4,1,3,2,5,1,1,2,1,4,2,3,3,2,5,1,4,4,5,4,3,2,2,3,3,4,4,4,3,2,4,4,3,3,3,6,3,2,1,5,2,4,3,4,5,3,2,1,2,3,1,1,1,3,2,8,2,2,4,5,5,6,4,2,2,2,3,1,3,4,2,5,2,3,5,4,6,1,1,2,3,5,2,6,4,2,4,3,3,2,1,3,2,3,6,4,1,3,1,1,2,3,1,1,1,2,5,4,1,3,1,2,4,2,4,5,3,2,1,6,1,0,2,2,0,2,4,3,3,4,2,3,2,4,3,4,2,2,1,4,5,3,3,0,1,1,0,2,3,3,1,5,0,5,1,2,1,3,6,2,4,2,5,5,3,1,1,1,1,4,2,4,1,3,2,1,1,2,1,1,5,1,3,1,3,3,3,6,3,2,2,1,2,2,2,5,1,1,2,1,3,1,1,5,6,2,2,3,1,1,2,4,2,2,0,1,2,4,4,2,1,0,2,2,1,5,3,4,4,2,2,2,5,3,4,3,0,0,2,1,0,1,0,1,3,1,4,2,2,1,1,2,2,3,1,1,1,0,1,1,2,0,5,6,0,2,2,3,0,2,0,3,3,5,1,2,2,1,0,0,3,1,1,2,2,1,1,0,2,1,1,2,0,1,0,1,0,0,1,1,1,1
518f2234,1,2,2,3,1,1,2,3,4,1,0,1,2,1,2,0,3,2,1,1,8,2,0,4,1,2,3,3,2,5,6,3,0,2,1,3,2,4,1,0,2,3,1,1,3,1,2,2,1,1,1,2,3,4,0,4,1,2,0,3,3,0,2,1,1,2,3,3,0,3,3,3,1,1,1,3,2,1,4,1,3,2,3,7,3,1,4,2,2,3,4,0,4,1,4,0,1,1,1,1,4,2,1,5,3,4,4,0,2,2,1,3,3,4,1,2,0,1,2,3,3,1,1,1,7,2,3,1,6,2,2,2,6,0,2,1,6,3,3,7,4,1,3,3,3,3,1,1,2,3,0,1,0,4,3,2,1,2,4,2,3,2,3,0,3,4,3,1,7,2,4,5,2,3,4,3,3,4,1,2,2,2,3,3,2,1,6,1,1,3,4,1,2,3,2,0,3,1,2,2,3,3,1,3,1,2,5,4,5,0,5,3,0,3,6,0,3,2,1,0,3,4,0,0,2,4,1,2,5,2,1,1,1,2,2,1,3,3,4,3,5,2,4,0,1,4,2,5,1,4,0,4,3,1,1,1,4,3,2,3,0,4,1,2,2,1,2,3,2,2,1,4,3,2,1,3,2,1,5,3,2,0,1,0,1,1,2,4,4,8,2,1,3,1,4,4,1,1,2,1,2,2,0,0,2,4,5,6,3,1,3,2,1,7,0,4,2,4,2,1,1,0,1,2,4,4,5,1,2,1,5,0,1,0,1,2,3,4,4,2,0,2,0,3,2,3,3,7,6,1,2,3,1,2,3,2,2,0,1,3,2,2,2,4,2,4,2,3,4,2,4,1,0,2,5,1,4,0,0,3,0,2,1,4,3,3,1,4,4,1,1,1,1,1,3,1,3,4,3,0,2,5,4,2,1,2,4,0,2,4,2,1,1,1,4,3,0,3,2,2,1,2,1,1,1,1,1,3,2,1,0,3,4,6,3,3,3,1,0,2,3,4,3,2,3,2,0,5,0,1,2,2,2,3,1,5,2,2,2,2
6b5ea2f4,1,1,7,3,6,2,0,5,2,4,5,4,1,7,1,5,4,4,2,5,1,2,4,3,5,4,4,3,2,2,1,2,4,6,5,3,5,2,6,6,5,2,2,4,3,6,5,6,2,6,5,6,2,0,4,5,1,3,0,6,2,6,5,2,4,5,1,1,5,7,4,1,4,3,7,1,3,5,3,3,6,3,5,2,4,3,1,3,7,0,5,4,2,4,6,4,3,5,3,2,4,4,3,2,3,2,2,7,4,1,5,7,3,1,7,5,6,7,4,1,1,2,2,2,1,4,3,0,1,1,3,0,1,4,0,3,0,1,2,2,0,8,4,4,5,0,3,6,2,3,1,0,4,2,0,4,1,4,4,5,1,2,3,7,1,1,1,6,0,5,4,0,7,0,0,1,3,2,8,4,1,1,5,0,5,7,1,4,3,4,3,3,2,0,3,7,1,4,3,2,3,1,1,3,5,5,2,1,0,6,0,2,7,2,1,8,6,2,1,3,3,1,6,8,1,5,8,7,0,2,6,6,3,6,1,8,0,3,2,3,2,1,1,1,2,2,3,4,6,2,5,2,3,2,2,1,1,2,8,2,6,2,4,1,2,6,7,0,5,2,5,1,4,1,5,1,1,1,0,2,5,8,3,3,5,1,6,1,1,1,3,1,4,8,0,3,5,4,2,3,1,3,5,7,2,2,0,2,3,1,2,2,4,2,2,2,1,3,2,5,0,1,5,5,2,1,1,8,6,4,1,1,3,7,6,2,2,2,1,7,1,2,2,7,2,1,5,1,2,7,3,0,6,1,1,2,0,7,4,1,3,1,2,2,4,2,3,4,2,4,1,2,6,2,3,1,2,4,4,1,4,1,1,1,2,3,5,2,2,6,2,5,3,2,1,3,3,1,4,2,2,2,2,6,2,1,1,5,3,3,2,4,6,4,4,2,2,2,4,2,3,1,1,8,6,5,2,6,2,2,2,1,2,1,2,1,2,2,4,2,5,3,4,2,1,2,3,1,2,3,3,3,3,1,1,2,2,3,3,3
821550ce,1,1,3,2,4,3,2,4,0,4,4,4,1,5,1,4,6,4,4,3,0,1,4,2,5,4,5,2,4,2,0,2,5,6,4,5,5,1,6,6,4,1,3,4,2,5,3,6,5,6,5,6,2,0,8,3,5,3,1,3,1,7,5,4,8,6,1,1,6,3,2,3,5,4,6,0,2,7,0,3,5,3,4,1,5,2,0,5,3,1,5,6,0,4,2,9,3,6,6,3,4,5,6,1,4,0,3,6,5,2,6,4,3,2,5,3,3,6,2,1,3,2,1,4,0,4,2,1,1,3,2,1,0,7,1,5,1,2,1,2,0,4,6,4,5,1,4,6,5,2,0,4,0,1,1,5,6,1,6,3,2,5,4,6,5,1,1,5,0,6,3,2,5,1,0,1,4,3,6,4,2,2,3,4,3,4,2,7,2,3,2,5,0,1,3,7,1,5,4,0,0,2,2,2,8,2,2,1,2,5,0,1,7,1,1,5,5,1,3,5,6,3,6,6,5,2,6,4,1,3,7,8,0,5,1,5,3,3,4,3,0,0,0,2,5,3,7,3,5,1,5,0,3,3,2,2,2,1,5,6,6,0,2,2,0,2,2,1,5,1,3,1,3,1,4,2,1,2,0,3,4,4,3,6,7,4,6,1,3,0,6,3,4,4,2,0,3,4,1,4,1,3,5,5,2,1,1,1,3,3,0,0,5,0,4,1,1,1,2,3,1,1,3,2,0,1,0,5,5,3,1,5,5,4,5,4,1,0,1,4,3,1,4,3,2,2,3,0,1,5,0,2,3,3,0,1,2,3,0,3,4,0,0,1,3,1,2,4,2,5,1,3,3,1,1,0,1,4,6,2,6,2,2,1,4,2,2,1,0,2,1,5,3,1,0,1,4,1,2,3,2,0,1,2,1,4,1,4,0,1,1,2,5,5,1,1,2,0,2,0,3,0,4,4,4,5,1,1,2,2,0,0,0,0,1,2,2,2,4,0,0,1,1,0,0,0,5,0,1,2,1,1,0,1,1,0,1,0,0,0
88e357ef,5,5,1,3,2,6,3,1,5,0,1,0,4,0,3,1,0,2,4,1,5,5,1,3,2,1,4,4,2,4,5,2,1,0,0,2,0,6,0,2,2,5,4,2,4,1,3,0,4,0,1,1,4,2,2,4,3,3,3,2,5,1,1,5,2,1,4,6,2,3,0,5,5,5,1,5,1,0,3,3,2,4,1,5,2,4,5,3,2,5,3,1,6,3,3,2,3,2,3,6,1,1,2,6,2,5,0,1,2,4,1,1,3,5,0,1,0,2,4,3,5,5,5,4,2,6,3,2,2,5,4,2,5,3,4,5,5,3,5,5,5,1,2,1,1,4,3,2,2,4,4,2,1,0,4,3,2,5,3,2,4,4,2,0,4,4,4,2,5,2,3,3,3,3,4,1,2,4,3,4,2,3,3,1,5,2,6,0,3,0,5,4,4,3,5,1,5,3,3,5,6,5,4,5,1,1,5,3,4,0,6,3,1,5,2,1,2,5,4,4,3,2,1,1,2,4,2,2,2,3,1,3,3,5,6,0,4,2,2,7,4,2,5,1,4,4,3,4,0,5,0,4,5,2,3,4,4,6,2,3,0,5,2,2,4,1,1,4,2,3,2,1,3,6,1,5,2,3,2,2,1,1,2,1,1,4,2,1,2,5,1,0,4,2,4,4,0,3,5,0,3,2,0,0,2,3,3,3,3,3,3,4,0,3,3,3,4,4,5,0,2,3,2,0,4,4,2,3,1,2,3,3,1,0,0,3,4,3,4,1,5,1,1,3,5,5,3,2,4,1,5,3,2,3,3,4,2,0,4,3,1,2,3,5,0,4,2,3,2,2,3,0,0,0,4,2,2,0,2,3,3,4,3,4,2,2,3,3,3,0,3,1,0,1,4,3,3,5,2,2,2,1,5,0,2,1,4,0,2,4,1,2,1,0,4,2,3,3,0,3,2,3,1,2,1,1,4,2,1,1,2,4,2,2,2,2,1,3,0,2,2,3,1,2,4,3,1,1,4,2,3,1,2,4,4,2,2,1,2,3
92e7e919,4,7,1,2,1,4,5,1,5,1,2,1,6,1,3,1,1,2,2,2,3,5,2,2,3,2,4,3,2,5,6,2,1,1,2,2,1,2,1,3,0,6,2,1,5,1,2,1,4,1,2,0,3,5,2,0,4,3,6,0,3,1,3,4,1,1,4,6,2,0,1,4,2,4,2,4,3,2,2,5,2,2,2,2,2,5,4,1,2,5,3,3,7,2,1,3,2,2,3,6,2,1,1,5,2,5,0,1,3,5,1,0,2,5,1,4,2,0,4,5,5,4,5,3,3,3,4,6,3,4,5,5,3,2,7,2,4,3,3,2,5,1,4,3,1,6,2,1,0,3,3,0,1,4,0,4,3,4,1,0,7,2,4,1,3,2,5,1,4,1,2,2,1,3,6,3,3,2,1,1,3,4,3,4,2,2,3,1,3,0,2,2,7,5,3,1,3,3,3,6,5,2,5,2,1,1,1,5,3,2,7,2,1,3,1,1,0,5,4,5,2,0,1,1,0,1,0,0,2,6,1,1,4,2,5,1,2,0,0,4,1,5,7,4,3,1,1,2,1,1,2,3,5,5,4,2,2,3,1,1,1,3,3,2,6,2,0,2,3,0,3,1,4,6,3,1,3,4,2,1,3,1,0,2,1,2,0,2,2,3,0,4,1,0,3,0,1,2,6,2,3,1,2,2,1,2,3,0,1,3,1,5,2,2,3,2,6,0,3,3,4,4,4,2,3,2,0,1,0,3,2,3,1,2,2,2,3,1,4,2,5,0,3,3,4,5,3,2,3,2,5,3,2,3,3,2,0,1,4,1,1,5,5,3,1,2,0,4,2,0,1,2,2,2,1,5,0,2,3,1,3,1,2,5,0,2,4,1,2,0,4,2,2,3,4,1,1,3,1,3,1,1,2,0,4,0,3,2,1,2,2,1,3,2,1,1,6,0,0,1,2,5,1,1,1,2,2,1,1,3,5,5,0,1,0,0,1,1,1,0,2,0,0,1,2,2,3,1,3,2,1,0,0,1,2,2,0,0,1,1
a4fe8cda,3,3,5,4,6,5,3,5,1,3,5,3,3,5,2,4,7,4,4,6,0,3,6,3,6,5,6,1,5,2,1,3,2,4,5,5,5,1,6,5,3,1,4,4,5,5,5,4,3,4,5,5,3,1,4,3,2,6,2,4,1,3,7,6,3,8,5,4,4,5,2,3,3,2,5,1,0,4,3,6,6,1,3,0,5,5,1,3,5,2,7,5,4,4,3,5,4,7,3,3,5,4,3,1,2,2,2,4,7,3,2,4,3,1,4,6,2,2,3,2,3,4,4,1,2,2,3,3,3,3,1,0,3,5,2,3,1,1,3,3,2,6,7,7,4,2,2,5,1,2,2,4,5,3,4,0,3,3,6,2,1,2,1,3,2,0,4,3,1,4,2,0,4,2,1,2,3,0,6,2,4,3,4,3,2,2,1,4,4,3,2,2,3,0,2,5,2,2,5,3,4,1,1,4,5,2,2,3,3,3,3,2,4,1,2,6,5,1,1,4,3,1,3,4,1,3,6,4,1,4,4,3,2,3,1,5,3,2,2,2,3,1,1,2,1,2,3,2,4,1,4,2,2,4,3,2,3,1,4,5,3,1,6,3,1,3,3,0,6,1,4,2,5,1,4,1,4,1,3,1,4,5,2,4,5,1,3,1,2,2,5,1,2,3,1,0,1,4,2,3,1,2,4,3,1,1,0,1,1,2,2,2,5,0,4,3,1,0,2,6,1,2,4,4,1,3,1,5,4,5,1,4,2,4,4,4,0,1,0,6,3,2,3,3,2,1,5,2,3,4,2,3,5,1,2,2,1,3,2,4,2,0,1,2,1,1,2,6,1,3,1,3,3,1,3,2,1,2,4,3,6,1,2,1,2,3,4,1,2,2,1,4,3,1,1,3,3,2,1,4,2,0,1,3,2,3,2,3,1,1,2,1,6,5,2,2,4,0,2,3,3,2,3,3,3,2,3,4,3,3,2,1,2,2,2,2,3,3,3,1,3,1,3,0,2,1,4,1,3,4,3,2,2,0,2,3,0,1,1,1
ab5b7dc1,1,2,2,2,1,3,3,3,2,3,2,3,1,3,5,2,6,4,5,2,2,2,3,2,2,3,3,3,4,3,2,6,4,4,2,5,5,1,4,4,3,4,3,4,3,4,0,4,5,4,4,3,4,1,7,3,8,5,2,3,3,5,2,2,7,4,1,1,5,0,5,3,5,5,3,2,6,4,0,4,2,5,1,2,4,3,2,6,1,1,2,5,0,1,1,7,1,5,5,5,4,5,4,2,5,0,3,4,4,2,5,0,5,1,3,2,4,4,2,3,6,3,3,6,1,5,5,3,3,5,5,4,1,5,3,4,2,4,2,2,1,2,2,2,2,4,6,4,6,3,1,1,6,2,3,3,0,3,4,3,3,6,4,4,4,5,3,5,2,3,3,3,2,1,4,4,4,3,4,3,4,2,1,6,4,3,4,5,1,3,1,6,1,2,4,4,2,4,3,1,1,2,6,3,6,2,3,5,2,2,1,3,3,3,2,3,5,3,3,6,4,4,5,3,4,0,3,2,2,2,5,5,1,3,5,3,3,4,4,2,1,2,1,4,5,5,5,2,2,4,3,3,5,2,3,1,1,3,0,4,2,1,2,4,3,2,1,3,2,2,1,1,5,4,2,3,3,4,1,1,3,2,1,6,5,5,2,2,4,0,3,5,5,2,2,1,1,3,3,5,4,1,3,2,0,2,3,2,2,5,0,3,3,2,4,2,3,1,1,1,3,2,1,1,0,2,1,3,3,3,1,6,3,1,2,4,1,2,4,1,4,3,3,0,2,1,1,1,1,1,1,2,1,7,0,1,4,0,2,3,2,4,2,1,2,3,3,2,2,2,2,5,1,1,1,4,2,3,4,2,4,4,3,4,3,2,3,2,2,1,2,3,3,3,1,1,2,2,0,3,2,1,3,0,4,5,3,2,3,1,4,2,2,3,0,1,4,1,1,1,3,2,4,1,2,3,2,0,2,6,1,1,1,2,3,3,2,1,2,2,1,2,1,3,1,1,4,1,3,2,1,3,0,3,2,0,2,2,3,2
bf34eebd,5,4,3,3,2,4,3,2,4,0,1,1,3,2,4,1,3,4,4,2,3,4,2,1,1,2,4,4,3,4,5,4,0,2,1,1,3,5,2,4,2,8,5,1,5,2,3,2,2,1,2,3,4,1,3,5,5,6,5,2,3,1,1,3,3,4,3,5,2,4,2,4,6,5,2,5,4,2,3,5,2,6,1,1,4,4,2,3,4,3,2,1,4,3,3,2,2,3,5,8,1,0,2,4,4,5,1,2,1,5,3,3,5,3,3,1,3,2,7,5,4,6,6,5,0,7,3,4,3,4,7,3,5,3,3,6,2,4,4,2,3,3,0,2,2,2,5,2,1,5,2,4,1,5,4,3,3,0,3,3,4,3,5,1,2,2,3,4,3,1,4,1,4,1,4,2,2,3,5,4,2,4,4,2,6,4,2,2,6,3,3,5,5,1,5,2,4,5,2,5,5,4,6,6,1,0,4,3,1,0,2,5,2,3,1,3,3,4,5,7,2,1,1,2,3,3,4,4,0,3,1,3,7,4,5,2,2,2,2,5,3,4,5,2,5,3,2,4,0,3,2,3,6,2,3,4,2,4,2,2,0,4,3,2,6,3,2,3,1,2,4,1,4,5,3,3,4,5,1,0,0,3,2,3,3,5,1,2,2,3,1,3,5,4,2,2,0,4,6,1,3,2,0,0,2,1,1,2,2,4,3,6,0,2,4,4,4,2,4,1,3,6,2,1,2,2,1,6,1,4,1,3,2,1,0,3,2,3,4,1,6,1,3,1,4,3,3,1,3,0,5,1,3,4,1,2,0,1,6,2,0,4,4,3,0,3,1,1,1,3,1,2,1,0,4,4,3,1,1,2,3,2,4,7,0,3,5,1,3,1,6,3,3,3,2,3,2,3,1,4,2,0,3,1,6,1,0,0,2,2,3,2,1,0,3,2,5,1,1,2,4,5,1,3,1,2,4,3,2,4,5,4,2,1,1,1,2,3,3,1,3,2,1,1,3,3,2,0,5,4,3,1,2,2,3,2,1,1,2,3
c2a6033c,1,1,5,3,3,3,1,6,3,2,4,4,1,2,2,4,6,6,5,2,3,1,3,4,4,4,6,4,4,2,2,4,2,4,3,4,5,5,3,4,4,2,5,3,1,2,3,4,2,3,3,6,4,1,4,6,3,3,0,4,3,3,4,4,6,6,0,3,3,5,1,0,5,2,2,1,3,5,1,4,6,3,3,2,6,2,2,6,3,0,6,4,3,4,6,5,2,3,5,1,6,4,3,1,5,3,3,2,7,3,5,4,4,2,3,4,0,4,3,3,4,2,2,3,2,3,4,0,3,3,2,1,2,5,0,3,0,1,1,3,0,3,4,5,6,1,4,4,2,4,4,4,6,3,1,6,4,3,0,0,0,2,3,3,1,1,0,3,3,5,5,1,5,1,3,3,6,3,6,2,3,3,6,5,3,2,4,4,4,3,1,4,1,1,2,5,0,4,2,2,2,2,0,1,4,3,1,4,0,3,1,4,2,3,1,4,5,1,2,3,5,1,3,4,3,2,6,5,1,4,3,5,1,4,1,2,2,1,4,3,2,2,2,2,1,3,5,1,3,2,2,2,2,3,1,0,0,0,5,5,3,1,1,2,1,2,2,1,4,1,3,1,6,1,4,1,2,2,0,1,5,3,1,5,7,2,4,2,2,2,3,3,3,5,0,2,2,4,2,5,1,2,4,3,1,1,1,2,3,3,0,2,4,2,3,1,1,2,1,2,0,0,2,1,0,0,1,5,5,4,0,4,3,2,3,4,0,1,2,3,0,2,4,4,3,1,5,2,1,3,1,2,4,4,0,0,2,2,1,1,3,1,1,1,4,3,0,4,1,4,1,4,1,0,1,1,3,3,4,2,3,1,2,5,3,3,3,1,1,2,2,5,4,2,0,1,5,1,0,3,2,1,2,1,1,4,1,3,1,3,2,3,4,4,1,0,1,1,2,0,4,1,4,3,5,5,1,2,2,2,0,2,1,2,1,3,2,2,3,1,1,3,2,1,0,0,4,1,1,2,1,2,0,2,1,0,2,1,1,1
d080ed5e,1,0,3,3,4,1,1,3,0,5,2,3,0,7,1,2,4,1,2,5,0,1,3,3,2,4,1,1,4,2,0,1,5,6,3,3,4,1,6,3,4,3,1,4,4,7,2,6,4,6,5,4,2,0,4,4,3,5,1,6,1,6,3,1,4,3,4,1,5,4,5,3,4,5,7,1,2,3,2,1,4,5,3,2,1,2,0,2,4,3,3,3,0,3,2,3,3,6,2,3,4,5,5,2,2,0,2,7,1,1,4,5,4,1,6,3,6,6,1,1,1,2,2,3,1,4,2,0,3,4,4,1,3,2,1,4,2,2,2,4,3,5,3,3,3,1,2,5,5,1,2,5,3,2,0,2,3,3,0,0,3,7,3,5,2,3,3,6,3,4,3,3,2,3,0,0,0,2,3,5,1,1,1,0,4,6,2,4,1,3,2,5,1,2,3,3,5,3,3,0,1,3,4,5,6,4,6,0,2,3,1,2,6,1,4,3,6,1,2,2,3,3,5,4,5,6,3,3,2,0,7,4,2,4,2,7,5,6,3,2,4,1,0,0,4,3,3,4,4,3,3,2,3,1,1,5,5,4,4,3,3,2,6,3,0,5,6,4,3,4,3,5,1,1,3,5,2,1,2,2,2,4,4,2,1,4,5,1,3,1,6,0,6,2,2,2,4,3,1,1,3,4,1,3,3,4,3,5,3,1,3,2,2,1,1,4,1,2,2,4,1,3,1,5,3,6,3,3,4,1,3,2,2,4,4,3,4,4,1,5,3,1,0,3,1,1,2,2,4,3,1,2,2,1,2,2,2,5,3,5,2,0,0,3,4,2,6,2,4,4,3,1,4,4,6,1,2,2,1,4,3,2,2,1,3,0,2,3,1,3,1,2,2,2,1,3,1,3,4,3,4,1,2,6,2,3,1,2,2,1,3,1,3,2,5,2,2,2,2,2,0,0,1,4,1,2,4,5,3,1,2,0,3,2,4,2,3,4,2,1,5,2,3,1,3,4,1,1,3,2,3,1,6,2,3,4,2,2,3,4
d8cda243,3,6,0,1,0,3,3,0,5,0,0,0,5,1,2,0,1,1,2,1,3,3,1,2,1,1,2,4,1,7,5,1,1,1,0,2,1,2,1,2,1,6,1,1,3,2,1,1,4,1,2,2,2,5,3,1,4,2,5,1,4,2,0,2,2,1,3,4,3,0,2,3,3,5,3,3,3,2,4,3,0,3,1,4,2,2,5,2,2,5,1,1,5,1,1,4,0,3,4,6,0,1,4,7,4,5,3,2,0,3,1,0,1,6,1,1,1,2,4,3,4,2,3,4,3,4,2,3,0,3,6,4,4,2,6,3,7,3,3,3,5,1,1,1,1,4,2,2,4,3,3,1,2,4,7,1,3,4,0,3,0,5,5,1,4,5,4,2,4,2,3,4,2,3,5,1,2,4,2,4,1,2,2,2,3,3,4,1,3,3,3,3,6,6,4,1,5,4,4,5,4,4,6,4,2,1,4,2,3,1,7,1,2,4,2,1,2,5,4,5,5,2,2,1,3,1,1,1,2,4,2,3,3,4,5,1,4,2,2,6,1,3,7,4,5,3,3,5,0,3,0,3,6,4,2,4,4,6,0,3,0,4,1,2,5,0,0,4,1,2,1,1,2,6,1,3,2,4,3,2,1,1,0,3,1,4,1,2,5,3,2,2,4,1,6,1,3,2,5,1,6,3,1,1,3,4,5,2,2,3,3,3,1,3,2,4,6,1,4,1,5,5,3,2,4,4,2,2,0,2,4,3,2,1,1,4,4,2,4,0,4,0,3,2,3,6,2,2,5,0,5,3,2,3,3,4,2,1,3,3,2,5,4,5,2,1,1,2,4,2,4,2,1,2,3,4,1,2,2,2,3,2,4,3,1,1,3,4,1,0,3,1,1,2,4,3,2,4,2,2,2,2,3,2,2,2,2,1,1,2,3,0,1,1,2,3,4,2,0,1,1,3,3,1,1,1,3,2,2,1,5,5,1,1,1,0,2,2,1,0,3,1,0,1,1,3,1,1,2,4,3,0,1,3,3,3,0,0,1,1
dea1d183,2,2,0,2,1,4,3,0,2,2,0,1,1,3,3,0,4,1,5,1,2,2,2,4,3,1,4,2,3,5,2,3,3,3,0,4,3,2,4,3,2,5,3,2,3,3,0,3,7,3,2,3,5,1,6,2,5,5,2,2,2,4,2,3,6,3,2,2,3,1,3,3,4,8,3,2,2,3,1,3,1,4,2,3,3,3,2,4,1,5,3,4,1,3,1,6,1,4,3,5,1,2,5,4,4,1,3,4,1,3,4,1,2,2,3,0,3,4,2,2,3,3,3,3,1,7,4,1,1,5,4,3,3,4,3,4,4,3,2,2,5,1,3,1,2,3,4,2,6,2,2,2,5,4,2,2,6,3,2,7,5,0,2,3,2,5,3,5,5,3,4,4,4,3,2,1,3,2,5,5,1,2,0,3,3,3,3,5,0,3,1,5,1,3,2,3,5,2,3,1,1,3,6,3,5,2,5,2,1,1,3,2,3,2,2,2,4,2,2,3,6,2,3,2,6,3,4,1,3,2,4,5,1,6,4,3,5,3,3,3,2,1,2,1,7,4,6,3,1,3,2,2,5,2,0,4,3,6,1,4,1,3,2,4,2,2,2,5,0,2,0,3,3,3,2,5,1,1,1,1,0,1,4,4,2,4,2,1,4,1,6,0,6,1,3,2,2,2,4,3,3,4,1,1,2,3,4,3,4,2,2,2,1,2,3,2,2,2,1,0,1,2,1,1,4,4,2,4,3,2,3,5,4,1,1,4,6,4,2,1,3,1,1,2,3,2,0,1,2,1,1,4,1,3,2,1,3,2,2,4,3,2,1,2,2,1,3,0,3,4,2,2,1,3,3,1,3,2,3,4,3,2,4,2,1,1,2,2,0,0,1,3,2,1,2,3,2,6,3,4,4,1,2,2,2,4,1,0,1,0,4,0,2,1,3,1,3,2,0,0,1,1,3,2,1,2,5,1,3,2,1,1,1,1,1,2,3,4,2,0,1,3,0,1,2,4,1,0,4,3,3,1,3,3,5,2,1,0,2,3
df3cda47,1,3,2,1,1,0,2,1,5,0,0,0,3,2,2,0,3,1,1,1,3,2,1,1,0,0,0,6,0,4,4,4,1,1,3,2,3,4,2,1,2,5,3,3,2,3,3,1,2,1,1,1,2,4,2,3,4,4,4,4,5,2,1,1,5,2,1,2,2,2,3,3,5,4,3,2,6,1,2,3,0,8,0,4,2,1,3,3,3,2,0,0,4,3,2,2,2,3,5,4,1,2,3,3,3,4,2,3,1,3,4,3,3,6,2,2,3,3,4,4,3,4,3,6,2,4,3,2,2,2,8,5,1,1,3,7,2,4,3,6,1,2,1,1,1,3,2,2,2,5,3,3,4,2,4,1,4,5,3,3,5,2,0,1,4,2,2,5,2,2,3,4,2,2,3,3,4,7,3,4,4,3,1,3,4,5,4,3,4,3,5,5,5,5,6,1,2,5,2,4,4,2,4,4,2,0,3,3,2,0,1,4,4,5,4,2,5,4,6,4,4,4,2,1,5,3,3,2,2,4,2,4,4,4,4,2,1,5,6,6,3,5,4,2,4,5,3,6,0,4,3,3,5,2,3,4,4,1,4,3,1,1,1,3,3,3,2,2,1,3,5,2,4,4,4,4,2,4,0,2,1,2,2,3,3,4,3,4,5,2,3,4,6,2,3,2,0,5,3,2,4,2,0,0,2,4,4,3,1,3,1,5,0,3,0,4,5,3,6,1,4,4,0,1,0,3,1,3,1,3,2,2,1,1,0,4,1,2,6,1,5,2,2,1,3,6,1,3,4,1,4,1,2,4,1,3,2,1,4,3,0,3,4,4,2,3,2,0,6,4,4,4,1,0,3,4,2,1,0,0,3,4,0,4,3,2,3,4,2,3,3,4,4,5,1,1,2,0,3,3,0,2,5,1,4,4,1,0,2,5,3,2,1,0,2,2,3,1,3,1,2,3,1,3,1,3,1,2,2,3,4,3,2,2,3,1,2,2,3,2,2,2,2,1,1,0,2,2,2,1,1,2,1,1,0,2,1,2,2,2
e7af9060,1,1,5,3,5,2,1,6,0,7,7,8,1,8,1,7,5,5,3,6,0,1,6,4,6,7,4,1,5,1,0,0,8,9,6,5,7,0,7,7,6,2,0,6,3,7,4,9,4,9,8,6,2,0,7,4,3,2,0,5,0,10,6,2,5,4,1,1,9,4,4,2,3,2,7,0,3,8,0,1,7,2,7,0,5,2,0,4,6,0,5,7,0,2,5,6,4,6,3,2,7,7,4,1,3,0,3,9,6,0,6,5,4,0,9,6,8,9,2,1,1,0,0,3,0,2,3,1,2,2,1,0,0,5,2,1,0,1,0,0,0,7,5,4,5,2,3,7,5,1,0,7,6,0,1,3,4,1,3,5,1,3,1,0,4,2,2,6,0,5,4,0,6,1,0,1,2,1,5,2,1,0,4,1,3,6,1,5,1,3,0,4,0,0,1,9,0,4,2,0,0,1,2,1,8,6,2,0,1,9,0,1,8,0,0,6,5,0,1,4,2,1,8,10,1,3,6,6,1,1,9,6,1,3,1,9,1,2,0,1,0,0,0,2,2,0,3,1,8,0,6,0,3,2,2,0,0,3,6,2,9,1,5,0,1,6,6,0,7,2,3,1,2,0,3,0,0,1,0,3,8,8,3,5,6,3,6,1,0,0,2,3,2,6,0,1,7,2,1,3,0,2,6,8,2,0,0,1,4,1,2,0,6,1,4,0,0,1,0,5,0,0,5,5,1,1,1,5,7,2,0,2,4,8,8,0,2,1,0,7,1,2,3,7,1,0,5,0,0,7,1,0,5,1,0,0,1,7,2,0,5,1,1,1,5,2,3,6,0,2,1,1,7,3,1,0,1,6,6,2,4,0,2,1,3,2,3,0,1,4,2,3,2,1,1,1,3,1,2,1,4,1,0,5,2,0,2,8,2,1,1,5,7,6,2,2,2,1,4,1,3,0,2,6,5,5,1,4,1,2,1,0,1,0,1,2,1,1,3,2,3,1,3,2,1,2,5,1,1,2,1,1,2,2,1,1,4,3,2,2
ed1e53f3,3,4,1,1,1,2,2,2,2,2,3,3,4,2,2,3,2,2,2,2,4,3,3,1,2,3,1,2,3,3,3,0,4,3,3,2,3,1,2,3,2,2,1,3,4,3,4,3,2,3,4,2,0,2,4,2,4,2,2,1,2,5,2,2,3,2,3,3,6,0,3,5,4,2,3,3,2,4,4,1,2,2,2,3,3,2,3,2,3,3,1,2,3,0,1,4,3,4,4,4,2,3,5,4,2,3,3,4,3,1,2,1,3,4,3,2,3,4,2,1,4,2,1,4,3,2,0,2,2,3,2,1,3,3,4,4,5,4,3,4,2,2,2,1,1,3,2,4,5,1,3,1,5,4,3,2,4,2,1,2,4,2,4,4,0,2,4,3,1,2,2,5,2,3,0,2,0,4,1,4,2,2,2,1,5,3,4,3,1,1,7,4,3,3,4,4,4,4,4,3,4,4,3,5,4,1,5,1,7,3,3,1,5,2,4,2,2,2,4,5,2,5,4,4,3,1,2,2,4,1,4,4,1,2,2,2,4,4,3,5,1,0,3,2,3,3,3,7,2,2,3,1,4,1,3,3,5,3,1,4,4,3,2,1,1,1,0,2,4,3,2,2,0,2,0,3,1,3,3,4,3,3,3,3,3,5,3,3,4,5,2,2,3,2,6,1,2,2,1,1,1,1,2,2,3,3,3,2,3,3,4,0,2,3,3,3,2,2,5,1,2,2,2,1,3,4,2,1,1,1,5,3,2,2,2,2,1,2,2,1,4,2,2,1,1,5,2,3,5,2,3,2,2,2,3,4,2,1,1,4,3,0,1,5,1,2,2,4,4,1,4,0,2,2,3,0,0,2,2,3,4,3,2,1,4,2,1,3,3,1,2,0,0,0,5,1,3,2,3,1,3,3,3,0,1,1,3,3,1,3,0,2,2,2,1,5,2,1,3,2,2,1,2,1,1,1,1,1,2,1,1,2,2,2,2,2,2,1,0,2,1,1,1,1,2,2,3,3,1,1,2,1,0,2,1,4,3,2,1,1
ee251371,2,3,1,3,2,4,2,1,4,2,0,1,2,3,4,1,3,2,3,2,4,3,2,4,1,1,2,5,1,5,3,4,1,2,1,6,3,3,3,2,4,4,1,3,2,2,1,2,3,3,3,2,4,3,3,3,3,2,2,2,3,2,0,2,2,1,3,1,2,1,6,5,1,3,1,3,5,1,4,1,0,4,1,5,3,1,6,3,1,4,1,2,1,1,2,2,2,2,1,3,2,2,2,7,5,1,5,2,1,1,3,0,3,1,2,1,2,2,3,2,2,2,2,4,4,3,4,2,1,1,3,5,4,1,4,2,5,5,5,4,4,1,1,0,0,5,4,1,6,2,4,1,1,4,2,0,5,2,1,3,5,5,2,2,2,0,5,2,5,0,3,4,2,4,6,2,2,3,2,2,4,0,0,3,1,1,5,1,2,4,1,2,1,2,4,1,3,1,2,1,2,2,5,3,2,2,4,3,1,0,6,2,1,3,2,1,3,3,0,2,3,4,2,1,3,2,1,1,5,1,2,2,0,2,5,2,2,4,3,3,4,1,2,2,4,5,2,3,0,6,0,6,4,2,3,2,3,8,0,1,0,3,1,5,3,1,1,4,0,3,0,2,2,4,0,5,2,1,4,3,1,1,1,3,2,4,0,3,4,2,1,2,4,1,4,4,2,0,2,1,6,3,0,0,2,4,4,2,2,1,3,3,0,4,1,2,2,4,1,0,2,1,1,1,3,4,4,2,1,0,2,1,2,0,0,2,4,4,3,0,2,3,1,1,2,1,0,3,2,0,2,4,0,3,3,3,4,0,1,3,2,5,2,3,2,3,3,1,3,1,5,3,0,2,1,5,2,1,2,2,1,5,3,2,2,0,1,5,2,1,0,0,1,3,2,3,2,4,3,0,1,3,4,2,2,3,5,0,4,3,4,1,0,0,3,4,1,5,1,3,0,2,3,1,0,0,3,1,2,3,1,2,3,4,3,2,2,2,1,4,2,3,2,4,2,2,0,2,2,3,3,3,2,6,3,2,2,3,4,3
f36d5624,2,4,2,1,3,4,2,1,2,2,2,2,3,3,3,1,3,2,3,4,4,3,4,2,3,3,2,0,3,4,4,2,2,2,3,3,3,2,3,3,2,3,2,4,3,3,4,2,3,2,3,0,4,3,3,1,2,4,3,2,1,2,3,4,1,2,8,2,3,2,4,4,1,1,2,4,1,1,5,5,1,3,1,4,1,3,3,2,3,6,1,4,3,3,0,2,3,4,1,3,2,2,2,6,2,3,1,3,2,3,1,1,2,3,3,3,3,1,1,2,2,6,6,3,4,1,4,3,1,2,2,2,5,2,6,3,5,3,8,5,5,2,2,2,0,7,2,1,3,1,3,1,1,4,5,4,3,3,0,3,4,3,2,2,4,5,0,2,3,0,0,4,0,8,2,2,0,2,2,2,3,3,1,2,1,1,5,0,3,2,5,2,6,2,4,1,5,1,5,5,7,3,3,3,2,2,4,2,4,1,7,2,2,1,3,2,2,2,1,3,1,1,2,1,1,3,1,0,3,3,2,1,2,0,5,3,3,2,2,3,5,2,4,1,1,4,2,5,1,5,2,7,3,3,5,4,6,6,1,2,1,4,6,6,2,4,2,3,2,2,4,3,2,3,2,5,3,1,5,3,1,2,2,2,1,3,0,3,4,4,2,1,3,0,6,3,1,2,3,0,4,3,1,1,2,5,5,1,2,1,4,5,1,4,3,3,1,3,4,4,2,2,2,3,3,7,2,2,1,2,4,2,2,2,1,3,3,4,3,2,5,2,1,0,2,3,1,4,5,1,5,5,2,1,7,5,2,1,4,4,2,1,2,6,1,2,3,3,4,2,5,1,2,3,3,5,1,0,3,3,4,4,3,1,1,1,4,5,2,1,1,1,1,2,4,4,3,4,5,2,2,3,5,2,3,2,3,1,3,4,3,1,2,1,4,4,4,3,1,4,1,2,2,2,0,0,5,3,3,3,2,2,2,3,2,1,3,4,1,3,3,2,2,2,3,3,2,2,4,4,4,2,3,4,4,5,1,2,3,3
fdbde523,0,0,3,0,3,1,2,2,1,3,3,4,0,6,4,3,5,1,3,4,1,1,6,4,5,3,3,2,1,3,2,4,5,5,4,4,7,1,5,3,4,4,3,5,2,6,5,5,4,5,4,3,3,0,6,2,4,6,1,6,2,7,4,1,8,4,1,0,6,4,3,2,6,5,6,2,4,4,1,5,3,6,4,2,4,1,0,5,6,0,2,3,1,4,4,5,2,5,6,3,3,4,5,2,4,1,4,8,4,3,8,5,2,2,7,4,7,8,4,1,4,4,4,5,0,6,4,1,1,2,5,1,1,4,1,6,1,2,2,3,0,4,2,2,3,1,4,4,5,4,1,6,5,2,1,3,5,4,3,6,2,5,5,6,3,2,2,0,0,4,3,1,6,1,1,4,4,3,6,3,4,3,2,2,4,9,2,5,3,4,3,7,2,1,5,4,2,5,3,1,2,2,4,4,5,3,4,3,1,4,0,5,7,2,2,3,6,3,3,4,5,2,5,5,3,3,7,3,1,4,6,5,3,5,4,6,1,4,4,3,2,2,1,2,5,3,5,4,3,3,7,2,6,4,2,2,2,2,5,4,4,1,3,2,2,8,5,1,2,4,5,0,5,3,5,2,3,3,0,1,3,5,3,5,3,4,5,2,3,1,5,1,4,3,1,1,4,7,2,3,2,2,1,3,0,2,1,2,3,4,2,3,1,1,1,3,3,1,3,3,2,3,1,3,0,3,0,6,4,5,1,4,3,5,3,4,1,1,3,4,3,2,3,5,3,2,2,1,3,3,2,0,6,4,0,2,3,5,3,2,3,1,2,4,2,2,5,2,2,6,3,3,4,2,3,2,2,6,3,0,5,2,1,2,3,4,6,2,2,3,2,6,4,2,0,2,2,0,2,3,1,0,3,4,2,3,0,3,2,2,1,4,4,1,3,2,3,0,3,1,4,2,1,5,2,6,2,4,2,3,2,1,1,1,3,0,2,2,5,2,3,1,3,1,1,0,4,0,3,3,1,1,1,0,1,1,2,3,2,2
01bb93d5,2,3,2,3,0,3,4,2,4,0,0,1,2,0,1,0,2,3,2,0,6,4,0,3,1,1,4,3,2,5,6,3,0,1,1,2,2,4,0,1,0,5,1,1,2,0,1,1,4,0,0,1,4,4,1,3,3,1,3,1,3,0,2,2,0,1,3,5,0,1,2,3,1,5,0,3,2,1,2,1,2,2,3,5,3,2,5,2,1,7,3,1,3,1,3,1,2,0,0,3,3,1,2,4,3,3,3,0,2,2,0,1,3,3,1,2,0,0,1,5,2,2,2,0,5,3,3,1,5,5,4,5,7,1,3,1,5,4,3,4,8,0,2,2,1,3,2,0,2,2,7,0,0,5,4,1,2,3,3,3,4,5,2,0,1,5,3,0,0,0,4,5,1,3,5,1,2,2,1,2,2,1,2,3,1,0,5,1,1,3,1,1,2,4,1,0,5,0,2,2,3,3,3,2,0,2,3,3,2,0,5,3,0,3,4,0,1,1,2,1,2,2,0,0,4,3,0,0,5,2,0,1,1,3,2,0,4,3,2,1,4,3,4,1,3,4,2,2,0,4,0,4,2,1,1,3,3,5,1,1,0,4,1,4,2,0,0,6,1,3,0,4,3,2,0,6,1,0,3,1,2,0,3,0,1,2,0,2,3,4,2,1,4,0,3,4,1,0,3,2,3,3,0,0,2,4,7,4,3,0,3,3,0,5,2,1,2,4,0,0,2,1,1,1,5,3,4,1,0,0,4,2,2,0,0,1,7,6,3,1,2,2,0,2,2,2,1,3,2,1,1,4,0,2,3,1,2,1,3,3,2,3,2,2,3,3,1,2,5,1,3,1,0,2,3,2,4,0,1,4,1,3,3,5,2,1,1,3,1,1,1,0,2,2,3,2,2,7,3,2,4,3,3,1,3,2,3,0,3,2,4,0,1,0,3,2,3,4,1,1,0,1,1,1,0,0,4,1,2,2,2,3,3,3,2,3,3,3,0,2,1,4,2,3,4,4,0,2,3,2,3,2,3,5,4,3,3,2,4,5
04df29a5,0,0,3,3,5,1,0,5,1,5,4,4,0,5,1,4,4,4,4,4,1,0,2,4,3,5,3,1,5,1,1,2,5,6,3,3,2,1,6,5,6,1,2,4,2,5,3,6,3,6,5,7,2,0,5,5,3,3,0,6,2,6,5,1,6,4,2,0,5,6,1,1,3,2,7,2,2,7,0,4,6,2,4,2,2,2,0,5,4,0,6,6,1,4,4,7,2,6,5,1,5,6,3,2,4,1,1,5,3,2,4,6,3,2,4,4,2,7,2,0,4,1,2,3,0,3,4,0,2,4,3,0,0,5,0,2,1,0,1,3,0,4,6,6,9,0,2,6,4,3,2,5,6,2,1,4,3,1,5,4,2,3,2,5,2,0,0,4,0,0,5,1,4,0,1,2,5,2,5,4,0,2,6,2,4,6,3,5,2,1,2,3,2,2,3,6,3,6,4,1,1,5,1,2,8,3,3,2,2,6,1,3,5,2,3,4,7,4,4,3,5,2,5,5,1,4,5,6,1,3,7,8,3,4,2,5,6,2,3,2,3,2,2,3,2,4,7,2,6,3,3,2,3,2,2,2,3,0,5,7,6,3,3,0,3,4,6,3,5,2,3,2,4,4,7,2,3,5,1,4,5,3,3,3,3,2,9,1,2,2,6,3,4,5,1,2,6,4,3,5,3,4,7,7,2,3,1,5,6,5,1,2,8,2,3,4,4,2,3,5,1,3,5,5,2,3,2,4,9,5,2,5,4,6,8,5,2,1,3,5,2,2,4,6,3,2,7,3,5,4,3,1,5,5,0,2,2,6,2,4,6,2,1,4,5,5,4,5,2,5,2,3,5,3,5,1,2,5,6,4,4,2,2,3,5,3,3,2,3,3,4,6,3,2,2,1,5,2,2,3,4,1,3,5,1,3,3,6,1,3,2,5,6,8,5,1,2,1,3,2,4,2,3,6,8,6,1,5,1,1,2,2,2,3,3,4,1,1,3,1,5,3,3,1,2,2,3,2,1,2,2,2,3,2,1,2,2,1,1,1
0b4f388a,2,1,4,5,2,3,2,4,3,2,3,4,1,3,1,3,5,4,4,2,4,2,2,5,3,3,3,4,5,3,3,3,3,4,4,4,5,5,4,3,4,5,3,4,4,3,3,4,3,3,3,5,5,2,2,7,4,4,1,4,3,4,4,3,3,4,2,3,4,4,3,3,3,3,4,3,3,7,0,3,3,4,5,3,6,4,2,3,5,2,5,3,2,4,7,4,4,4,3,3,4,3,1,4,4,3,3,4,3,4,2,4,5,2,5,5,3,5,3,4,2,2,3,2,1,4,5,1,4,3,5,2,2,1,1,3,1,3,1,2,2,3,4,5,6,2,2,3,3,3,4,4,3,3,2,2,3,4,5,3,3,4,3,4,2,3,0,3,4,5,0,1,5,0,4,4,5,3,4,5,2,3,5,5,4,5,2,2,1,2,1,3,2,3,3,5,2,4,2,1,1,3,2,2,4,1,3,3,0,4,2,6,4,3,1,4,6,3,2,1,5,2,3,4,3,3,5,4,3,3,3,5,3,5,2,3,3,2,2,3,3,4,4,1,3,3,2,2,2,2,1,3,3,2,1,1,0,3,3,2,3,3,3,1,3,3,3,3,2,3,2,3,4,3,4,2,2,2,0,0,5,4,3,2,3,2,3,3,1,3,1,2,6,4,0,3,3,1,5,3,2,3,4,3,2,2,1,4,5,2,2,4,4,2,2,1,3,3,1,3,0,2,4,2,3,0,2,3,4,3,0,1,0,4,3,3,2,2,2,2,1,3,1,6,4,2,4,2,2,2,2,2,4,3,0,0,2,4,3,1,3,3,2,3,3,4,0,2,1,1,2,3,4,3,3,2,3,2,2,2,1,1,1,5,1,1,2,1,1,2,3,3,2,2,1,1,2,3,0,3,4,1,2,1,2,2,3,4,1,3,2,3,5,4,3,1,2,2,3,0,1,2,1,3,5,2,1,2,0,1,2,4,2,2,1,3,0,1,0,2,3,4,1,1,1,2,0,1,1,0,2,2,2,2,1,0,3,2,1,2
0be95d34,0,2,1,1,0,1,0,1,4,0,1,0,1,0,4,0,1,2,1,0,5,2,1,1,0,1,1,1,1,3,4,2,1,0,3,1,1,1,0,1,0,1,1,2,1,1,3,0,2,0,0,0,2,2,2,1,3,0,4,2,2,1,0,1,1,0,2,0,1,1,3,2,1,3,1,4,1,0,4,1,0,2,1,6,1,0,4,4,0,5,0,2,1,1,1,2,1,1,1,2,1,2,4,4,3,1,4,1,1,0,0,2,1,2,0,1,0,1,0,1,3,2,1,1,6,2,2,1,3,3,3,4,4,2,2,2,7,6,4,6,5,0,1,0,1,3,1,1,3,2,5,0,2,3,2,0,3,1,1,3,4,4,4,0,5,4,4,1,5,1,1,0,0,5,2,3,1,4,1,4,2,2,0,1,2,1,6,2,0,2,5,1,2,4,2,0,6,1,4,3,3,3,3,3,1,1,5,4,6,1,4,1,2,2,6,0,2,1,2,2,2,6,1,0,6,2,0,0,6,0,1,3,0,1,2,0,4,5,5,2,3,2,2,0,3,6,4,6,1,5,1,4,3,0,1,4,6,3,1,3,1,5,0,5,1,0,0,7,1,3,1,6,2,2,0,7,0,1,4,3,1,0,3,0,1,2,2,5,7,3,4,1,5,0,8,4,1,1,1,2,4,2,0,0,4,6,8,5,2,1,3,2,0,7,1,3,1,5,3,0,2,1,0,1,4,5,5,1,0,0,7,3,3,0,0,2,4,6,5,0,3,2,0,0,0,3,0,6,5,2,2,3,0,3,5,3,4,1,1,5,2,2,0,4,3,2,2,1,7,2,5,1,0,4,3,2,3,0,1,3,3,5,2,2,4,2,1,5,3,2,0,0,2,2,6,1,2,4,5,1,2,6,5,1,2,3,2,0,3,3,4,0,0,0,2,4,1,4,3,1,0,0,1,2,0,0,3,1,3,2,0,0,3,5,3,2,3,2,0,2,1,4,2,4,3,5,0,5,2,2,2,2,2,4,4,5,2,2,4,4
178ae8f8,3,2,3,4,4,4,2,3,3,2,4,3,2,4,2,4,4,4,3,2,2,2,4,4,7,2,7,4,1,4,2,2,3,4,3,5,5,3,4,6,4,3,3,3,3,3,4,4,4,4,3,5,5,1,6,4,3,3,0,3,3,5,4,4,5,5,0,2,4,5,1,2,4,5,4,1,2,5,1,3,4,2,5,2,8,2,2,5,5,1,5,3,3,4,6,5,2,3,5,4,2,2,3,3,5,3,4,5,5,4,5,4,2,2,5,3,4,6,6,2,2,2,2,2,0,7,3,2,0,0,2,1,0,6,1,3,1,1,1,1,1,5,4,2,4,1,4,4,3,5,2,7,5,3,1,4,2,4,5,2,2,4,2,6,2,2,0,6,1,4,5,0,0,0,1,3,5,2,8,2,2,2,4,2,3,5,1,5,2,5,1,3,1,1,2,7,0,4,1,2,2,2,3,2,4,2,2,2,0,5,1,3,5,3,0,5,4,2,1,4,5,1,3,7,3,3,9,7,2,4,4,5,3,7,2,5,0,1,2,4,1,1,2,2,5,1,4,2,4,1,5,1,4,3,1,0,0,3,5,3,5,2,1,1,4,4,4,1,3,1,2,0,4,2,3,0,1,2,0,2,4,6,3,4,7,2,4,2,1,2,3,2,2,7,0,2,4,3,3,3,0,2,3,4,1,0,0,1,4,3,2,1,3,2,4,1,2,2,1,2,0,1,5,2,2,0,1,9,5,4,0,2,5,5,4,2,3,1,1,4,0,2,4,7,4,2,5,1,1,4,2,1,6,3,0,0,2,5,2,0,4,3,3,2,2,2,1,3,0,5,1,2,4,2,1,0,4,5,5,1,3,0,3,2,1,4,4,0,2,2,3,5,4,1,1,2,3,2,2,2,2,1,1,3,2,1,2,4,1,2,1,4,5,3,3,2,2,1,3,1,5,3,2,5,4,5,2,3,2,3,1,2,1,1,0,1,2,2,5,2,2,2,2,1,1,1,3,1,2,4,1,1,1,1,2,1,2,2,1,1
19053e31,1,2,0,0,1,2,1,0,1,1,1,1,2,1,3,0,1,0,2,2,3,2,2,2,2,2,0,1,2,3,3,0,1,1,1,2,1,3,1,1,2,2,4,2,2,1,3,1,1,1,2,0,3,3,1,1,0,3,3,1,1,1,1,4,2,0,6,1,2,1,2,3,2,1,0,4,1,0,4,3,0,3,0,4,0,2,2,1,2,6,0,2,3,3,0,0,1,2,2,1,1,1,3,5,1,3,2,1,1,4,2,0,1,4,1,1,1,1,1,1,1,4,4,4,5,0,3,2,1,2,0,2,3,0,4,3,4,3,6,4,5,0,1,0,0,5,1,0,3,1,3,0,1,3,3,2,1,1,1,3,3,3,2,1,3,4,8,1,3,0,0,5,0,0,1,3,1,4,0,3,2,5,1,2,1,0,4,1,3,1,4,3,4,3,4,0,4,2,3,5,5,3,3,2,1,2,5,2,4,0,6,1,0,1,3,0,1,2,1,1,2,2,1,0,4,2,0,0,4,4,1,0,1,0,4,1,4,2,2,4,4,3,3,1,0,2,1,4,0,3,0,5,2,4,4,4,6,5,1,2,0,4,4,5,1,3,1,4,1,1,4,5,0,2,2,4,2,1,6,3,0,0,2,3,1,4,0,4,2,4,2,1,1,0,6,4,1,2,2,1,2,3,0,0,4,5,6,2,2,1,3,3,0,4,1,2,1,4,3,2,3,1,1,1,4,7,3,0,1,1,6,2,1,0,0,3,3,3,3,0,2,1,2,0,3,3,1,5,4,1,3,7,1,0,9,4,3,1,2,4,2,0,2,5,3,2,2,2,4,2,4,1,0,5,2,3,2,0,1,4,1,2,2,0,1,2,2,4,3,0,1,1,2,3,5,3,4,4,5,3,3,4,3,1,0,2,2,0,1,4,2,1,0,0,3,3,1,4,0,3,1,2,3,0,0,1,4,2,4,0,1,2,1,4,1,1,4,5,1,2,2,3,1,2,5,4,2,3,3,2,3,1,3,3,5,5,1,1,2,2
2bd83368,2,3,2,2,1,3,2,2,4,0,0,1,2,0,3,0,2,3,1,0,4,2,0,2,1,1,4,4,1,2,4,4,0,1,1,3,2,5,0,1,1,5,1,2,2,0,0,1,2,0,0,2,3,4,1,3,4,1,4,1,4,0,1,2,1,1,2,4,0,2,2,3,1,3,1,3,4,2,1,3,2,4,2,3,3,2,4,2,0,2,3,1,3,2,3,2,2,0,2,4,3,1,0,4,3,3,2,0,2,3,1,1,4,2,1,3,1,0,3,5,5,3,4,4,3,3,4,4,4,3,5,6,4,1,3,2,3,4,3,3,2,0,2,3,2,5,5,0,2,4,4,0,0,4,6,1,4,4,3,0,5,2,3,0,0,6,2,1,5,1,4,2,1,1,0,4,4,3,1,0,6,2,3,6,1,2,4,1,5,2,0,1,3,4,4,0,2,2,1,2,1,1,5,2,0,1,0,6,0,1,6,5,0,4,1,0,1,6,2,3,2,2,0,0,1,2,0,0,3,3,0,1,3,1,6,0,1,2,2,3,2,4,5,4,4,3,1,0,0,4,1,5,4,4,4,2,1,4,1,0,0,2,0,4,6,1,0,3,1,2,1,1,5,7,2,3,5,4,2,2,3,0,0,2,1,2,0,3,3,2,0,5,2,0,2,2,2,1,5,3,7,2,1,1,1,3,2,1,1,3,1,6,1,2,1,2,5,2,2,1,4,4,2,1,2,1,2,1,0,2,0,2,1,1,1,2,2,2,5,1,4,2,3,3,4,2,2,1,1,1,4,2,1,5,1,2,3,1,2,1,1,8,4,2,2,4,1,2,1,0,3,5,1,2,0,8,1,3,3,0,1,4,2,7,1,1,3,3,2,1,3,2,3,6,2,2,0,2,1,2,0,1,3,1,4,2,5,1,3,3,4,2,2,1,2,2,3,3,1,2,1,4,2,1,1,2,2,0,1,4,4,5,2,2,2,1,1,1,2,3,2,1,1,3,2,1,1,1,3,2,1,2,1,4,2,0,1,2,3,2
2fba6108,0,0,1,1,0,1,2,1,2,0,2,1,0,0,6,1,2,1,2,0,4,1,2,2,4,0,1,3,0,2,2,5,1,0,3,2,3,3,0,1,1,2,5,2,3,0,3,0,1,0,0,0,5,3,1,2,4,4,3,2,4,1,2,2,3,1,3,0,1,1,3,1,3,2,1,6,4,2,1,6,0,3,1,2,3,2,1,3,3,2,0,1,2,4,3,2,1,0,4,1,1,1,1,2,4,2,5,1,4,6,3,1,2,2,1,4,2,2,2,3,6,5,6,3,4,3,5,3,4,1,4,4,1,1,1,3,1,5,4,2,1,0,1,1,2,3,3,0,2,4,3,1,1,1,3,2,4,2,3,0,1,1,3,1,2,2,2,4,1,2,4,3,3,3,4,0,5,3,2,2,6,8,2,6,3,4,2,2,1,2,3,3,4,3,4,1,2,3,1,4,3,2,2,2,0,0,3,9,2,2,2,6,1,4,2,0,2,4,2,1,3,4,0,1,3,1,3,1,5,6,0,1,3,2,4,0,1,2,5,1,3,7,3,4,2,3,2,2,0,3,3,6,3,5,3,0,0,0,1,2,1,4,2,5,4,5,1,3,0,2,4,5,5,4,4,1,4,4,5,0,3,1,1,2,2,1,1,8,3,3,1,4,2,1,3,3,2,3,4,4,3,1,1,1,2,2,3,4,3,5,2,6,1,4,1,3,4,3,1,3,4,2,1,1,2,0,3,2,1,4,2,2,1,2,1,4,0,2,4,0,1,3,3,3,4,2,2,5,3,1,2,3,4,6,3,0,5,2,3,1,2,4,4,3,2,4,1,1,1,2,2,5,2,7,2,6,4,4,2,0,1,2,1,4,1,5,5,1,5,1,3,4,4,4,3,1,1,0,0,3,1,3,2,0,2,3,3,2,2,3,2,3,2,1,2,3,3,2,3,1,3,4,2,1,2,4,1,1,3,4,2,4,2,6,2,1,3,1,2,3,3,3,1,3,2,2,2,3,2,1,0,2,0,1,2,1,2,3,2,1
38ce1150,1,1,2,2,1,2,3,2,3,0,1,1,1,1,3,1,4,2,3,1,3,2,2,4,3,1,3,4,1,3,3,5,0,1,2,4,3,4,2,1,2,3,5,2,2,1,2,1,2,1,1,2,4,2,2,2,4,4,1,3,3,1,2,3,6,3,1,1,1,2,1,2,4,3,2,3,3,3,0,6,1,4,2,3,4,3,2,4,2,1,3,2,2,4,4,4,0,2,6,2,2,2,2,3,5,2,3,1,3,6,5,2,2,3,1,3,2,2,4,3,4,3,4,3,1,4,6,2,2,2,4,3,0,2,1,4,1,2,1,2,1,2,3,3,4,2,2,1,1,5,3,3,4,2,3,3,4,2,6,0,2,3,4,2,0,2,0,4,2,5,5,1,5,1,4,5,0,3,5,2,3,5,3,7,2,4,2,5,4,4,1,4,2,3,4,3,2,5,3,1,1,3,2,1,2,2,1,5,0,3,2,6,1,3,2,3,4,5,3,2,7,1,1,2,3,2,5,3,3,7,1,3,5,3,3,2,3,1,5,3,3,4,3,5,3,4,5,1,2,3,5,3,4,6,5,1,1,2,4,5,3,4,0,2,6,3,3,3,2,2,4,1,8,5,7,2,4,4,0,2,4,2,3,6,5,2,3,2,3,2,4,6,3,3,0,4,4,6,6,8,3,5,5,4,3,3,1,3,5,5,2,4,5,4,3,2,5,4,2,2,1,3,5,4,4,1,3,4,5,8,1,5,4,4,4,6,3,3,4,2,2,4,7,5,8,2,4,3,3,2,4,3,6,6,0,1,3,4,3,2,5,6,4,3,6,6,1,3,2,5,2,8,3,1,2,3,5,6,5,3,3,2,3,4,3,6,6,2,4,4,5,9,8,6,3,3,6,4,2,7,3,3,3,3,4,5,5,4,3,6,4,5,4,5,4,2,5,3,4,2,6,4,5,4,6,8,3,4,4,5,4,3,3,3,2,4,4,4,6,3,4,5,4,3,3,2,6,3,4,4,3,4,2,3,3,2,3,3,3,3
3bd65247,2,3,1,1,1,1,1,1,5,0,0,0,3,1,2,0,2,1,1,0,5,0,0,1,0,0,0,6,0,4,3,3,1,1,1,3,2,6,1,1,3,3,3,3,1,2,1,1,1,1,1,1,2,5,2,4,3,2,2,3,5,2,1,2,4,1,1,2,2,2,2,2,4,2,2,2,4,1,1,1,0,7,1,6,2,0,3,3,3,0,0,0,4,3,2,2,1,2,4,3,1,2,2,4,3,4,4,2,1,2,3,1,3,7,1,1,1,3,3,2,2,2,2,6,4,3,2,1,3,2,5,2,1,1,3,5,3,3,2,5,1,1,0,0,1,5,2,2,2,4,4,2,3,4,2,0,3,3,3,2,4,2,7,1,4,3,2,3,2,2,3,4,2,4,3,3,3,0,2,4,2,3,1,2,3,3,5,1,3,3,4,4,4,5,5,1,1,4,1,5,3,2,3,2,2,0,4,3,5,0,2,3,2,5,4,1,4,4,3,3,4,4,2,1,5,2,2,2,1,2,2,3,2,3,4,1,1,3,4,8,3,4,4,0,2,3,2,4,0,4,0,3,4,1,2,3,3,2,2,2,0,2,0,2,2,1,1,3,0,2,2,2,2,4,2,3,1,3,2,2,1,1,0,2,3,3,2,4,3,4,1,3,4,2,3,4,0,3,2,1,4,1,0,0,2,4,5,5,1,2,0,4,0,5,0,3,3,4,6,0,4,2,0,0,0,3,2,2,1,1,4,1,0,0,0,3,0,1,8,0,3,1,1,1,3,5,1,4,3,1,5,1,1,3,3,3,4,0,1,1,0,2,2,4,2,3,1,0,3,3,4,2,0,1,3,3,4,0,1,0,1,3,0,3,2,3,1,4,2,1,2,2,2,4,3,1,2,1,2,1,1,3,5,0,2,3,3,0,1,6,2,2,0,0,2,0,0,3,1,1,1,2,1,1,1,2,1,1,1,1,1,3,1,3,2,1,2,2,1,2,1,3,1,2,3,1,1,3,1,0,0,1,1,2,2,1,1,1,1,1
43458538,1,2,4,2,5,4,1,3,3,2,3,2,1,5,3,3,6,4,5,3,2,1,4,3,5,2,6,3,2,4,2,5,2,4,3,4,5,2,6,6,4,3,4,3,2,4,4,4,4,4,3,6,4,0,6,4,3,5,1,4,2,4,5,3,6,7,1,1,3,6,2,1,4,5,5,2,2,5,2,6,4,3,3,1,5,2,2,5,5,1,5,5,2,5,4,7,2,5,4,3,2,2,3,3,5,2,3,5,4,2,5,5,2,1,5,3,4,5,4,1,3,4,4,2,0,6,4,0,0,2,4,1,2,6,1,4,1,2,3,2,1,6,4,4,5,1,5,4,3,3,1,8,6,3,1,6,4,5,6,3,2,5,3,5,1,2,2,6,1,5,4,1,8,0,1,2,5,2,0,3,2,2,3,2,3,5,2,6,3,5,2,3,3,0,3,7,2,3,3,3,4,1,2,3,5,2,2,3,0,4,1,3,5,2,1,7,6,1,1,4,5,1,3,6,2,4,10,6,0,3,4,7,3,6,2,6,1,2,3,3,2,1,2,2,4,4,6,3,4,3,5,3,4,2,2,1,1,3,6,4,4,3,2,3,3,4,5,1,3,1,3,0,7,2,5,2,2,1,0,2,3,6,4,5,6,1,4,1,3,1,5,1,5,6,1,2,3,4,4,4,2,4,4,4,1,1,1,1,4,2,2,3,4,3,4,2,1,2,2,3,0,1,3,3,1,1,1,10,6,6,0,4,5,5,4,4,3,3,2,5,2,3,3,5,3,1,4,1,2,4,4,1,6,3,0,1,1,5,4,2,4,2,2,2,2,2,2,3,1,5,1,4,4,1,2,2,3,4,6,2,5,2,3,2,1,4,6,1,2,3,2,7,4,2,2,3,4,3,3,4,2,1,3,4,3,3,1,3,3,3,4,3,6,4,4,2,4,1,3,2,4,1,3,7,5,5,4,4,3,4,2,1,2,1,1,2,3,3,5,2,3,3,3,2,1,2,3,1,4,5,3,3,2,2,3,2,1,2,3,3
58ce23e5,2,1,2,2,1,2,2,1,1,1,1,1,1,2,3,1,2,1,4,2,1,3,1,4,0,2,0,2,4,4,2,2,2,2,2,1,1,2,3,2,3,4,5,2,4,3,3,2,2,2,3,3,2,0,2,4,3,5,4,3,2,3,2,2,4,2,3,2,4,2,4,4,5,3,3,4,3,3,3,3,1,4,1,4,1,5,0,2,4,4,2,2,2,2,2,3,3,5,4,4,1,2,5,4,3,2,3,3,0,3,2,3,3,3,2,1,2,4,3,1,3,4,3,4,3,4,3,1,3,5,4,1,3,1,1,6,3,4,4,4,3,2,3,2,3,0,1,3,4,2,2,4,4,4,1,2,3,4,2,5,4,5,4,2,4,2,2,3,2,4,5,4,2,3,0,2,2,4,3,0,1,4,4,1,7,4,3,3,1,2,5,5,2,1,4,3,4,5,5,3,2,5,3,4,4,3,7,2,3,1,2,2,4,2,1,4,5,4,5,3,5,4,4,2,6,5,3,3,2,2,3,6,3,5,3,2,5,3,4,4,3,3,2,1,4,5,5,7,1,3,1,2,4,1,1,5,4,4,3,6,2,5,3,2,2,2,2,4,3,2,4,5,2,3,3,4,1,3,3,1,1,2,3,3,1,4,4,4,3,2,4,0,8,4,5,5,2,3,4,2,2,3,3,2,6,3,3,6,4,3,3,2,2,3,2,4,3,6,4,1,3,3,3,2,4,3,3,2,3,3,5,3,2,1,1,5,2,2,3,1,4,1,1,2,3,4,3,3,4,4,2,3,2,2,4,3,3,1,4,5,2,0,2,4,2,2,1,1,4,3,2,1,1,3,6,0,4,0,0,4,3,2,3,2,2,3,2,3,3,3,3,2,0,0,2,4,4,4,3,3,5,3,2,2,1,3,0,1,0,1,2,2,2,2,3,3,2,4,2,1,2,2,3,3,4,1,3,4,2,0,2,2,1,3,1,2,2,3,0,0,4,6,0,1,3,5,1,1,2,2,5,2,3,2,4,2,1,0,0,1
5e080f73,0,0,2,1,2,2,2,1,1,0,2,1,0,1,3,1,3,1,1,1,1,1,3,2,3,0,2,2,0,1,1,5,1,0,5,3,4,2,1,1,1,1,2,4,2,1,4,0,1,0,0,1,3,3,1,2,3,4,4,2,2,1,4,3,2,2,3,1,1,2,3,3,2,2,1,1,3,1,2,4,1,4,1,2,3,2,2,2,3,2,1,1,2,4,2,1,5,1,2,1,2,1,2,1,2,0,4,2,5,3,2,2,3,0,2,5,3,1,1,2,4,6,5,3,4,2,3,3,3,2,3,4,3,1,0,5,1,5,5,5,1,1,3,2,0,3,4,0,3,2,2,1,2,2,3,4,4,2,3,1,1,1,4,1,2,4,3,4,2,0,2,2,2,2,6,6,3,2,2,1,0,3,1,4,1,3,3,3,4,4,2,2,2,1,4,1,1,1,1,1,2,0,2,3,0,1,0,6,0,1,4,6,3,2,2,1,2,3,2,1,1,3,0,1,3,4,3,0,5,3,0,1,2,1,3,1,0,4,5,1,4,3,0,4,4,4,2,2,0,4,5,5,1,4,4,3,3,2,3,2,2,0,2,7,2,4,1,1,2,4,4,3,5,3,3,4,5,2,3,3,3,2,3,3,2,2,1,5,5,0,3,3,3,0,2,2,2,3,1,3,5,2,0,0,2,3,1,1,1,3,3,5,0,1,1,2,2,3,3,2,3,3,0,1,0,2,2,2,0,3,0,2,2,2,0,3,0,2,3,2,4,4,3,2,3,1,1,2,1,2,2,2,3,4,2,3,5,2,2,3,1,4,2,3,1,3,2,1,3,2,5,6,2,3,1,7,2,4,2,0,3,5,2,3,2,2,3,4,2,3,1,3,4,5,0,4,0,0,3,3,1,1,3,2,3,4,3,1,3,3,3,3,3,0,2,5,3,3,4,3,2,3,3,2,0,2,3,1,3,5,3,1,3,3,3,1,3,3,4,5,2,1,2,2,2,0,2,1,4,3,2,3,2,3,2,1,2,4,3,2
6191093d,2,1,0,1,0,3,4,0,1,0,1,0,1,0,6,0,1,0,4,1,3,3,2,1,3,1,1,2,2,3,3,3,0,0,1,1,1,4,0,1,1,4,8,0,5,0,3,0,2,0,1,0,5,2,1,2,4,6,5,1,2,0,1,5,4,1,5,2,1,1,1,3,6,3,1,8,2,1,2,7,0,4,0,1,1,4,0,2,3,4,0,1,3,6,1,2,1,1,6,3,0,0,2,3,3,3,3,0,2,9,4,1,2,4,0,2,1,1,3,3,6,7,8,4,3,4,4,3,4,3,4,2,3,1,2,6,2,5,4,1,3,0,1,1,2,2,2,0,0,3,2,1,2,3,4,3,2,4,3,1,2,2,3,0,2,0,3,3,1,2,3,2,2,5,2,8,5,3,2,4,3,0,3,5,5,3,1,2,3,1,4,6,5,2,5,0,4,5,2,5,4,4,2,4,0,0,5,7,3,1,3,5,0,2,1,0,1,4,4,2,4,2,0,0,4,2,2,1,2,8,0,1,5,3,4,0,3,0,4,3,3,7,4,4,3,1,2,3,0,1,2,4,4,7,4,2,1,2,2,3,0,6,4,3,4,4,1,3,1,1,6,5,4,4,5,1,4,4,5,0,1,0,1,4,2,4,1,5,2,4,1,3,2,1,4,3,1,5,6,3,1,3,1,1,5,1,2,4,3,5,3,6,1,3,3,3,4,3,2,3,4,4,2,1,4,1,3,2,1,5,3,3,1,1,1,5,1,2,3,0,3,0,5,2,7,3,3,4,4,1,3,4,4,4,4,1,2,1,5,1,1,2,4,3,2,4,0,2,0,3,0,4,1,5,4,4,4,3,2,2,2,0,3,4,0,6,6,0,5,0,5,5,4,3,4,3,3,2,0,6,2,2,1,0,2,2,1,1,0,3,0,2,1,1,3,2,5,2,1,1,4,4,3,1,2,5,3,2,4,2,4,4,2,4,0,1,4,4,3,0,3,3,0,1,4,4,4,2,4,2,2,0,1,1,4,2,1,0,0,1
64629ba4,2,1,5,3,3,2,1,5,1,3,4,5,1,3,2,4,3,6,4,4,2,2,3,4,2,6,5,1,5,2,3,1,3,5,3,2,3,2,3,5,5,3,2,3,2,3,4,5,1,4,5,5,3,0,4,5,3,2,1,4,1,4,4,2,3,3,2,3,5,5,2,1,3,0,4,3,3,6,2,4,6,1,4,2,4,3,0,5,5,1,5,4,3,3,5,4,3,4,6,2,6,4,3,3,5,3,1,3,4,4,3,5,3,2,4,5,1,5,4,1,5,2,3,3,2,2,3,2,3,4,2,0,3,4,1,2,1,0,2,2,1,3,4,6,7,0,2,4,1,3,3,5,3,3,3,4,1,4,6,1,2,0,1,4,2,0,1,2,2,6,5,0,4,1,3,2,3,1,3,4,1,3,0,2,5,4,3,2,3,2,3,3,3,1,3,4,2,7,4,2,2,5,2,1,4,5,2,3,1,5,3,3,3,1,0,4,4,4,3,4,3,0,5,4,1,3,3,6,0,4,4,5,4,3,2,3,3,0,1,2,1,2,4,3,1,1,3,3,4,1,1,2,3,3,2,1,1,1,5,4,4,3,3,0,4,3,3,2,6,0,4,1,4,3,4,0,3,5,1,1,6,3,0,3,4,3,5,1,0,3,1,3,2,7,1,2,4,3,3,4,1,1,6,6,2,2,0,2,3,5,1,2,5,1,4,2,3,2,2,4,1,3,7,3,3,1,0,4,5,4,2,3,3,4,5,3,0,0,1,4,1,0,5,6,3,2,9,1,3,5,3,1,5,4,2,2,0,4,3,1,3,2,2,3,4,3,0,6,1,3,0,1,3,2,3,1,2,3,4,2,3,0,3,6,2,3,4,1,2,3,5,3,3,1,2,2,4,1,1,2,3,1,1,2,1,0,1,5,0,2,0,4,5,5,2,1,2,1,2,1,5,3,2,4,7,4,1,4,1,1,2,4,0,1,0,1,1,1,2,0,4,2,1,0,1,2,3,0,1,3,2,1,1,1,1,1,1,0,0,0
6a99e0b1,2,2,3,3,1,3,4,3,2,1,1,2,2,1,3,1,5,3,2,1,4,3,2,2,4,2,4,4,3,2,3,5,1,2,2,4,4,5,2,1,0,3,5,2,3,1,0,2,3,1,1,2,4,3,2,2,5,3,1,1,4,1,2,4,4,4,3,3,1,1,3,3,3,3,2,3,3,4,0,5,2,3,3,2,5,4,2,2,0,2,4,2,1,3,3,4,1,2,4,3,3,2,1,2,3,3,2,1,3,6,3,1,4,3,2,3,2,0,2,6,4,3,4,3,1,3,5,4,4,2,3,5,1,2,3,3,1,2,2,1,1,1,3,4,3,4,4,1,2,4,3,0,4,1,4,3,6,2,5,0,2,3,3,1,1,3,2,2,3,2,5,1,2,2,6,6,7,2,2,1,4,5,2,0,1,2,1,3,3,2,1,3,2,4,4,2,1,3,3,1,1,1,3,1,2,0,0,5,1,2,2,5,1,4,1,2,2,4,1,2,5,2,1,1,3,0,2,0,3,6,1,1,2,2,4,1,2,2,4,2,1,4,4,4,3,3,2,0,1,2,3,4,2,6,5,0,0,1,1,2,1,1,2,4,4,2,0,2,1,1,3,2,5,4,4,1,5,3,2,0,3,1,1,4,4,2,0,3,2,3,2,6,2,0,1,1,1,3,5,5,3,3,3,2,1,2,2,1,2,4,0,4,3,1,2,1,4,1,0,3,3,2,3,2,2,0,1,1,1,4,0,3,1,2,2,5,1,1,2,1,2,3,4,2,5,2,1,1,1,1,1,5,2,5,1,0,3,1,2,2,2,5,4,1,3,3,1,2,1,2,1,7,2,3,0,5,2,3,3,1,2,2,1,4,1,2,4,1,2,1,2,5,5,5,1,1,2,2,0,5,1,1,1,0,3,5,5,2,2,3,3,1,3,3,1,1,4,1,1,1,2,3,4,0,2,4,1,0,3,5,2,5,1,2,2,2,3,2,3,2,2,2,1,2,1,0,4,1,2,1,1,3,0,1,1,0,1,2,2,1
6e058f06,3,2,3,3,2,3,3,3,2,2,3,2,2,2,4,3,1,3,4,2,2,5,1,2,1,3,1,3,4,3,3,2,3,3,1,1,1,3,2,4,4,5,5,2,7,3,2,3,2,3,4,4,2,0,3,6,5,5,3,3,3,4,1,3,5,2,2,3,5,3,4,4,8,5,3,5,5,3,4,3,3,5,1,3,2,6,1,3,4,2,2,2,3,2,3,3,2,4,6,6,2,3,4,3,3,3,2,3,2,4,4,2,6,3,2,1,3,5,5,3,6,4,4,6,2,6,3,2,4,6,5,1,3,3,1,6,3,4,2,2,2,3,1,1,3,0,4,5,3,4,2,5,3,5,2,2,4,6,3,4,3,3,4,3,5,1,1,4,1,4,4,2,3,1,1,3,2,3,3,7,1,5,5,1,0,5,3,3,3,1,5,7,2,1,5,4,4,7,3,3,3,5,4,7,4,3,6,3,3,2,1,3,3,3,2,4,4,5,6,6,3,3,5,4,3,3,3,5,1,3,4,5,4,6,4,2,4,2,3,5,2,3,2,3,4,2,3,6,2,2,1,1,6,2,2,3,2,3,2,4,2,4,3,0,3,3,2,2,3,2,4,3,2,4,3,2,2,5,2,1,2,3,1,4,3,6,4,2,2,3,1,2,5,6,3,3,2,4,4,3,1,1,3,3,4,2,1,5,3,5,3,3,2,2,3,4,4,3,3,1,3,4,3,1,4,2,2,3,3,3,4,4,1,1,2,3,1,2,3,1,4,0,3,2,4,3,4,2,4,2,2,1,2,4,2,3,1,1,5,2,1,1,3,3,2,4,1,2,2,2,1,1,1,2,6,1,2,2,1,3,2,1,3,4,2,4,3,2,4,2,5,2,1,1,2,3,3,2,1,3,4,2,2,1,2,1,0,2,0,1,0,4,1,2,2,2,3,2,2,1,4,3,2,2,4,3,2,3,2,1,3,2,2,2,1,2,2,2,1,0,3,3,0,0,3,4,3,1,3,1,3,1,2,2,2,2,2,0,0,1
75374ee7,0,0,4,1,4,0,1,3,1,3,4,4,0,6,2,4,3,2,1,4,1,1,4,4,4,3,2,2,1,2,2,3,5,5,5,2,5,1,5,4,4,3,2,5,3,6,5,5,2,5,4,4,1,0,4,3,4,4,1,6,2,7,5,0,6,3,2,0,6,5,3,2,5,4,8,3,3,6,1,5,4,5,5,2,3,2,0,3,7,0,3,3,1,4,5,5,3,5,6,3,3,4,4,3,4,1,3,8,3,3,6,6,3,2,7,6,7,8,4,1,4,3,4,4,0,5,4,1,2,3,6,1,1,3,0,5,1,2,2,3,0,5,3,4,5,0,3,5,4,4,1,7,4,2,2,2,3,4,2,6,3,3,5,6,3,1,1,9,0,6,5,1,5,0,2,4,4,3,5,4,3,3,4,2,5,0,2,4,3,3,3,5,3,2,6,5,3,7,4,1,2,3,3,4,5,3,3,3,1,6,1,5,8,2,2,4,6,4,3,4,5,2,5,6,2,4,6,4,1,4,6,6,4,4,3,6,2,4,3,3,2,3,2,2,4,3,4,4,4,3,6,3,5,4,3,2,2,1,6,3,5,2,3,1,3,8,5,2,3,4,6,1,5,4,7,2,3,4,0,1,5,6,3,3,2,3,6,2,2,1,4,2,5,4,1,1,6,6,3,3,3,3,3,5,1,3,1,3,4,4,2,4,3,1,0,3,4,1,3,5,2,4,3,5,1,2,0,5,4,5,1,3,2,7,5,4,1,1,3,5,3,2,3,7,3,2,4,1,4,4,3,0,6,4,0,2,2,7,4,2,4,2,2,5,4,3,4,3,2,5,3,3,6,4,4,3,1,6,3,0,4,2,0,3,3,3,6,2,2,4,3,6,4,3,1,1,2,0,2,3,2,0,3,5,2,2,1,5,2,3,1,5,6,3,4,2,3,0,4,1,3,2,0,6,4,6,1,5,1,2,3,2,1,1,3,0,1,1,4,2,5,1,3,1,1,1,3,0,2,2,1,1,2,0,0,1,2,3,2,2
7978cbf0,0,2,1,1,1,2,0,2,4,1,1,1,1,0,2,1,1,3,3,0,5,1,0,3,0,1,2,2,1,4,4,3,2,1,1,2,1,3,0,2,3,2,1,3,0,1,2,1,2,1,1,1,3,2,3,4,4,1,1,3,3,2,1,1,3,0,3,1,2,2,2,2,3,2,1,3,3,1,3,2,2,4,0,7,1,0,4,5,1,3,1,2,3,2,2,3,2,1,3,2,3,3,3,6,5,2,2,1,3,1,2,1,3,3,0,2,0,3,1,1,5,3,3,4,5,3,3,1,2,4,4,2,4,3,2,3,5,3,5,8,3,0,1,1,2,4,3,2,4,3,6,1,2,6,3,1,4,2,4,2,4,3,4,1,4,5,5,2,5,3,2,6,1,4,4,2,2,5,2,3,3,1,3,1,3,2,0,1,1,2,4,3,3,3,4,1,4,3,3,3,4,5,2,2,2,3,4,4,3,1,6,3,1,3,4,0,3,3,3,3,3,3,2,1,3,4,1,2,3,1,2,4,1,2,4,0,4,3,4,4,6,2,3,1,2,6,5,5,2,8,0,6,3,0,2,3,5,4,2,4,1,4,0,4,2,1,1,5,2,4,1,2,4,4,1,6,1,3,2,4,3,0,1,1,2,3,3,3,5,3,2,2,5,2,5,6,2,3,2,2,5,2,1,1,1,6,6,4,4,3,3,4,1,6,3,4,2,5,4,0,1,1,0,1,2,5,4,2,2,1,4,4,3,0,1,3,4,5,6,2,3,3,1,2,2,3,3,6,5,1,4,3,1,5,5,5,5,0,3,3,3,2,2,6,3,5,2,3,5,4,7,1,0,1,3,3,3,1,3,4,2,5,4,5,4,1,2,7,3,1,2,1,1,2,3,3,5,3,4,0,2,5,8,2,3,4,3,1,4,5,4,4,1,1,4,2,1,5,1,3,3,2,3,2,2,2,4,3,2,3,0,1,3,5,4,4,1,3,1,4,2,5,3,4,2,3,2,4,3,3,3,3,3,7,4,4,4,3,4,4
79b51257,0,0,1,1,3,1,2,3,0,3,2,2,0,4,2,2,5,2,3,2,0,1,2,2,3,3,3,1,3,2,1,3,2,5,2,4,3,0,5,4,4,2,3,1,3,3,2,5,2,5,4,6,1,0,5,3,4,5,2,2,0,4,3,1,7,5,1,0,3,3,1,4,4,5,4,1,3,5,0,4,4,2,2,0,3,2,0,3,2,2,4,4,0,2,1,6,1,4,5,2,3,3,6,1,4,0,3,3,3,2,6,4,4,0,3,1,4,4,3,1,3,3,2,3,0,4,3,1,2,4,2,3,0,4,0,4,0,3,1,2,1,4,5,3,5,0,5,4,4,2,1,4,7,0,1,4,5,2,4,4,1,5,3,5,3,1,0,5,1,5,2,2,5,1,1,2,5,1,6,3,3,2,2,3,3,4,1,0,2,4,1,4,0,1,2,6,1,4,2,0,0,1,3,3,6,3,2,2,1,4,0,2,4,0,2,4,4,1,3,4,4,3,3,5,4,4,6,5,2,3,5,6,2,3,1,5,4,4,2,1,1,1,0,4,5,2,6,2,5,0,6,0,3,3,2,2,3,2,4,6,5,1,1,3,2,3,3,1,5,0,3,3,5,1,4,2,3,2,1,5,3,3,5,7,5,3,5,1,2,1,7,3,3,4,1,1,4,3,3,7,0,3,4,4,2,1,1,1,4,3,1,1,5,1,3,1,1,2,1,2,1,1,2,3,2,2,2,5,6,5,1,6,6,3,5,2,3,2,1,4,2,2,5,3,3,1,4,1,1,4,1,2,3,3,1,0,1,4,2,4,5,2,2,0,4,4,2,4,2,3,0,4,2,2,1,1,2,6,5,5,3,1,3,2,4,4,4,0,3,3,3,6,5,3,2,2,4,3,4,5,4,1,0,4,2,2,2,3,1,1,3,4,4,5,3,2,3,1,3,2,5,1,4,4,4,6,3,3,3,3,2,0,2,1,1,4,3,3,5,1,2,2,3,1,4,2,5,2,4,3,2,2,3,2,3,3,2,1,2,2
7aa8adfe,3,3,4,1,4,3,2,3,2,0,2,2,3,2,2,2,3,3,1,3,1,3,3,1,2,3,3,3,2,1,3,2,0,2,2,2,3,5,2,2,2,4,4,3,3,2,3,2,0,1,2,4,0,2,1,3,1,3,4,2,2,1,2,4,3,4,3,4,2,5,1,3,4,2,2,2,2,2,4,4,3,5,2,1,3,3,2,1,3,1,3,1,3,3,3,1,2,3,4,4,2,1,2,2,1,4,2,2,2,3,3,3,4,3,3,2,2,1,5,4,2,4,4,5,1,2,2,3,2,2,3,2,4,2,2,5,2,2,3,2,1,3,1,3,2,2,4,2,1,4,1,3,2,3,3,4,1,6,4,1,3,0,4,1,1,2,3,3,1,2,1,0,2,3,5,1,4,3,3,1,4,3,3,3,3,3,1,2,0,3,2,3,3,1,5,2,3,4,3,3,3,2,3,5,1,1,1,1,1,1,3,5,2,2,2,3,2,5,4,5,2,0,1,2,1,2,3,2,1,4,1,1,5,1,4,2,2,1,3,5,3,2,3,4,2,2,2,2,1,3,4,2,4,5,6,5,4,3,3,3,2,2,2,2,4,3,2,1,2,3,5,0,3,5,5,3,6,4,2,3,1,3,2,5,3,4,2,1,3,2,3,4,1,2,2,2,3,6,3,3,5,4,2,2,4,3,0,1,1,3,4,4,2,1,2,4,4,2,5,2,4,6,3,3,2,4,2,3,2,5,2,4,2,3,2,4,1,2,4,2,6,2,6,1,5,2,2,1,3,1,5,2,4,2,2,5,2,3,3,3,2,4,3,4,3,3,2,2,2,4,4,5,2,0,3,5,1,4,3,2,4,3,3,3,2,4,4,4,3,3,4,5,5,6,2,5,4,2,3,5,2,1,3,4,4,3,2,2,2,4,3,4,2,2,3,4,4,3,3,4,4,4,4,3,2,4,4,4,4,3,6,3,3,1,2,1,4,5,6,3,3,1,3,1,4,2,5,1,5,5,4,2,3,3,3,3,1,2,2,2
801831fe,2,0,3,2,2,1,3,2,1,0,1,1,1,3,1,1,5,3,1,2,2,0,3,2,2,1,3,2,0,4,1,4,0,2,3,4,5,1,3,3,2,1,1,3,1,3,2,2,1,2,2,3,3,4,4,2,4,3,1,3,2,2,3,1,3,4,2,1,2,2,4,1,2,2,3,0,2,2,3,3,1,3,2,3,5,0,2,4,4,1,1,1,1,2,2,3,1,3,4,2,2,2,5,2,6,1,7,3,3,2,3,2,2,1,3,3,3,2,4,2,1,2,2,1,4,3,2,2,2,1,3,1,4,3,0,3,3,3,2,3,2,4,1,2,1,1,2,2,3,4,3,4,3,0,0,3,3,3,3,3,3,3,3,3,1,4,2,4,3,1,2,2,5,1,2,2,4,3,5,2,4,1,2,2,1,3,2,4,3,0,1,2,1,2,2,3,2,3,3,0,1,3,2,3,2,3,2,2,1,2,2,3,3,2,3,4,4,0,1,3,4,2,2,3,5,3,5,4,2,2,2,2,4,2,0,4,1,3,4,1,3,2,0,4,4,3,3,3,2,3,4,3,2,3,2,3,2,4,3,3,2,2,1,4,2,2,2,3,2,3,2,2,5,0,2,3,2,2,3,2,3,4,2,5,6,3,1,2,5,1,4,3,4,4,2,3,4,3,1,4,4,4,2,2,3,3,3,3,2,3,4,2,2,4,3,2,1,3,2,2,3,4,3,4,2,2,4,6,2,5,2,2,5,3,2,3,2,4,2,3,1,3,5,2,2,1,3,2,2,2,2,1,4,3,1,2,3,3,2,2,3,4,2,2,4,2,1,2,3,5,4,5,2,1,3,3,7,4,3,2,3,2,5,2,2,5,4,4,1,4,3,4,6,3,1,5,3,3,3,3,3,3,2,5,4,4,2,2,3,3,4,2,3,2,3,4,3,4,4,2,5,2,4,3,2,3,4,4,4,5,4,1,4,2,2,2,5,4,6,3,3,3,4,2,2,2,3,2,3,7,4,3,3,4,3,3,2,3,3,3
8455ad90,2,3,2,0,1,1,1,0,3,0,0,0,3,1,3,0,1,0,2,2,6,3,2,1,1,1,0,2,1,3,4,2,1,0,2,0,1,3,1,0,1,2,3,2,2,2,5,0,1,0,1,0,2,3,1,1,1,3,2,3,4,1,1,1,2,1,4,2,2,2,3,3,3,1,2,5,2,0,6,4,0,3,0,5,0,2,3,2,3,4,0,0,4,2,1,1,2,3,3,2,0,1,3,4,1,5,1,2,0,3,1,3,0,6,1,1,1,2,2,1,4,5,4,3,4,2,2,1,1,2,3,2,4,1,4,5,5,3,6,6,2,1,1,1,1,3,0,1,2,3,4,3,2,5,2,2,1,3,1,2,3,1,5,0,7,1,5,3,1,2,1,5,1,4,0,3,1,4,2,5,2,4,3,1,5,3,4,1,2,1,0,3,6,4,5,0,5,3,5,5,7,4,2,5,1,1,5,2,6,0,3,2,3,4,5,2,3,4,4,2,2,4,2,0,2,3,2,1,3,3,1,3,3,3,4,1,3,4,5,5,3,2,5,1,2,5,3,9,0,4,2,4,4,2,3,4,6,2,3,4,1,4,3,3,2,3,2,2,2,3,5,3,2,3,2,4,2,3,4,3,0,1,3,1,0,3,3,4,5,7,3,0,4,2,7,3,0,4,3,1,2,2,1,1,3,5,4,3,2,3,4,3,0,4,1,5,3,4,7,2,3,3,2,1,4,5,2,2,1,3,6,2,1,1,0,4,1,3,3,1,4,2,1,1,2,7,2,4,7,2,5,3,3,2,5,6,1,1,4,5,1,0,3,6,0,2,3,2,6,3,4,1,1,2,5,2,1,0,0,2,4,4,1,1,3,3,4,5,4,3,2,2,1,1,5,3,3,2,5,2,1,4,5,1,1,2,2,0,2,5,1,1,1,0,3,5,2,2,3,3,2,2,1,3,2,1,2,3,3,1,2,4,3,3,3,1,3,2,1,2,3,3,2,1,2,2,1,3,2,2,4,3,1,1,1,5,1,2,2,2
8babb812,2,1,1,1,0,3,4,2,1,3,2,3,1,3,5,2,3,1,6,3,1,3,4,2,2,4,1,3,4,4,3,3,4,4,1,3,4,3,2,2,4,6,6,2,4,4,3,4,4,4,5,2,4,0,5,4,6,7,3,4,2,5,0,4,8,2,2,2,6,1,2,4,10,5,3,4,5,2,1,4,2,7,1,2,2,3,0,5,4,2,0,2,2,4,2,4,1,4,8,5,3,4,6,3,4,2,2,4,3,6,8,2,4,4,3,1,4,6,4,2,6,5,5,8,0,6,3,2,2,5,5,1,2,3,2,8,2,3,2,2,2,2,0,0,2,1,4,4,4,3,1,3,5,4,2,2,6,5,4,5,3,5,5,4,4,2,2,7,1,3,3,1,3,3,1,3,4,4,3,5,2,6,3,3,7,5,3,4,3,2,3,0,2,1,6,2,3,7,2,2,2,5,5,5,4,3,6,3,2,2,1,4,3,2,1,1,4,4,6,5,5,2,5,3,5,2,3,3,0,5,5,4,4,5,5,3,4,3,4,5,2,3,2,4,5,2,4,4,2,2,3,1,6,5,3,3,2,4,3,5,2,3,4,1,3,4,3,2,3,3,5,1,3,4,3,2,3,5,1,1,2,2,1,7,4,8,4,1,2,2,2,3,4,3,2,2,2,7,4,3,1,2,1,2,3,1,1,3,3,6,2,3,1,1,4,3,4,2,3,1,3,4,1,1,2,3,1,3,3,4,2,5,2,1,2,5,1,1,3,1,4,0,5,2,6,3,3,1,3,1,2,2,4,5,1,2,2,1,4,2,1,1,3,3,3,4,3,3,1,4,1,3,1,0,4,1,3,4,2,3,4,1,4,4,3,4,5,1,3,1,5,4,3,2,1,3,4,2,0,5,3,0,2,1,2,3,0,2,1,2,0,3,0,1,2,1,4,1,0,1,5,3,4,2,2,6,3,3,3,2,3,2,1,1,2,2,3,4,3,0,3,2,1,1,3,2,6,0,4,2,2,0,1,2,3,1,3,1,1,2
8f5e92a6,3,6,1,0,1,2,2,0,6,0,1,0,5,1,3,0,1,1,3,2,5,2,2,1,2,1,1,4,1,5,5,3,0,0,2,0,1,4,1,2,1,5,3,1,2,1,4,0,2,0,1,0,4,6,1,1,2,4,5,2,5,0,2,2,1,1,5,4,1,2,1,1,2,2,2,5,3,1,3,7,0,3,0,2,0,2,4,2,4,5,0,2,7,4,1,2,1,2,3,3,0,0,1,5,3,7,0,1,1,5,1,2,0,7,1,3,1,1,3,3,4,6,7,3,2,2,4,3,0,2,6,4,3,1,7,3,3,2,6,3,4,1,1,2,2,6,1,0,0,3,2,2,0,4,7,3,1,5,1,1,6,1,5,0,3,1,6,2,2,2,2,2,1,4,3,4,2,4,3,2,2,5,3,2,2,3,3,0,3,1,6,2,0,6,4,0,4,3,3,9,9,3,3,2,0,0,2,4,3,1,5,3,1,5,2,1,2,4,4,3,2,0,0,0,0,2,2,1,1,6,0,2,5,2,5,1,2,1,2,5,3,6,9,3,1,3,2,4,0,3,1,6,4,4,3,3,3,2,2,2,0,4,4,4,5,4,2,2,1,1,5,2,4,5,4,2,3,4,3,1,1,1,1,1,0,1,1,4,3,5,1,2,3,1,4,1,1,3,6,1,4,2,1,1,1,3,4,1,2,3,2,7,1,3,2,4,5,1,6,4,4,4,2,2,2,3,0,3,1,4,2,2,1,2,1,4,2,2,4,1,4,1,2,2,3,7,3,3,5,0,8,3,4,3,4,3,0,2,6,2,1,3,5,5,1,2,1,2,3,2,2,2,2,3,3,6,1,1,2,1,3,2,2,4,0,2,6,2,2,1,4,3,2,3,5,2,2,2,2,3,1,1,4,1,3,1,2,1,2,5,3,1,2,1,3,2,5,0,1,2,2,4,1,3,2,2,3,3,2,2,5,7,1,2,1,0,2,2,1,1,4,1,1,1,1,2,1,1,3,3,2,1,1,1,2,3,0,1,2,2
9e7483ff,4,5,1,2,0,1,3,1,6,0,0,0,6,0,0,0,1,1,0,0,5,2,0,1,2,0,1,5,0,3,3,1,1,0,1,2,1,5,0,0,0,3,1,2,1,1,0,0,3,0,0,0,3,8,1,1,3,0,2,2,8,1,0,1,1,0,2,5,1,0,1,1,1,4,2,2,3,1,1,2,0,3,1,4,2,1,5,2,0,4,1,0,6,1,2,2,0,1,2,3,1,2,3,3,2,7,1,1,1,3,0,0,1,7,0,2,0,1,3,6,2,1,2,2,2,2,3,3,1,2,5,6,0,1,6,1,3,1,1,3,3,0,1,1,1,6,0,1,1,6,3,0,1,3,5,0,2,1,1,2,6,3,5,0,3,2,2,1,4,2,3,4,1,3,4,3,3,5,0,1,1,2,1,4,1,2,3,1,1,2,4,1,6,0,2,0,3,2,2,5,4,3,4,1,1,0,1,2,3,1,3,2,1,8,4,0,2,4,4,2,3,2,1,0,3,0,0,0,3,4,1,1,3,3,4,0,3,3,2,5,1,6,7,3,2,2,1,2,0,2,0,3,3,3,1,4,3,1,0,1,0,1,1,3,3,1,0,4,0,2,1,3,2,4,1,3,1,4,1,1,2,0,1,0,1,1,1,3,3,4,2,3,2,0,3,1,1,1,4,3,4,1,1,1,0,5,6,2,1,3,0,4,1,2,0,2,6,1,5,2,5,4,2,1,3,3,1,0,0,2,3,2,0,1,1,2,3,2,4,0,2,1,1,2,2,8,1,2,3,0,4,3,1,3,3,2,2,2,2,2,1,4,5,3,3,2,1,1,5,1,3,2,1,3,1,4,2,1,1,1,1,2,0,3,2,1,2,3,0,1,3,1,3,4,4,0,0,2,2,2,1,2,3,0,2,2,4,1,1,4,3,0,1,1,1,0,2,1,1,0,1,3,0,0,1,1,1,0,1,1,4,7,1,1,2,1,1,1,0,1,1,1,1,1,1,1,0,2,1,0,0,1,1,1,1,2,1,1,2,2
a1d5bd30,1,1,1,0,2,2,2,0,1,0,0,0,1,2,4,0,2,0,2,2,2,3,2,1,0,1,0,4,1,3,4,4,1,1,1,2,2,3,2,1,3,4,4,3,3,3,4,1,1,1,2,1,1,0,2,3,4,5,2,3,3,2,1,3,5,2,5,1,3,3,3,5,6,3,4,5,4,2,3,5,0,7,0,4,1,2,1,2,4,2,0,0,2,5,1,3,2,4,7,4,0,1,3,6,3,2,1,3,0,5,4,2,3,4,2,2,3,3,4,1,6,5,6,8,1,4,2,3,1,3,6,2,3,1,1,8,3,3,6,5,2,2,0,2,2,1,4,2,4,3,2,3,3,5,3,2,4,5,2,3,4,2,6,1,4,4,4,5,1,3,3,2,2,4,4,4,4,5,3,4,4,5,3,4,5,6,4,2,5,2,5,6,4,2,0,1,5,7,5,2,4,5,5,6,2,0,5,4,3,1,4,5,3,3,3,2,4,7,4,4,5,4,2,1,3,3,3,2,2,5,2,3,5,3,6,2,4,5,5,6,4,3,3,4,3,5,2,6,0,6,2,6,5,4,8,4,5,4,3,3,0,4,2,3,5,3,2,3,1,3,5,0,4,7,5,4,6,6,3,2,1,2,2,4,2,6,2,2,2,3,2,4,4,2,3,3,1,6,4,2,5,4,1,1,2,5,2,2,3,6,3,5,1,2,1,5,6,3,5,2,4,5,2,2,3,5,1,3,1,5,3,3,0,2,1,7,1,2,4,1,5,3,4,2,6,3,3,2,6,0,5,4,4,5,3,5,3,2,4,5,2,3,4,7,2,5,4,3,3,4,4,5,2,2,4,5,1,2,2,2,3,5,1,3,2,3,5,4,5,1,4,5,4,6,3,3,4,2,3,5,1,1,5,1,2,4,4,1,3,6,2,3,2,1,5,4,4,2,1,5,3,4,3,2,2,4,3,3,4,3,4,4,2,3,4,1,4,4,3,4,5,2,2,2,4,1,3,1,4,2,3,3,2,2,2,3,1,3,3,2
a4948e67,2,2,5,4,6,3,1,6,1,5,7,6,2,6,0,7,5,6,3,4,0,2,4,4,6,5,5,2,5,1,0,1,6,7,5,4,5,1,7,8,5,1,2,5,4,5,3,7,3,7,6,8,1,0,6,5,3,2,0,3,1,8,7,3,5,6,1,2,7,5,3,2,3,3,6,0,2,9,1,2,7,1,6,0,6,4,1,3,5,0,7,7,1,2,5,7,4,6,3,3,5,5,3,1,3,1,3,7,6,0,4,4,5,0,7,5,6,7,3,2,1,0,0,2,0,3,3,1,2,3,1,0,0,6,1,1,0,1,0,0,0,7,6,5,6,1,4,7,5,2,0,7,7,1,1,5,4,2,5,3,1,3,1,9,4,1,1,4,0,6,5,0,7,0,0,1,3,1,7,3,1,0,4,2,4,5,1,6,2,3,0,2,0,0,1,0,0,4,3,1,1,1,1,2,8,4,1,0,1,8,0,1,7,1,0,8,5,0,1,5,3,1,6,10,1,3,8,7,1,1,7,7,1,4,0,7,2,1,0,2,0,0,0,2,2,1,4,1,7,0,5,0,2,1,2,0,0,2,5,3,8,1,3,0,1,4,4,0,6,1,2,1,3,0,4,0,0,1,0,3,7,8,4,5,7,2,5,1,0,0,3,3,3,7,0,1,6,1,2,4,0,3,7,7,2,0,0,1,5,1,2,0,7,1,4,0,0,1,0,4,0,0,5,4,1,0,1,6,7,3,0,3,4,7,7,1,2,1,0,6,1,3,3,6,1,0,5,0,0,6,1,1,4,1,0,0,1,6,2,1,6,1,1,1,4,2,1,5,0,2,1,2,6,3,1,0,1,5,6,3,3,0,2,1,2,2,2,0,1,3,2,4,2,1,1,1,4,2,2,2,5,1,0,4,2,1,2,7,1,1,2,5,8,7,2,2,2,1,4,1,3,0,3,5,6,4,1,3,1,2,1,0,1,0,0,3,1,1,3,2,2,2,2,1,1,2,4,1,1,2,2,2,2,2,1,1,3,2,1,1
ac4a4508,2,2,1,1,1,3,2,0,1,0,0,0,1,1,3,0,1,1,3,2,3,3,2,1,0,1,1,0,2,3,3,2,1,0,1,0,1,1,1,1,0,3,2,2,3,2,3,0,3,0,1,0,2,0,2,1,4,3,3,2,1,1,1,2,1,1,6,2,2,1,3,3,3,4,3,6,0,1,5,4,0,3,0,3,0,2,2,2,2,6,0,1,1,3,0,3,2,3,3,4,0,1,4,5,3,1,2,2,0,3,0,1,1,2,1,2,1,1,1,1,5,4,5,2,3,3,1,1,2,5,5,2,7,2,2,4,6,4,5,4,6,1,0,2,1,1,1,1,3,1,3,1,1,5,3,2,2,4,0,5,5,5,2,0,4,3,5,2,5,3,2,6,0,4,2,2,2,1,2,4,1,4,2,1,4,3,4,1,3,2,5,3,4,3,5,0,0,3,6,2,4,7,4,6,1,1,6,3,4,1,5,4,2,1,6,1,2,4,4,3,3,3,1,0,4,3,1,0,5,2,1,2,5,2,3,1,8,4,5,2,5,2,3,3,3,6,4,6,0,6,2,5,4,2,5,7,7,5,1,4,1,8,3,4,4,1,2,8,1,5,2,4,3,5,3,8,4,4,4,2,1,1,5,1,0,4,2,2,6,3,5,2,5,0,6,4,3,4,4,3,6,6,2,2,5,7,5,5,5,4,7,4,2,5,4,6,4,4,4,2,2,6,3,4,8,7,5,2,1,4,7,5,3,3,2,6,6,8,3,1,6,3,3,1,4,2,2,4,8,0,5,4,4,4,4,5,3,4,4,7,4,3,1,7,4,4,4,3,6,4,5,3,3,4,7,3,3,2,3,6,5,5,5,3,3,3,4,5,4,2,4,3,4,4,7,5,4,7,5,6,5,4,5,3,4,4,3,2,4,4,5,1,2,2,6,6,6,4,3,4,2,2,3,3,2,2,7,4,6,3,5,2,5,4,4,3,6,6,2,3,5,4,3,3,5,7,2,3,6,5,6,3,5,5,6,7,3,3,5,6
b492126a,2,1,2,2,2,1,2,3,1,2,3,3,1,3,3,3,2,4,3,3,1,2,2,3,1,4,2,3,3,3,3,2,3,4,2,2,2,2,3,5,5,4,4,3,4,4,3,4,1,4,5,4,2,0,5,4,6,4,2,4,2,5,2,2,7,2,2,1,6,3,2,3,7,3,5,4,4,5,1,5,3,5,2,2,3,3,0,5,5,1,2,3,2,3,3,5,1,5,10,5,3,4,5,4,6,2,2,4,2,6,6,3,4,4,3,3,3,6,6,1,6,3,4,7,0,5,4,3,2,5,5,1,1,4,1,6,2,2,2,2,1,3,2,3,5,0,3,5,3,5,1,4,5,3,3,2,4,5,4,3,4,2,5,4,4,1,1,5,0,6,4,1,4,2,2,3,5,4,3,5,1,5,7,3,7,7,3,4,4,3,3,7,3,2,7,4,3,0,4,2,2,6,5,4,5,3,4,3,2,4,2,3,4,2,1,3,5,5,5,7,6,2,5,4,4,2,3,6,0,6,5,6,5,3,4,3,4,2,3,5,1,3,3,4,4,2,4,4,3,2,2,2,6,5,4,2,2,2,4,5,3,3,2,0,5,4,2,3,4,1,6,1,4,5,6,1,3,7,1,1,4,3,0,6,5,7,5,1,1,2,2,5,4,6,2,1,4,6,4,4,2,2,4,4,3,2,1,3,3,7,1,3,4,1,3,3,5,1,3,3,3,5,5,3,2,2,0,4,4,5,2,5,3,3,4,5,0,0,3,2,3,0,7,4,5,3,7,1,4,2,3,2,4,6,1,2,1,3,4,2,3,3,3,4,5,4,1,4,1,5,1,3,2,2,4,2,2,4,3,2,3,1,3,5,3,4,5,1,3,2,6,5,5,3,2,1,5,1,0,4,3,0,2,2,2,2,1,4,0,3,0,5,3,4,2,1,3,0,2,1,6,4,3,3,5,6,1,4,2,2,3,3,0,1,1,1,2,2,4,0,4,1,1,0,2,2,5,0,2,3,1,0,1,1,1,1,1,0,0,0
b79858d5,2,2,4,1,3,2,2,2,1,1,3,2,2,3,2,2,4,2,2,4,1,5,5,3,2,4,2,0,4,2,3,2,2,2,4,2,3,0,4,2,1,1,2,4,2,4,5,2,2,2,3,2,0,0,3,0,3,3,2,3,1,3,4,3,3,4,6,2,4,3,4,3,2,1,5,3,1,4,5,5,2,2,3,5,2,4,1,3,3,3,3,4,1,3,1,5,2,6,4,3,2,3,4,4,3,1,2,4,2,2,1,3,1,2,3,4,2,2,2,1,3,2,3,2,3,1,2,3,1,3,3,0,4,3,2,3,5,1,4,4,4,3,3,5,4,1,0,3,4,2,2,3,4,3,3,5,3,2,2,3,4,3,2,2,4,2,5,3,2,4,2,4,1,3,1,1,3,1,3,5,1,2,4,3,3,4,3,2,3,3,5,2,3,2,5,3,6,4,0,1,3,5,2,4,4,3,4,1,5,4,4,2,4,1,3,5,4,4,2,4,5,2,4,2,2,2,3,1,2,3,3,3,3,2,2,3,6,3,3,2,3,1,2,2,1,5,4,6,3,4,3,4,3,3,5,4,5,3,2,5,2,4,3,2,2,2,1,4,3,3,3,1,4,3,4,4,3,3,3,1,3,3,3,3,2,3,2,1,3,2,5,2,4,2,4,3,3,4,3,4,4,5,5,4,2,6,3,2,4,3,4,2,4,2,2,4,3,3,3,4,2,4,5,5,5,5,2,2,2,5,5,4,2,4,3,6,2,3,1,3,4,3,3,2,2,2,3,2,6,3,3,4,4,2,4,5,2,3,2,6,5,1,1,6,3,2,3,5,5,4,4,3,3,2,4,2,1,2,3,4,5,3,2,1,3,2,4,5,2,3,2,4,3,2,3,4,5,4,4,4,3,3,3,3,2,4,3,3,2,3,3,1,5,4,4,4,4,3,2,3,2,1,3,2,4,2,3,4,3,2,3,2,2,2,3,2,3,3,2,2,4,4,3,1,2,2,3,1,2,4,6,4,2,2,2,4,1,2,2,2
bc7dc64d,4,7,1,1,1,3,2,1,7,0,2,0,6,0,4,1,0,2,3,1,5,3,1,1,3,1,2,5,1,5,5,2,0,0,1,0,0,5,0,3,1,5,5,0,3,0,3,0,2,0,1,1,4,6,1,2,1,3,6,1,6,0,1,3,1,1,3,5,1,2,0,1,3,3,0,5,3,0,3,5,1,2,0,2,1,3,5,2,3,5,1,2,8,2,2,1,0,1,2,4,0,0,1,4,2,8,1,0,2,4,1,1,1,7,0,1,0,1,4,4,3,5,5,3,3,3,4,3,1,2,4,4,2,2,7,2,3,3,5,2,4,1,1,0,1,6,2,1,0,4,2,2,0,5,6,3,1,5,2,0,5,1,4,0,3,1,5,1,2,1,1,3,2,5,2,4,1,5,3,3,1,5,2,1,3,1,3,0,3,0,5,2,9,5,2,1,2,2,1,0,9,2,3,2,0,0,3,4,4,0,4,1,0,6,1,1,1,3,4,4,1,1,0,1,1,1,2,2,1,5,0,2,3,3,5,0,1,0,1,6,2,6,8,2,1,2,2,3,0,2,0,4,4,3,1,2,2,2,1,2,0,4,3,3,4,3,1,2,1,0,4,3,2,4,2,1,1,3,4,1,0,1,0,1,1,1,1,5,2,5,0,1,2,2,5,2,0,2,5,0,2,0,0,0,2,1,5,2,1,2,1,5,0,4,2,3,4,2,5,2,5,2,1,0,1,2,1,3,1,2,3,2,1,0,0,2,2,1,5,0,3,0,1,1,2,7,2,4,3,1,6,3,2,2,5,2,1,0,5,1,0,2,5,3,0,1,0,1,2,1,1,0,0,3,2,4,2,0,1,1,2,1,2,3,0,3,4,1,3,0,3,1,0,1,5,1,2,2,1,1,1,2,3,0,2,0,1,0,1,3,2,1,0,0,1,1,3,1,0,1,2,4,1,2,1,1,2,2,1,1,3,6,0,3,0,0,1,1,0,0,2,2,0,2,2,3,1,2,2,2,1,0,0,1,3,2,0,0,1,1
c1fe5f0b,3,6,2,1,2,3,2,1,6,0,2,0,5,1,3,1,1,2,3,2,6,4,2,1,3,1,2,4,1,5,6,3,0,0,2,0,1,4,1,3,1,4,4,1,3,1,5,0,2,0,1,1,4,5,1,2,1,4,4,2,5,0,2,3,1,2,5,4,1,3,1,2,3,3,1,5,2,0,5,6,1,2,0,3,1,3,6,2,4,6,1,2,7,3,2,1,1,2,2,3,0,0,1,5,2,7,0,1,2,4,1,2,1,6,1,2,1,1,3,3,3,6,6,2,3,3,4,2,0,2,4,3,4,2,6,3,4,3,7,4,5,2,1,1,1,5,2,1,1,3,3,3,0,6,5,4,1,5,2,1,4,1,4,0,4,2,7,2,3,1,1,3,2,5,1,3,1,3,4,2,2,4,2,1,3,2,4,0,3,1,7,2,9,4,4,1,4,2,3,9,0,3,2,4,0,0,3,3,4,0,5,2,1,5,3,2,2,2,3,3,1,1,0,1,0,2,3,2,2,5,0,2,3,3,4,1,2,2,2,5,4,4,7,2,1,4,2,5,0,4,1,6,3,3,3,2,4,3,2,2,0,4,4,4,3,4,2,2,1,2,5,2,3,3,3,3,2,2,4,2,0,2,2,1,1,2,1,3,3,6,1,0,3,2,5,2,0,3,4,0,2,2,0,0,1,3,5,1,2,2,3,5,0,4,2,3,3,2,5,3,3,2,1,1,2,4,1,4,1,3,3,2,1,1,0,3,3,3,3,1,3,2,1,1,2,6,2,4,5,0,6,4,3,2,5,4,0,1,6,3,1,1,4,5,0,2,2,2,4,2,3,1,1,2,3,4,1,0,1,2,3,3,2,2,1,2,5,3,3,1,2,2,1,1,5,2,3,3,3,2,1,2,5,1,2,1,2,0,3,5,2,1,1,0,3,3,4,1,1,3,2,3,1,3,1,1,3,3,2,2,3,5,2,3,2,1,2,2,1,2,3,2,2,2,2,2,1,2,3,3,3,2,1,2,2,4,1,2,3,3
c2c8897d,4,1,0,2,0,2,3,1,1,1,1,1,2,0,2,1,0,2,4,1,2,3,1,2,0,2,1,1,3,3,3,1,2,1,0,0,0,2,0,2,2,3,3,1,2,1,3,1,2,1,2,1,3,1,3,3,5,3,2,2,3,2,0,2,3,0,5,3,3,1,1,3,5,2,2,5,2,2,3,3,1,3,0,4,1,2,1,4,2,4,0,1,3,3,1,3,1,2,6,4,1,2,5,5,5,3,1,1,1,5,2,1,2,3,0,1,0,3,4,2,5,3,4,4,2,4,1,3,1,4,4,0,4,3,1,4,4,2,4,4,4,0,0,1,3,0,1,2,4,4,3,1,2,5,2,1,2,4,2,3,4,3,2,1,4,2,3,2,3,5,3,3,2,3,1,2,3,2,1,5,0,4,5,1,5,3,5,1,2,3,4,5,3,3,5,1,7,6,5,2,3,0,3,4,2,2,6,2,3,2,4,4,1,3,3,0,2,5,7,4,4,2,2,1,4,3,1,3,3,3,2,3,7,3,3,0,8,2,4,3,5,4,3,5,3,5,5,5,1,5,1,4,3,2,4,6,5,4,1,6,2,7,2,1,5,1,2,7,2,4,2,2,2,5,3,5,3,8,3,3,2,0,3,2,2,6,4,2,3,3,3,4,4,3,4,5,4,4,4,3,4,5,3,3,4,5,3,5,7,8,5,3,3,4,5,5,6,5,5,1,3,7,4,3,6,5,4,2,3,5,5,4,4,2,3,6,4,4,3,0,4,2,5,2,5,4,5,4,7,0,4,3,4,6,3,4,3,2,3,5,5,3,3,7,4,6,3,4,4,5,4,2,2,2,6,1,6,3,3,6,3,3,6,5,4,4,3,4,4,1,8,3,3,2,4,4,6,5,3,4,5,3,4,2,3,3,3,3,2,4,2,3,1,3,6,4,4,4,1,3,6,5,4,2,4,4,4,4,3,2,5,4,3,4,3,4,3,4,2,2,5,5,2,2,4,4,3,2,3,4,5,2,3,5,4,4,4,2,2,3
c3cf087d,4,4,0,2,0,3,3,0,3,1,0,1,3,2,5,0,2,2,3,2,2,3,2,2,1,2,3,4,2,4,4,3,2,2,0,3,2,2,2,3,2,7,2,2,4,3,1,2,4,2,3,1,4,2,5,1,5,4,4,2,4,3,0,2,4,1,1,3,4,0,3,4,4,6,2,3,5,1,1,3,0,5,1,2,3,3,2,4,2,4,1,2,3,0,1,3,0,4,5,8,1,2,4,4,3,3,1,3,0,4,3,0,2,4,2,0,3,3,6,3,5,3,3,7,0,6,4,6,1,5,5,6,2,3,5,4,4,3,3,1,4,1,1,0,0,4,4,2,4,5,1,1,2,4,5,1,6,6,0,4,6,6,4,2,3,5,3,4,3,1,2,3,3,3,5,2,2,3,2,3,2,2,2,3,4,3,2,3,3,2,2,5,3,4,5,1,4,5,2,3,2,3,0,4,3,1,4,3,2,0,3,1,2,4,2,1,3,6,4,7,3,3,3,1,4,0,1,2,3,3,3,3,4,3,8,2,3,4,2,5,0,2,4,3,6,3,2,3,0,3,1,2,8,3,3,4,3,5,0,2,0,2,2,3,7,2,1,4,1,1,2,1,2,7,1,3,3,6,2,0,0,1,1,4,2,6,1,2,2,2,2,4,3,2,3,0,0,3,5,2,4,0,0,0,1,2,3,1,0,5,1,3,0,1,3,4,6,0,3,0,5,5,3,0,3,4,0,3,1,2,3,5,2,0,0,3,3,2,4,0,5,1,3,1,3,4,2,0,2,0,3,4,1,5,2,2,2,1,3,4,0,6,5,2,1,1,3,1,2,2,1,2,0,2,2,4,1,1,1,2,3,3,3,4,1,2,3,1,3,0,4,1,3,4,3,1,1,4,1,3,2,0,2,0,4,2,2,0,2,0,4,1,0,0,0,2,3,0,0,2,3,6,2,1,0,1,3,1,3,4,3,4,0,1,2,0,3,2,2,1,2,0,0,2,3,3,2,0,4,3,1,1,1,1,3,2,0,1,3,2
c6dc9ecd,3,2,2,3,3,3,3,2,1,1,1,0,2,3,3,1,3,1,2,3,2,5,2,0,1,2,1,2,3,2,3,2,1,2,1,2,2,2,3,2,2,4,4,2,7,4,3,2,2,2,3,4,1,1,2,4,4,6,4,3,2,2,1,3,3,4,5,3,3,3,3,6,6,5,4,5,2,1,6,3,2,5,0,2,2,4,3,1,3,3,2,0,2,2,1,2,2,5,4,6,1,2,3,3,1,2,3,3,1,3,2,2,5,2,2,1,3,2,4,3,4,4,4,4,3,5,1,2,4,4,5,1,6,2,1,6,5,6,3,4,3,4,1,2,1,0,3,4,4,3,3,3,2,5,2,4,3,6,1,5,4,3,4,1,5,3,3,4,2,2,2,3,2,2,2,2,1,2,3,4,3,4,1,1,7,4,2,3,5,3,5,5,2,1,6,2,6,4,4,2,4,4,4,0,3,0,7,2,5,0,3,3,3,2,5,3,4,3,4,5,2,5,2,2,3,3,3,3,2,2,3,2,4,4,3,3,5,5,3,4,4,2,1,3,5,3,1,6,1,3,2,2,5,3,4,4,5,5,1,3,0,4,4,1,2,2,2,3,2,5,3,3,2,3,2,4,4,3,5,3,0,3,3,4,2,7,2,1,4,4,3,1,4,2,5,2,1,4,3,1,3,4,0,0,4,3,2,4,2,3,6,3,1,2,2,5,3,2,3,2,4,6,1,2,4,5,5,3,1,3,4,3,0,1,1,3,2,4,2,2,5,2,3,0,3,2,2,3,6,0,2,2,2,2,2,5,1,1,4,5,1,2,2,4,0,4,4,3,3,2,4,3,1,1,6,3,1,2,0,4,3,3,3,2,3,3,3,4,5,1,3,2,2,2,3,4,2,3,2,4,2,2,3,3,3,2,2,0,2,2,1,1,1,1,4,5,4,3,2,4,2,2,2,1,0,1,3,3,3,2,5,1,6,3,4,3,3,3,3,2,3,2,3,1,5,3,2,3,4,3,5,2,3,3,2,5,2,2,2,3
c981fc98,1,1,4,4,6,2,1,6,0,7,5,6,1,8,1,5,7,5,4,6,0,1,4,4,4,7,4,1,7,1,0,1,7,9,4,6,5,0,9,7,7,2,1,6,4,8,2,9,5,9,8,8,2,0,8,5,4,4,0,6,1,9,6,2,7,6,2,1,8,5,4,3,3,3,8,0,3,8,0,2,7,3,5,1,4,3,0,5,4,0,7,8,0,2,3,8,3,9,4,3,7,8,4,1,3,0,2,8,4,0,5,5,5,1,7,4,5,8,2,1,2,0,0,4,0,3,4,1,3,4,2,0,0,6,2,2,1,1,0,2,0,6,7,6,7,2,3,8,6,2,1,5,8,1,1,5,6,1,4,6,2,5,2,8,4,2,2,5,0,8,4,1,4,1,0,0,2,2,5,4,0,0,4,2,4,5,2,6,1,2,1,4,0,1,2,8,1,5,4,0,0,2,3,3,0,4,4,0,3,6,0,0,7,1,2,6,8,1,2,5,4,3,8,7,2,3,5,6,0,1,10,8,0,4,2,8,4,3,1,2,1,0,0,1,3,2,5,2,7,1,3,0,4,1,1,1,2,2,4,5,6,0,5,0,0,4,5,1,6,1,2,2,2,1,4,1,1,2,1,3,5,5,2,5,5,4,7,0,1,1,5,2,4,5,1,0,4,2,1,3,1,2,6,6,1,1,1,3,3,2,0,0,7,0,3,2,1,0,1,5,1,1,4,4,0,3,1,4,8,2,1,4,3,5,7,2,1,0,1,6,2,1,2,4,0,1,5,1,2,5,0,1,2,2,0,1,1,4,1,3,4,0,0,1,3,2,4,5,1,3,1,1,4,2,3,0,0,3,5,3,4,1,1,1,4,1,1,1,1,2,1,3,1,0,0,0,3,1,1,1,3,0,1,4,1,2,2,5,0,0,1,3,6,7,2,0,1,0,2,1,2,0,2,4,5,3,0,3,0,1,0,0,1,1,2,3,0,0,2,0,2,1,2,0,1,1,3,1,0,1,1,1,2,1,0,1,1,0,0,0
ca618d23,0,0,4,1,2,0,0,4,0,4,5,6,0,4,1,5,2,3,2,4,0,1,3,6,2,5,2,0,3,1,0,0,4,5,3,2,3,0,3,3,5,1,0,3,1,5,2,5,1,5,5,3,1,0,3,2,1,1,0,4,0,5,3,0,3,2,1,1,5,2,4,0,2,0,3,0,3,3,2,1,5,1,3,2,1,2,0,3,3,1,3,4,1,0,3,2,3,3,2,0,6,5,4,1,3,0,2,4,4,0,4,3,2,0,4,4,4,5,1,0,2,0,0,2,3,0,3,0,2,3,0,0,2,2,1,0,1,0,1,2,1,5,3,4,3,1,2,5,3,1,2,5,2,1,1,2,2,0,3,4,1,2,0,6,1,2,2,3,2,3,1,1,2,2,1,0,2,0,2,3,1,0,5,0,3,3,3,3,1,3,1,3,0,0,0,4,1,3,3,0,0,2,1,0,4,0,2,1,0,5,2,0,3,0,0,5,3,1,1,2,3,1,7,5,1,4,2,5,1,1,5,3,1,1,1,5,2,1,1,0,1,0,0,2,0,1,3,2,5,1,3,1,2,2,1,1,1,3,5,3,5,2,3,1,1,4,4,1,6,1,3,2,3,0,2,1,1,1,1,2,6,5,1,4,3,2,4,1,1,0,2,2,2,6,1,3,6,2,1,4,1,2,6,6,3,2,1,2,3,1,2,0,5,2,2,1,0,3,0,4,0,0,4,6,3,2,2,2,5,2,2,2,5,4,5,1,2,2,0,5,0,2,3,5,1,0,5,1,1,6,1,1,3,1,2,1,2,4,2,1,5,1,1,1,6,2,3,5,2,2,1,1,3,2,2,0,2,4,3,3,2,1,3,2,4,2,3,2,1,6,2,2,2,1,1,3,4,2,3,1,4,4,0,5,1,2,1,6,3,1,2,5,4,5,2,2,1,3,4,2,3,0,3,4,6,4,2,5,2,1,1,0,1,1,2,3,2,2,2,2,4,3,4,3,1,3,4,2,1,3,3,3,4,3,2,2,4,3,2,2
ce747d2a,2,1,0,2,1,2,2,1,1,2,0,1,1,3,5,0,3,0,4,3,3,3,2,3,0,3,0,2,4,4,3,1,2,3,0,3,2,2,3,1,4,5,4,2,5,4,3,3,3,3,4,2,3,0,3,4,3,6,3,4,2,3,0,2,4,2,5,2,4,2,4,5,5,3,3,6,3,1,4,2,1,5,0,4,1,2,1,3,3,4,1,1,2,2,1,2,1,5,4,4,2,3,4,5,3,2,4,3,0,3,3,2,3,3,2,0,2,4,3,1,4,3,3,5,4,4,2,1,4,3,4,0,5,1,2,5,5,5,4,5,4,2,1,1,2,1,1,3,5,2,5,2,2,5,1,2,3,4,1,6,4,5,3,2,5,4,4,4,3,3,3,5,2,5,0,3,1,4,2,7,0,5,2,0,6,3,4,2,1,2,5,6,2,1,5,1,6,4,4,3,3,6,4,7,4,2,0,3,6,0,3,2,2,2,4,1,5,3,4,3,4,6,3,1,5,4,2,3,3,2,4,3,3,4,4,3,6,4,4,4,5,3,2,1,3,4,3,7,1,4,0,3,6,1,2,4,5,6,1,5,0,7,4,1,2,2,3,5,2,3,2,5,1,3,1,4,2,3,6,2,0,1,2,3,1,6,3,4,3,5,3,0,5,2,6,5,1,3,3,0,2,3,0,0,5,3,4,7,4,3,5,2,1,5,2,6,3,5,3,1,3,3,1,2,5,6,6,2,3,2,6,2,1,0,1,4,3,4,3,1,3,1,1,1,3,3,3,6,7,1,2,3,2,2,4,3,3,0,3,5,2,0,2,5,1,4,4,3,3,3,3,0,0,3,7,0,4,0,0,5,2,2,3,2,3,4,2,3,6,0,3,1,0,0,4,3,4,4,2,2,3,4,3,2,1,2,2,0,1,2,1,1,0,1,5,4,2,4,1,3,2,2,2,1,1,1,3,4,3,0,2,2,4,6,3,3,3,3,0,1,4,5,2,2,5,5,1,4,2,2,4,1,3,3,4,5,2,1,1,2
dc1c2fce,0,1,1,1,0,2,2,1,3,0,1,0,0,0,7,0,2,2,3,0,4,1,1,2,2,0,3,3,0,3,3,6,0,0,2,2,2,2,0,2,1,3,4,1,3,0,2,0,2,0,0,0,5,2,2,2,5,4,4,2,3,0,2,2,3,1,2,1,0,1,3,1,3,3,1,6,4,1,1,6,1,3,0,2,2,2,2,4,2,2,1,2,3,4,2,3,1,0,4,2,2,1,1,3,5,1,4,0,4,5,3,1,2,1,0,4,1,1,2,2,8,5,6,3,5,4,5,3,5,3,5,4,3,2,1,3,2,6,4,3,2,0,2,2,2,3,4,0,1,3,4,1,1,3,5,3,5,3,4,0,2,2,3,0,1,3,2,3,3,2,3,4,2,2,6,9,5,3,3,2,6,7,3,5,3,3,4,2,1,2,2,3,4,2,4,0,3,3,1,4,3,2,3,2,0,1,3,0,2,1,4,5,0,3,2,0,2,4,2,2,3,4,0,0,3,2,2,1,4,5,0,2,3,2,4,0,1,2,5,1,3,6,3,4,3,4,3,2,0,4,2,6,4,4,3,0,0,1,2,2,0,5,1,5,5,3,1,4,1,1,3,4,7,5,4,2,4,4,4,0,3,0,0,2,2,1,1,6,4,2,1,4,3,1,3,3,1,3,4,4,4,1,1,1,2,2,3,4,2,5,1,6,1,5,2,3,4,3,1,2,3,2,1,1,2,0,3,3,1,4,2,3,2,1,1,4,1,3,5,1,2,2,3,3,4,1,3,5,3,2,3,2,3,7,2,0,4,1,3,1,1,5,3,2,2,4,1,2,1,2,1,5,1,5,2,6,4,3,3,0,2,3,2,6,1,5,5,1,5,1,3,4,4,4,4,1,1,1,0,3,0,3,3,0,3,3,3,1,3,3,3,2,2,1,2,2,4,2,2,1,3,4,2,2,2,4,2,1,3,5,2,3,2,6,2,1,3,1,2,2,3,3,1,4,2,3,2,3,3,2,0,2,0,2,3,1,1,2,3,2
e0921a4f,3,4,1,2,2,2,3,2,3,2,2,1,4,2,4,1,2,1,1,3,5,4,3,0,1,4,1,1,4,3,5,1,2,2,2,2,1,1,2,1,1,1,2,2,4,3,3,2,2,2,3,1,0,3,2,1,2,2,3,2,2,2,2,3,1,2,4,3,3,2,2,4,2,1,3,4,0,1,4,1,2,1,3,5,1,2,3,2,2,2,2,2,3,1,0,2,1,4,2,3,2,3,2,3,0,3,3,2,1,1,0,2,2,5,1,1,1,1,1,1,3,1,1,2,5,1,0,3,5,3,1,0,4,2,4,2,7,3,2,4,4,2,2,2,2,3,0,3,2,1,5,0,2,4,3,3,2,1,0,2,3,1,2,1,7,1,4,1,2,2,0,6,0,4,0,2,0,5,0,3,0,3,1,1,3,1,3,1,1,1,6,2,3,3,3,1,4,2,5,4,4,3,2,5,3,0,6,2,0,2,3,0,2,2,6,1,2,2,2,3,1,5,2,1,2,1,0,1,2,1,3,1,1,1,2,2,4,3,2,4,2,1,3,1,1,2,1,5,3,2,1,1,3,1,3,2,5,2,0,3,1,4,3,0,1,0,1,3,3,2,1,3,0,2,0,2,2,2,6,3,1,1,1,1,1,3,2,2,3,7,2,1,1,0,6,2,0,2,1,0,1,1,1,1,3,3,5,5,1,2,3,0,2,5,2,4,2,2,4,2,4,2,2,2,3,5,4,0,1,1,7,2,0,1,2,2,1,2,4,2,3,1,1,0,1,4,2,5,6,2,3,2,1,1,4,4,2,0,1,4,1,0,1,4,0,2,3,4,3,1,3,0,1,2,5,0,2,0,1,3,3,2,1,0,3,4,1,3,5,0,1,0,0,0,6,1,2,3,2,1,2,4,3,1,1,1,4,1,1,3,0,0,1,2,2,3,2,2,1,3,1,1,1,0,0,0,1,2,2,1,1,2,3,4,3,2,3,1,0,1,2,2,2,2,5,3,2,5,1,1,2,1,1,1,2,5,1,1,1,1
ea003d07,1,1,5,3,5,2,1,6,1,6,8,7,1,6,1,7,3,5,2,5,0,2,6,3,6,7,4,0,5,0,1,0,7,7,7,3,5,0,5,6,4,0,0,5,2,5,5,7,3,7,6,5,1,0,5,3,3,0,1,4,0,8,6,3,3,3,2,1,7,5,2,1,2,1,7,1,1,8,0,2,7,0,8,1,4,2,0,4,5,0,5,7,0,4,5,6,4,4,3,1,6,6,3,1,3,0,2,7,6,1,4,6,3,0,7,7,6,7,1,1,2,0,1,1,0,1,2,2,2,2,1,0,0,5,1,0,1,0,0,0,1,6,5,5,7,1,2,6,3,1,0,6,5,0,2,3,2,0,3,3,1,1,0,9,3,0,1,4,0,6,4,1,5,0,1,2,3,0,4,1,1,1,5,2,2,6,1,4,1,2,0,2,1,1,1,8,1,4,4,0,0,2,0,0,6,5,0,1,2,0,1,2,7,0,0,5,3,1,1,3,2,0,6,9,0,3,5,5,1,2,7,5,2,2,0,7,2,1,0,0,0,1,1,3,1,0,3,0,9,0,6,1,1,3,3,0,0,1,6,2,9,2,4,0,2,5,5,1,7,2,3,1,3,1,4,0,1,2,0,3,9,7,3,3,5,1,6,1,0,0,2,4,1,5,0,1,8,2,2,4,1,3,7,9,2,1,0,1,5,2,2,1,7,1,4,0,1,1,0,6,0,1,6,6,2,0,1,4,6,3,0,2,4,9,9,1,2,1,0,7,1,2,4,8,2,0,6,0,1,7,2,0,6,2,0,0,1,8,2,0,6,2,1,2,6,3,2,7,0,2,1,2,8,4,1,1,1,7,7,2,4,0,2,2,3,2,4,0,1,4,3,4,3,2,2,1,3,1,2,2,4,1,0,5,2,0,3,9,2,2,1,5,8,7,3,2,3,1,4,1,3,0,2,6,6,6,1,4,1,2,2,1,1,0,1,2,1,1,3,2,4,1,3,2,1,2,5,1,1,2,1,1,2,2,1,1,4,3,2,2
f76022e7,2,4,0,1,1,4,2,0,3,0,1,0,3,0,2,0,0,1,2,1,4,3,1,3,2,1,3,1,1,5,5,1,0,0,1,2,0,2,0,2,1,3,1,1,3,0,3,0,2,0,1,1,3,4,1,1,2,2,4,0,1,0,2,4,0,0,6,3,1,1,1,4,1,2,1,4,0,1,5,4,1,1,1,5,1,3,5,1,2,6,2,2,5,3,1,2,2,1,2,3,1,0,2,8,3,3,2,0,2,4,0,0,1,3,0,3,0,0,2,1,4,4,5,2,6,2,3,3,1,3,2,2,6,1,4,2,7,4,6,5,6,0,3,2,1,5,2,0,3,1,5,0,0,6,7,3,1,2,1,1,7,3,1,0,3,6,7,0,5,1,2,4,1,6,6,2,2,2,1,2,4,3,3,2,1,1,6,0,3,2,3,1,5,3,4,0,5,2,4,4,5,4,3,3,0,2,3,4,3,1,0,2,0,1,2,0,0,4,1,2,3,1,0,0,1,3,0,0,4,4,0,1,2,1,4,0,4,1,1,4,4,2,5,3,3,3,2,4,0,4,0,6,3,5,4,3,5,7,1,2,0,5,2,4,4,1,0,4,2,2,2,2,3,5,2,4,3,2,5,4,2,0,1,2,0,3,0,2,4,4,1,1,2,0,6,3,3,1,4,1,5,4,1,1,3,5,4,1,3,2,4,4,1,4,2,2,3,3,3,2,2,3,3,2,5,5,3,1,0,2,4,2,2,1,1,3,4,3,3,1,3,1,3,3,4,3,3,4,5,1,5,5,2,2,6,5,2,1,2,3,3,4,2,6,2,3,1,4,3,1,5,2,1,3,2,5,1,2,3,3,2,3,4,3,1,1,3,5,2,0,2,1,1,2,5,4,3,5,4,2,2,3,4,2,1,1,4,1,2,4,2,1,2,1,4,4,3,4,0,3,1,3,3,1,1,1,4,2,2,1,3,3,2,3,1,1,2,3,1,2,3,2,1,2,3,3,1,2,3,4,4,1,2,5,4,4,1,1,2,2
f833a830,1,0,3,2,2,3,3,2,2,0,1,2,0,1,3,1,4,2,3,1,3,2,3,2,2,1,2,2,2,2,3,5,1,1,3,3,5,5,1,0,2,4,4,4,2,1,3,1,2,0,0,1,4,1,1,5,5,5,2,3,2,1,2,3,3,3,4,2,1,4,2,3,4,3,2,4,3,3,1,5,1,6,2,3,4,2,1,3,3,1,1,0,1,6,4,2,4,1,4,2,2,1,1,3,4,2,3,2,3,5,3,3,5,1,3,4,3,2,2,4,4,6,7,3,1,4,3,1,4,2,6,2,3,1,0,6,0,3,3,4,1,1,0,3,3,2,4,0,1,3,3,2,1,3,2,2,3,5,4,2,1,2,4,1,1,2,2,5,3,3,6,1,3,1,5,6,6,3,3,2,6,5,3,5,3,5,3,2,5,3,2,4,3,2,5,1,4,3,2,1,2,4,1,3,0,0,2,5,0,2,2,0,2,2,3,1,3,5,4,1,3,1,0,1,3,4,4,1,3,4,0,1,6,3,3,1,3,2,5,2,6,5,3,4,3,4,3,2,0,5,5,5,2,3,5,4,3,2,2,3,2,4,2,4,4,4,3,4,0,5,3,2,6,5,5,5,7,4,0,2,3,2,4,2,2,2,2,3,4,2,3,4,4,1,0,5,3,5,4,5,5,4,2,2,2,5,1,4,5,5,4,7,2,3,3,3,4,5,4,2,1,5,2,3,3,3,3,3,2,6,1,3,2,4,2,5,2,4,5,1,5,4,4,3,7,1,2,3,4,0,5,0,6,6,1,3,5,4,4,2,3,4,2,6,3,7,2,1,3,4,5,6,4,2,4,5,5,5,4,2,3,4,3,6,2,4,5,4,3,3,5,6,6,6,2,5,2,2,3,6,3,2,5,2,5,4,4,3,3,6,3,5,3,2,6,3,6,4,4,3,4,3,2,3,3,5,5,3,3,5,5,3,4,3,3,3,3,5,4,5,4,4,3,2,4,2,3,2,6,3,3,3,4,4,4,2,4,4,3,4
ff2fb007,1,1,6,3,6,2,1,5,0,5,6,6,1,8,0,6,5,4,1,6,0,1,6,3,6,5,4,1,3,1,0,1,7,7,8,4,7,0,7,6,4,1,0,7,3,8,6,7,4,7,6,5,1,0,6,3,3,2,1,6,1,9,7,2,4,5,2,1,8,5,4,3,3,3,9,0,1,7,1,2,6,3,7,1,5,2,0,3,7,1,5,5,0,3,5,6,6,7,3,3,5,6,5,1,2,0,3,10,5,0,4,7,3,1,9,7,7,8,2,1,1,2,1,2,0,3,2,1,2,2,3,1,1,5,1,4,1,2,2,3,0,7,6,5,4,1,2,7,4,2,0,7,7,1,1,4,3,2,2,6,2,3,4,8,5,1,2,7,0,5,4,2,5,0,0,1,1,2,5,4,3,0,3,1,3,8,1,4,2,3,3,3,1,1,3,7,2,4,4,0,1,1,2,3,7,3,2,0,2,7,0,2,0,1,2,6,6,1,2,4,3,3,7,8,3,4,6,4,2,1,8,7,1,4,1,8,1,5,3,2,1,0,0,0,4,3,4,4,6,2,7,1,3,2,2,3,3,1,7,3,8,0,5,2,0,6,5,1,6,4,5,2,2,1,4,3,1,1,0,2,6,8,4,2,4,2,7,2,3,0,5,1,5,4,2,0,5,4,0,1,2,2,4,6,2,2,1,2,2,1,2,1,4,0,2,2,1,1,3,6,1,2,4,5,0,2,0,5,4,2,1,2,3,8,6,2,1,1,1,7,4,2,1,6,0,2,3,0,2,7,1,0,5,1,0,2,2,7,2,3,3,0,0,3,3,0,4,4,3,4,3,1,7,3,3,1,0,4,4,0,7,3,0,0,4,1,3,2,0,5,0,3,2,1,0,1,1,0,3,1,2,0,2,5,2,2,1,6,2,1,1,3,7,4,2,3,2,0,5,1,1,0,0,7,3,3,1,4,1,2,1,0,1,0,3,0,1,1,3,2,3,0,3,1,0,1,3,0,1,2,1,1,2,0,0,1,2,3,2,2
042e8a49,5,5,2,3,1,2,3,2,7,0,1,0,6,0,2,1,1,2,1,0,5,3,0,2,3,0,2,8,0,3,3,3,1,0,1,2,1,7,0,1,1,4,3,2,2,1,1,0,3,0,0,1,4,7,1,3,2,1,2,3,11,1,0,2,2,1,1,6,1,2,2,1,3,4,1,2,5,0,1,2,1,4,1,4,3,2,5,3,1,3,2,0,7,1,4,1,0,1,2,4,1,2,2,2,2,8,1,1,2,3,1,1,2,7,0,1,0,2,5,7,3,2,2,4,1,4,4,4,1,1,5,6,0,2,5,2,2,1,3,3,2,1,1,0,1,5,2,2,2,8,3,2,1,5,3,1,3,3,3,1,4,2,5,0,2,3,1,2,3,2,3,2,3,1,4,4,3,5,2,2,2,2,1,4,3,2,3,0,2,2,4,2,5,8,3,1,1,2,1,6,5,3,4,2,1,0,2,3,2,0,1,2,1,0,2,1,3,5,5,3,3,3,1,1,2,1,2,2,3,4,1,2,3,5,6,0,1,3,4,6,2,6,6,3,2,4,2,2,0,4,0,4,4,2,1,3,1,1,1,2,0,1,1,3,4,2,1,2,0,2,2,2,2,5,1,2,1,5,2,0,1,1,0,0,2,1,2,5,2,4,1,3,3,2,2,2,0,2,4,1,4,0,0,0,0,2,4,3,1,4,0,4,0,2,0,4,7,2,5,1,6,3,1,0,1,1,1,2,1,2,1,1,0,0,0,3,2,1,4,0,2,2,0,2,2,8,1,2,2,0,3,3,1,4,1,1,3,0,3,2,0,4,7,2,1,2,2,0,3,2,2,2,0,2,2,4,3,0,0,0,1,3,0,3,2,2,2,2,2,1,3,1,1,3,1,0,1,1,0,0,0,1,3,0,2,3,4,0,2,3,3,1,0,0,1,1,1,1,1,1,2,5,1,1,1,1,0,1,1,2,3,8,1,3,3,1,1,0,0,2,2,2,1,2,0,0,0,1,0,0,0,2,0,1,0,0,1,2,2,1
07d3bfec,0,1,2,2,2,0,1,2,2,1,0,0,1,2,1,0,3,1,0,2,5,1,1,0,0,1,0,1,1,2,3,3,1,1,2,2,2,1,2,0,1,0,0,3,2,3,2,1,1,1,1,1,1,3,1,2,2,2,0,4,2,1,2,0,1,2,3,0,1,2,3,2,1,2,3,2,1,0,4,1,1,3,1,5,1,0,3,2,2,2,1,0,1,1,1,1,1,3,1,1,2,3,2,2,1,1,3,2,1,0,0,2,2,3,1,2,1,1,0,1,2,1,1,1,5,1,1,0,4,3,3,2,4,1,1,2,5,3,2,6,3,2,1,2,1,2,0,2,2,2,6,1,1,2,1,2,2,1,1,4,2,2,4,0,4,2,3,2,4,3,1,6,0,3,1,2,2,4,1,1,2,1,0,1,2,2,4,2,2,3,5,1,2,4,3,0,6,1,3,1,3,3,2,5,2,0,4,2,6,0,2,3,2,2,0,1,4,2,2,1,1,6,1,0,3,2,1,1,5,0,2,1,2,1,1,2,5,7,5,2,5,1,1,1,1,5,2,5,1,5,2,3,2,0,3,4,7,1,1,3,1,3,2,3,1,1,3,5,1,6,1,4,2,2,2,6,3,2,4,5,1,1,5,0,1,2,3,2,6,5,5,2,3,0,4,3,1,3,0,3,4,3,1,1,2,7,6,6,2,2,4,2,2,6,1,5,2,3,4,2,2,3,1,3,4,7,5,1,2,2,7,3,1,2,2,3,3,6,5,2,3,5,1,0,1,2,1,6,7,0,3,2,2,3,3,6,3,3,1,6,2,2,0,5,3,4,6,2,7,3,6,3,2,2,6,2,3,1,1,4,3,6,1,1,6,3,1,6,4,4,1,2,4,4,5,2,2,4,5,3,3,5,7,3,3,4,4,1,5,5,4,1,1,2,4,4,2,3,5,5,1,1,1,2,1,1,3,3,4,3,2,0,7,5,7,5,5,3,2,5,3,3,6,4,5,3,1,7,3,2,3,5,4,3,2,7,4,5,6,6
091b9eb8,2,2,7,4,6,3,1,5,1,3,6,5,2,6,0,6,6,5,2,5,0,3,4,4,4,4,4,2,4,1,0,2,3,5,5,4,5,1,7,6,5,1,2,5,4,7,3,5,2,5,5,6,1,0,4,4,2,3,0,4,1,5,6,3,3,8,2,2,5,5,5,2,2,2,6,0,2,6,3,3,5,2,4,1,5,5,1,2,5,0,6,5,1,2,4,5,5,7,2,3,4,4,2,1,2,1,2,6,4,0,2,4,4,0,6,5,5,4,3,2,0,1,1,1,1,2,3,1,2,2,2,0,1,4,1,2,0,1,1,1,0,9,5,7,4,1,2,7,2,2,0,8,5,1,1,6,3,3,4,3,1,2,2,6,2,1,2,3,0,4,4,0,5,0,0,0,3,1,7,4,1,0,4,2,4,4,0,4,3,4,2,1,1,0,2,8,1,3,5,1,2,0,1,3,6,5,1,0,1,5,0,1,6,1,1,0,6,1,0,4,4,1,7,7,1,3,7,7,0,1,5,5,2,4,0,7,1,2,1,2,1,0,0,1,1,2,2,3,5,1,4,1,2,1,3,1,1,2,5,2,5,1,4,1,1,3,4,0,5,1,3,1,4,0,4,1,1,0,0,1,5,9,3,4,6,1,3,0,1,0,3,2,4,8,0,2,3,2,2,4,1,3,8,6,2,2,0,1,2,0,2,1,7,1,3,1,0,2,1,6,0,1,6,6,2,1,1,6,5,4,1,2,2,6,5,2,1,2,0,6,2,3,2,4,1,0,4,0,1,6,2,1,4,0,1,2,0,5,3,2,3,1,1,1,3,1,1,4,2,2,1,3,5,1,2,1,1,2,4,2,4,1,1,0,1,2,3,2,1,5,1,4,3,2,1,3,3,2,3,3,3,2,1,4,3,2,2,6,2,2,3,4,7,7,2,2,3,2,4,2,2,0,2,5,7,2,2,4,2,3,2,0,2,0,1,2,2,2,3,2,3,3,3,1,1,2,3,1,2,3,4,4,4,1,1,2,1,2,2,2
129af0db,0,0,5,4,5,1,0,5,2,4,3,4,0,7,2,3,8,4,4,6,2,0,4,5,2,5,2,3,5,2,1,4,4,6,5,6,6,2,8,4,7,3,2,7,3,8,4,6,3,6,6,6,4,1,5,6,3,6,0,9,3,6,5,1,6,6,2,0,6,6,5,2,3,2,7,1,4,5,1,4,4,6,3,3,4,2,1,6,6,0,5,5,1,3,5,5,3,9,4,2,6,7,3,2,4,1,3,7,3,1,4,6,4,2,6,5,4,7,3,1,2,2,2,4,1,3,6,0,3,3,5,1,1,3,1,4,1,2,2,5,0,6,5,6,6,2,1,6,4,4,3,6,5,2,0,5,5,3,5,6,2,4,5,5,2,3,2,6,1,7,6,2,4,1,1,2,4,4,6,5,2,1,4,2,4,6,3,4,2,4,3,4,2,2,4,5,2,5,4,1,2,2,3,4,8,3,5,2,2,3,0,3,6,3,4,6,0,2,2,3,5,4,6,4,3,4,6,6,1,2,7,7,2,4,3,7,3,5,4,3,4,2,1,0,2,5,4,4,4,4,2,3,5,1,1,2,3,2,5,5,3,1,5,2,1,5,6,2,4,3,4,3,5,2,5,3,2,2,1,1,4,5,2,4,4,3,6,2,3,2,5,1,7,5,1,2,2,4,2,3,3,2,4,3,1,3,2,5,2,2,1,3,5,2,1,4,2,2,3,5,1,2,3,4,0,4,2,5,7,4,1,3,1,4,4,4,0,2,3,5,2,3,1,4,1,2,5,3,4,3,2,1,4,3,0,2,2,4,3,4,2,1,1,3,3,3,4,3,3,4,3,3,3,1,5,2,2,1,2,2,4,3,0,2,4,2,3,3,2,4,1,4,3,2,0,1,3,1,1,2,2,1,4,4,2,4,2,3,2,3,3,3,5,5,3,1,1,1,4,2,2,1,1,5,5,2,1,5,1,2,1,1,3,3,4,3,1,1,2,2,4,3,4,1,1,1,1,2,1,2,2,3,3,1,0,2,1,2,2,2
15f3ec41,3,3,1,1,1,3,3,0,3,0,0,0,3,0,4,0,0,0,2,1,2,4,1,2,1,1,1,4,1,3,4,3,1,0,0,2,0,4,0,0,2,5,3,2,3,1,2,0,2,0,1,0,2,2,1,2,3,3,3,2,5,1,0,3,3,0,3,3,2,2,2,4,4,3,2,4,5,1,2,4,0,5,1,5,1,4,1,2,2,2,1,0,4,3,2,2,1,2,5,5,0,1,2,5,2,4,0,1,0,5,2,1,2,5,0,1,1,2,5,3,6,4,5,7,1,4,3,5,1,3,5,4,1,1,3,5,3,1,4,3,2,0,1,1,2,3,3,1,2,5,2,2,1,5,5,1,3,4,1,1,5,2,4,0,2,3,2,3,1,4,3,1,2,2,6,4,5,4,1,4,3,4,4,4,5,4,3,1,5,0,4,4,4,4,7,0,4,5,4,3,2,5,6,3,1,1,3,4,2,1,4,5,1,5,2,1,2,0,6,4,4,2,2,0,1,2,1,1,3,5,1,2,6,4,8,0,4,2,4,6,3,4,5,5,3,4,3,4,0,5,2,4,6,4,6,5,4,3,1,4,1,4,1,2,8,2,2,3,1,2,3,0,3,10,4,3,6,8,2,2,1,0,1,2,0,3,3,3,2,3,2,5,2,2,2,4,2,5,6,4,6,2,3,3,2,5,1,3,3,7,2,5,2,2,2,6,9,4,6,1,5,6,5,2,5,4,1,1,2,5,4,4,1,2,2,6,2,1,6,0,6,2,4,3,7,5,3,2,5,1,6,3,4,6,3,5,4,2,3,4,2,6,6,6,2,5,3,2,3,3,3,4,2,2,4,5,2,3,3,2,3,4,2,4,2,4,4,4,5,2,6,4,3,6,3,4,3,3,3,4,2,2,4,1,3,3,5,2,2,4,3,4,1,2,4,3,4,3,1,4,4,7,3,2,4,4,3,3,3,3,5,6,1,3,3,1,3,3,2,3,5,3,1,2,4,2,3,1,4,2,3,3,2,2,3,2,1,2,2,1
16aa3654,4,3,0,1,0,2,5,1,3,1,1,1,4,0,3,1,0,1,4,1,1,4,1,1,0,2,0,3,3,3,4,2,2,1,1,0,0,3,0,1,2,6,4,1,3,1,3,1,3,1,2,1,2,3,2,3,4,4,6,2,5,2,0,2,4,0,2,5,3,1,0,4,6,4,1,4,5,1,1,3,1,5,0,2,0,3,1,3,2,4,0,1,5,2,1,2,2,2,5,5,1,2,5,2,2,5,0,1,1,4,3,2,3,5,0,0,1,3,5,5,5,5,4,6,0,4,2,4,2,5,6,4,2,2,3,6,2,3,3,3,3,0,1,0,2,1,2,2,2,5,1,1,3,4,4,1,3,5,2,2,4,2,6,1,4,0,1,3,2,4,2,2,1,1,2,2,3,3,1,5,2,4,3,1,6,3,3,3,4,1,4,6,4,4,4,1,4,5,2,4,3,7,4,4,2,1,4,2,2,1,1,4,2,5,2,0,2,6,0,5,2,2,2,1,3,3,1,2,2,4,2,4,7,4,5,0,5,2,4,4,3,6,4,6,4,4,5,4,1,3,3,1,5,2,3,7,4,2,2,6,3,4,2,1,5,2,2,3,3,3,4,2,2,6,3,4,3,8,1,3,1,0,3,3,1,5,5,3,3,2,3,4,4,2,3,3,2,5,5,3,3,2,2,2,4,2,2,4,4,7,3,4,2,2,4,5,8,4,7,0,6,7,2,1,3,3,2,1,3,5,3,5,3,1,2,4,3,2,5,0,7,1,4,1,5,7,3,2,4,1,4,1,3,5,1,3,2,1,5,4,2,3,6,4,2,5,2,2,4,3,2,2,1,0,5,2,4,3,2,4,4,3,4,5,4,5,3,2,4,2,8,3,2,3,2,3,4,3,2,4,4,1,3,1,4,2,1,2,1,2,2,4,0,2,3,3,5,2,2,2,6,6,3,3,3,4,3,3,2,2,7,5,2,2,2,3,2,3,2,1,3,3,1,1,4,3,4,1,4,2,3,1,2,3,3,2,3,1,1,2
1c772b46,5,5,3,3,3,4,3,4,3,2,4,3,4,3,3,4,3,6,3,3,1,4,3,1,3,4,5,3,3,3,3,2,3,4,2,3,3,2,3,7,3,5,3,3,5,4,2,4,3,4,5,4,2,1,7,3,7,3,4,2,3,5,2,3,5,4,2,4,6,2,2,4,6,5,4,3,4,4,2,4,4,4,2,1,5,4,2,5,3,2,3,4,3,0,2,6,1,5,7,9,3,4,5,3,5,3,2,4,4,3,4,1,5,3,3,2,3,4,7,4,5,3,3,6,0,6,3,5,2,5,5,3,2,7,4,4,3,3,2,1,2,4,2,2,2,3,5,6,3,6,0,3,5,4,5,4,6,7,3,2,5,3,4,4,5,2,3,4,1,3,1,2,4,1,3,1,2,3,4,3,1,2,4,2,6,4,3,4,5,3,2,5,3,2,4,5,3,7,4,4,3,4,7,5,5,2,3,2,3,3,2,1,4,3,1,4,3,4,5,0,3,2,5,5,3,0,3,5,0,3,5,5,4,3,5,3,3,2,1,5,0,2,3,3,5,2,4,3,3,2,3,1,7,3,3,3,2,3,1,4,3,2,2,1,5,2,0,3,4,1,3,0,3,5,2,2,2,6,1,1,3,4,0,5,6,6,3,1,2,1,2,5,3,5,3,0,2,4,4,3,3,0,3,3,1,1,2,1,1,5,1,3,3,1,5,3,4,0,3,2,4,5,4,2,1,2,0,5,2,3,2,6,4,2,3,2,1,1,4,2,6,0,5,1,2,3,4,0,2,2,3,1,2,5,1,2,1,1,3,2,2,4,3,2,2,2,1,4,1,3,1,1,1,0,2,3,1,3,4,2,5,2,4,5,3,3,4,1,2,1,5,2,3,2,2,1,3,2,0,2,2,0,2,1,5,1,1,3,1,0,2,3,2,3,0,1,4,0,1,1,5,4,2,2,2,3,2,2,1,4,3,2,0,0,1,1,1,1,3,0,1,0,1,1,2,2,5,0,3,4,1,0,0,2,2,1,1,0,1,1
1d8aa290,1,1,1,1,1,2,2,1,2,0,2,2,1,2,2,2,4,1,3,1,2,1,2,6,3,1,3,4,1,5,2,3,1,2,1,4,3,3,3,2,4,3,4,2,2,4,2,2,3,2,2,3,3,1,4,2,4,4,0,3,3,3,2,3,7,5,2,1,3,2,2,2,5,4,4,2,2,4,1,5,1,4,2,4,4,2,1,4,3,2,3,2,2,4,3,6,1,4,7,3,1,2,5,5,6,2,4,3,2,5,5,2,1,4,2,2,1,4,4,1,4,2,3,4,1,5,4,1,0,2,4,1,1,3,1,5,3,1,2,3,2,3,3,4,4,1,2,4,4,4,3,3,6,3,2,3,4,2,5,3,5,6,4,2,2,3,1,5,2,5,5,2,5,2,2,3,7,4,5,5,1,4,3,5,3,5,3,4,2,4,2,5,2,3,5,3,3,6,5,1,1,4,3,2,4,3,4,3,1,2,3,3,3,3,1,4,5,4,2,3,0,2,4,2,5,2,5,4,2,6,3,5,2,5,3,2,4,2,5,5,2,2,3,2,4,4,6,4,1,3,2,3,5,5,2,2,2,3,3,6,1,3,0,2,3,2,1,3,1,1,3,1,5,4,5,2,2,3,1,0,2,3,1,5,4,3,3,2,3,2,5,2,5,4,2,2,3,5,4,4,3,4,4,2,2,3,2,3,4,4,1,2,4,2,1,3,4,2,2,3,1,2,3,4,3,2,1,4,3,5,2,4,3,2,2,7,2,1,2,1,1,1,4,4,5,3,3,2,4,1,2,4,4,4,1,1,3,2,1,3,4,2,2,4,4,2,1,2,2,6,2,4,1,2,3,1,3,3,3,2,3,1,2,2,2,3,4,2,1,1,2,6,4,2,1,2,5,3,1,4,2,1,2,2,0,5,2,3,0,3,2,3,3,4,3,1,2,1,1,0,3,2,4,2,5,5,2,3,3,1,1,3,0,2,1,1,3,3,3,0,3,3,1,0,0,1,3,0,1,3,2,1,2,1,2,1,0,0,0,0
3dbdbb6a,0,0,1,2,1,0,0,2,1,1,0,0,0,2,3,0,3,1,0,1,3,1,0,0,0,1,0,3,1,1,1,2,1,2,2,3,2,1,2,1,2,1,1,2,3,3,2,2,1,2,2,2,1,1,2,3,3,2,2,3,3,2,0,0,2,2,2,0,2,1,4,4,2,2,3,3,3,1,2,0,1,3,0,3,2,0,2,2,1,2,1,0,0,0,1,2,1,3,2,2,2,3,3,2,2,0,4,2,1,0,1,2,3,1,1,1,1,2,1,1,3,1,0,3,4,2,1,1,4,1,3,3,2,1,0,3,3,6,3,5,1,2,2,1,1,1,3,3,4,2,4,1,3,2,0,1,4,1,1,3,2,2,4,1,5,4,1,2,2,2,2,6,1,2,2,4,1,4,1,4,3,2,0,2,3,2,3,3,0,2,4,2,0,2,4,1,3,2,2,1,1,2,3,5,3,1,6,4,5,0,1,1,3,3,6,1,4,2,2,2,2,0,2,1,5,2,1,2,5,0,3,3,0,2,2,2,3,8,5,2,3,2,0,1,3,5,2,5,1,4,1,3,3,0,2,2,4,2,1,3,1,3,1,3,1,0,1,4,2,4,1,5,1,2,0,4,3,2,5,4,1,1,3,1,2,3,3,5,4,3,3,2,4,1,5,3,0,1,0,1,3,1,0,0,3,3,4,5,1,2,2,1,1,4,0,4,2,4,2,1,3,1,0,1,2,3,5,1,1,0,4,1,2,0,1,2,1,3,3,1,2,5,0,0,0,2,1,5,4,2,0,2,0,3,2,3,5,0,0,5,2,2,1,2,1,3,6,2,4,1,3,2,0,3,3,2,2,0,0,2,2,7,0,1,7,2,0,3,5,4,0,0,1,2,3,0,1,1,2,0,0,5,4,1,1,4,4,0,5,2,2,0,0,1,2,4,0,3,5,5,0,1,1,1,0,0,0,1,2,2,0,1,5,6,7,5,2,0,0,5,2,3,5,6,3,2,0,7,0,0,1,5,1,2,1,3,4,5,4,3
405f6586,1,1,6,3,4,2,1,6,0,6,7,8,1,7,1,7,5,5,3,6,0,2,5,4,4,7,3,1,5,1,0,0,7,8,5,5,6,0,6,6,7,2,0,6,3,9,3,8,4,8,8,5,2,0,7,4,4,2,0,6,1,9,4,2,5,5,1,1,9,3,5,2,4,2,7,0,4,6,1,1,6,3,5,2,4,3,0,5,5,0,4,6,0,1,4,6,4,7,4,3,7,8,5,1,3,0,2,8,5,0,5,4,4,1,7,5,5,8,2,1,2,0,0,4,1,2,3,1,2,3,2,0,0,5,2,2,1,1,0,1,0,7,4,5,4,2,2,9,4,2,0,6,6,1,1,3,5,1,3,5,2,3,2,8,4,2,2,5,0,5,3,1,3,1,0,0,1,2,3,4,0,0,5,1,5,5,2,3,1,2,2,5,0,1,2,6,1,5,4,0,0,2,3,2,8,7,3,0,2,6,0,0,7,1,1,7,6,2,2,5,4,2,0,7,2,1,3,6,0,1,9,6,0,4,2,7,2,3,1,2,0,0,0,1,2,1,3,3,6,1,3,0,4,2,1,1,1,2,4,3,6,0,5,0,0,4,4,1,6,2,3,1,1,1,2,1,0,2,0,1,6,7,0,4,5,4,6,0,1,0,2,2,3,7,1,1,4,3,0,3,1,0,7,7,1,2,1,2,1,2,0,0,6,0,3,1,1,1,1,6,1,1,5,5,1,2,0,3,5,1,2,3,2,5,6,1,0,0,1,5,2,0,2,4,0,1,4,0,1,6,0,0,3,2,1,2,1,4,1,1,2,0,0,1,4,1,3,5,2,2,1,0,4,1,2,0,0,3,4,1,5,1,1,1,4,1,2,2,0,4,1,1,1,0,0,1,2,0,1,0,2,1,1,3,1,1,1,7,1,0,0,4,4,6,0,0,1,1,2,0,2,0,1,4,6,3,0,3,0,1,0,0,0,0,2,1,0,0,1,0,2,1,2,1,0,1,4,0,0,1,1,1,2,1,0,0,2,1,1,1
42fdb11d,2,2,6,4,6,3,1,7,1,6,8,7,2,7,0,8,4,6,2,5,0,2,5,3,7,6,5,2,4,1,0,0,7,8,6,4,6,1,6,8,5,1,1,5,4,6,4,8,3,8,7,7,1,0,6,5,3,1,0,4,1,9,6,3,4,5,1,2,8,5,3,2,4,3,7,0,2,8,1,1,8,1,7,0,6,3,1,3,6,0,6,6,1,2,6,6,4,5,3,3,6,6,4,1,3,1,3,8,7,0,5,5,5,0,8,6,7,8,3,2,1,0,0,2,0,3,2,1,2,2,1,0,0,6,1,1,0,1,0,0,0,8,5,4,5,1,4,8,4,2,0,8,6,1,1,4,3,2,4,4,1,2,1,10,4,1,1,5,0,5,4,0,7,0,0,1,2,1,6,2,1,0,4,1,4,6,1,5,2,3,0,3,0,0,1,10,0,4,2,1,1,1,1,2,7,5,1,0,1,9,0,1,8,1,0,7,4,0,1,5,2,1,7,0,1,3,7,7,1,1,8,6,1,4,0,8,1,2,0,2,0,0,0,2,2,0,3,1,8,0,6,0,2,2,2,0,0,2,6,2,9,1,4,0,1,5,5,0,7,2,3,1,2,0,3,0,0,1,0,3,8,9,3,4,7,2,6,1,0,0,2,3,2,7,0,1,7,2,1,3,0,2,6,8,2,0,0,1,4,1,2,0,6,1,4,0,0,1,0,5,0,0,5,5,1,0,1,6,6,2,0,2,4,8,8,0,2,1,0,7,1,2,3,7,1,0,5,0,0,7,1,0,5,1,0,0,1,7,2,0,5,1,1,1,5,2,2,6,0,2,1,1,7,3,1,0,1,6,6,2,4,0,2,1,3,2,3,0,1,4,2,3,2,1,1,1,3,1,2,1,4,1,0,5,2,0,2,8,2,1,1,5,7,6,2,2,2,1,4,1,3,0,2,6,5,5,1,4,1,2,1,0,1,0,1,2,1,1,3,2,3,1,3,2,1,2,5,1,1,2,1,1,2,2,1,1,4,3,2,2
468a7a91,2,0,1,3,0,2,2,1,1,0,0,0,0,1,2,0,3,2,2,0,1,1,1,1,1,0,2,3,1,3,0,2,1,1,2,3,3,3,1,2,1,2,4,2,2,2,1,1,3,1,1,1,4,1,4,3,6,3,3,2,2,2,0,3,4,2,2,1,2,0,3,3,5,5,2,2,2,1,1,1,0,5,0,3,4,1,1,4,1,4,0,0,0,3,1,3,2,2,5,4,1,2,6,2,5,0,5,2,2,4,3,1,3,2,1,1,1,2,2,2,2,3,2,3,3,5,1,1,3,3,4,3,2,3,0,6,2,5,2,4,3,1,1,0,0,1,2,2,3,3,2,1,5,2,0,1,4,3,3,5,3,6,5,1,3,3,1,3,4,1,3,6,3,4,1,3,3,5,2,6,3,4,1,3,3,2,3,4,1,5,2,5,0,3,3,1,4,4,2,1,0,4,4,3,2,1,5,3,2,0,1,3,3,2,3,1,3,1,3,3,5,5,2,1,0,3,2,2,4,2,2,3,2,4,1,1,4,5,6,3,3,3,0,1,6,4,4,4,0,3,2,2,2,2,1,5,4,3,2,4,1,3,1,5,1,0,0,7,1,3,2,6,2,1,1,6,1,2,2,1,1,1,3,3,5,5,2,4,5,0,5,3,6,2,4,4,1,3,1,3,3,3,0,0,5,4,5,5,2,3,2,2,0,3,3,2,1,5,2,0,2,3,1,1,3,3,4,3,0,1,4,3,4,0,0,4,3,4,3,0,3,1,3,0,3,2,1,3,2,2,0,3,1,4,3,1,5,1,1,4,1,2,0,2,4,2,1,0,5,5,3,3,0,3,3,1,6,1,1,3,3,3,4,3,3,2,1,3,1,2,2,2,5,3,2,3,2,3,3,4,3,3,2,1,3,5,1,0,1,2,3,0,0,0,2,2,2,4,2,0,2,1,3,1,0,2,4,1,4,3,1,0,2,3,2,2,4,5,3,1,1,4,1,2,3,4,2,2,3,3,2,1,3,3,5,2,2,1,2,3
482d2bc3,1,0,2,3,5,2,1,2,1,3,1,1,0,4,1,1,2,1,2,3,1,1,1,4,1,2,2,1,3,2,1,2,2,3,3,2,1,3,4,2,4,2,2,3,3,3,3,3,2,3,2,3,2,0,1,5,1,4,2,4,1,2,4,2,2,2,5,2,1,6,3,4,2,2,4,2,1,2,2,2,4,4,2,3,0,2,0,1,3,3,4,2,2,5,2,1,6,3,1,1,3,2,2,3,2,1,1,3,1,2,2,6,4,1,3,3,4,3,1,1,2,5,4,2,2,3,2,0,4,3,3,1,4,1,0,5,1,2,5,7,2,4,5,4,4,1,2,2,2,1,4,5,2,4,1,3,0,3,2,6,1,3,3,3,1,2,3,3,3,4,3,2,3,2,2,1,2,2,4,5,4,2,3,0,3,4,4,4,2,3,3,2,2,0,3,3,3,2,2,1,2,3,0,3,3,4,4,2,1,3,3,4,4,1,2,3,4,2,3,0,2,2,1,3,3,0,4,4,2,1,3,4,4,3,2,5,3,3,4,2,6,2,1,1,3,4,4,4,4,4,4,4,1,0,3,5,5,4,7,4,4,4,4,4,2,4,6,2,5,2,4,5,4,2,4,5,3,1,2,5,3,3,5,1,1,1,5,3,3,2,5,1,6,3,2,5,4,2,3,1,3,5,2,3,5,3,1,5,5,1,4,4,3,3,2,4,1,6,4,3,0,2,2,5,3,4,4,4,5,3,1,0,4,4,4,3,4,4,2,6,4,2,1,5,4,2,5,3,4,5,4,1,3,1,2,2,2,4,5,4,3,1,2,4,3,5,3,3,3,4,3,2,4,3,6,2,4,2,3,4,2,3,3,3,2,2,3,3,3,4,3,4,2,3,1,5,3,3,6,3,4,2,3,6,3,2,3,2,2,4,3,4,5,3,8,4,3,4,4,4,2,1,2,6,3,3,5,6,3,2,3,1,4,3,2,3,3,5,3,3,6,4,3,1,4,4,1,2,4,3,4,2,7,4,4,4,2,2,2,3
4d77b365,1,1,4,2,5,3,1,3,2,2,4,3,1,5,2,4,6,3,4,3,1,1,5,4,6,2,5,3,2,3,1,4,3,4,4,4,6,2,6,5,4,2,4,4,2,4,5,4,3,4,3,6,3,0,5,4,2,5,0,4,2,5,6,3,6,7,1,1,4,6,2,1,4,4,5,1,2,6,2,5,4,3,4,1,6,2,1,4,6,0,5,4,2,5,5,6,3,5,4,2,2,2,3,2,4,2,4,6,5,2,5,5,2,1,6,4,5,6,4,1,2,3,3,2,0,5,3,0,0,1,3,0,1,5,0,4,0,1,2,2,0,6,4,4,5,0,4,4,4,3,1,8,6,2,0,6,3,4,6,3,1,4,3,6,2,1,1,7,0,5,5,0,9,0,0,3,5,2,10,3,3,2,3,2,3,6,1,6,3,5,2,3,2,0,3,8,1,3,3,2,3,1,1,3,5,2,2,2,0,5,0,4,6,2,1,7,6,1,1,3,5,1,3,7,2,4,0,6,1,3,4,6,3,6,1,6,1,2,3,3,2,1,1,2,3,3,5,3,4,2,6,2,3,2,2,1,1,2,6,4,5,2,2,2,2,5,5,0,3,2,3,0,6,1,5,1,2,1,0,2,4,7,5,5,6,1,4,2,2,1,5,1,4,6,0,2,4,4,3,4,1,4,4,4,1,1,0,1,5,2,3,2,4,2,3,2,1,2,2,3,0,1,3,3,1,1,1,9,6,6,0,3,4,6,4,4,2,2,1,5,1,4,3,6,3,1,4,1,2,4,3,1,7,2,0,1,2,6,3,2,5,1,2,3,2,2,2,3,1,5,2,4,5,2,2,1,3,5,5,2,4,1,2,1,1,4,5,1,2,3,2,7,4,2,1,3,4,2,3,4,3,1,2,4,2,3,1,4,2,3,3,4,7,4,4,3,3,1,4,2,4,1,3,6,5,5,3,4,3,3,2,1,2,1,1,2,3,3,5,3,3,3,3,1,1,1,3,1,3,4,3,3,2,1,2,2,2,3,2,2
595e6f3e,2,1,4,5,5,2,0,6,2,4,6,5,1,5,1,6,4,6,3,4,1,1,2,4,3,5,4,3,4,2,1,1,3,6,3,4,3,2,5,7,8,2,2,3,4,6,3,6,1,6,6,7,3,0,5,7,3,3,0,5,2,5,3,2,4,6,1,1,5,6,2,2,4,2,5,1,3,5,1,2,6,2,3,1,5,2,1,5,5,0,5,4,2,2,5,4,3,5,5,3,5,5,3,2,5,2,2,4,4,2,4,5,5,1,4,3,3,6,5,1,2,1,1,3,0,4,3,1,2,2,2,0,0,5,0,2,0,1,1,2,0,8,4,5,6,0,3,8,2,4,2,7,4,2,0,4,2,4,5,3,1,1,2,6,2,1,0,3,0,6,4,0,7,0,0,1,3,2,6,3,0,1,6,0,5,4,2,5,2,4,1,3,1,0,2,7,0,6,1,2,2,3,2,3,6,5,3,1,1,5,0,1,4,2,1,7,6,1,2,5,4,2,6,7,2,4,6,0,0,2,6,6,3,4,1,6,2,2,1,3,2,1,1,2,2,1,3,2,6,1,2,1,3,1,1,0,1,2,5,4,5,2,3,0,3,3,5,1,6,0,3,2,3,1,3,0,1,3,1,3,5,7,1,4,7,3,6,1,0,2,2,3,3,10,0,2,4,2,2,3,0,1,6,5,2,0,0,3,3,3,1,1,7,2,4,2,1,2,1,5,0,1,5,5,1,1,2,7,7,3,0,2,4,4,6,1,1,1,1,5,0,1,4,5,2,1,8,2,2,4,2,0,4,3,0,0,0,4,3,1,3,2,2,1,4,4,1,5,0,3,0,1,3,1,3,0,3,3,4,3,2,0,3,3,3,3,3,0,3,3,4,3,3,1,1,1,4,1,1,1,3,1,1,4,2,0,2,6,1,2,1,6,4,7,3,1,1,1,3,2,5,2,2,5,7,4,1,5,1,2,1,1,2,2,1,3,1,1,3,1,4,2,3,1,2,2,3,2,1,3,1,1,4,2,1,2,2,1,1,1
5c96b017,1,1,1,2,0,1,1,1,2,0,2,1,1,0,2,1,1,1,0,0,4,2,1,3,3,0,1,3,0,2,2,2,1,0,4,2,2,2,0,1,0,1,0,2,3,0,4,0,1,0,0,0,3,3,0,1,1,1,2,1,3,1,2,2,0,0,3,1,1,0,4,3,0,2,0,2,2,1,3,1,0,1,2,4,3,2,3,1,2,6,1,1,2,1,3,0,2,0,0,1,1,1,3,3,2,1,4,1,3,2,0,1,1,1,1,3,1,1,1,2,2,2,1,1,5,1,3,3,2,1,1,5,3,0,1,1,4,5,5,4,5,0,3,0,0,3,1,0,4,2,5,0,1,2,2,1,2,0,1,2,2,3,2,1,4,5,3,1,5,1,3,6,2,4,3,5,3,1,0,2,5,2,0,3,1,1,3,2,1,2,3,0,1,3,2,1,5,0,2,1,2,3,3,2,0,1,3,4,2,1,4,3,2,3,5,0,1,3,2,0,2,5,0,1,4,2,1,0,0,2,0,1,1,1,2,0,4,5,6,1,5,2,1,2,2,6,3,4,0,5,3,5,2,2,3,4,5,3,1,3,3,4,1,6,3,2,1,5,1,4,2,6,1,3,2,6,2,2,5,3,2,1,5,0,1,1,2,7,5,3,4,3,3,0,4,4,3,1,1,3,4,3,1,1,4,5,4,4,4,2,5,2,1,5,1,4,3,5,2,1,1,1,2,2,6,4,5,0,1,1,5,2,3,2,1,3,5,6,2,0,2,5,1,2,2,2,0,6,4,1,1,6,2,3,4,2,5,3,0,6,4,4,2,4,4,3,3,1,6,2,5,3,2,6,3,3,3,2,1,4,2,5,2,1,4,2,0,4,4,3,1,1,3,4,4,2,3,5,5,2,4,5,3,2,2,4,5,2,4,3,5,2,1,1,3,7,1,4,5,3,1,4,3,2,1,1,3,2,5,3,1,2,4,7,4,3,5,3,1,5,3,4,3,4,3,4,1,4,2,2,3,4,3,4,3,5,4,5,5,4
5e5249c8,2,3,1,1,1,3,5,1,3,0,2,1,3,1,4,1,2,1,3,2,3,4,3,3,5,2,3,4,1,5,5,3,0,1,2,3,2,4,1,2,2,5,6,1,4,1,4,1,3,1,2,1,5,4,2,1,3,5,4,2,4,1,2,5,5,2,4,3,2,2,0,3,5,4,2,5,3,2,1,8,1,3,2,2,3,4,2,3,4,5,2,2,5,5,3,3,0,2,7,3,1,1,3,4,4,5,2,1,3,9,5,2,1,6,1,3,1,2,5,4,5,6,7,4,1,4,6,4,1,2,4,4,1,2,4,5,2,2,4,1,4,1,3,2,3,3,2,1,0,5,2,2,3,3,6,4,2,3,4,0,4,2,4,1,1,1,3,4,2,3,3,0,4,4,3,6,7,2,3,2,3,8,4,6,3,4,1,3,4,2,3,5,6,4,5,1,2,6,3,5,5,3,3,2,1,1,2,5,1,2,4,4,1,4,0,1,2,5,4,3,6,0,1,1,2,1,3,2,2,0,1,2,4,4,5,1,2,0,3,4,2,6,6,5,3,1,3,2,1,1,3,4,5,9,4,1,1,2,3,4,1,3,3,3,5,5,1,1,2,0,7,2,5,5,6,0,4,4,3,0,2,1,0,5,3,3,2,3,1,4,2,3,1,2,2,1,2,6,6,4,1,2,2,2,2,1,2,1,2,5,1,5,2,1,2,2,6,1,2,4,4,3,4,2,3,1,0,3,2,6,1,4,2,2,2,5,2,0,2,1,2,0,6,4,7,5,4,2,3,1,3,5,5,4,3,1,1,2,5,1,2,3,6,3,3,3,0,3,1,4,0,4,1,3,2,4,2,4,3,1,3,0,2,3,1,5,7,0,3,1,4,6,5,3,2,2,4,2,0,5,1,0,1,1,1,2,2,2,0,3,0,3,2,2,2,1,5,0,1,1,5,5,3,2,3,6,2,3,3,2,4,6,0,2,0,0,3,3,4,0,3,1,1,0,2,1,5,0,3,3,1,0,0,0,2,1,0,0,0,0
64e8ed6d,1,1,5,4,6,2,1,7,0,8,6,7,1,9,1,6,6,5,3,7,0,1,5,3,5,8,4,1,6,1,0,0,8,10,5,6,6,0,8,7,7,2,0,6,4,9,3,10,5,10,9,7,2,0,8,5,4,3,0,7,1,10,5,2,6,5,2,1,9,5,4,3,4,3,9,0,3,7,0,1,8,3,6,1,4,2,0,5,5,0,6,7,0,2,4,7,3,8,4,3,8,9,5,1,3,0,2,9,5,0,6,6,5,1,8,5,6,9,2,1,2,0,0,4,0,3,3,1,3,3,2,0,0,6,2,2,1,1,0,2,0,7,6,5,6,2,3,9,5,2,1,6,7,1,1,4,5,1,3,7,2,4,2,9,4,2,2,6,0,7,3,1,4,1,0,0,1,2,4,3,0,0,4,1,4,6,2,5,1,2,1,5,0,1,2,7,1,5,3,0,0,2,3,3,10,5,4,0,3,7,0,0,8,1,2,5,7,1,2,5,3,3,9,8,2,3,4,6,0,1,0,7,0,4,2,9,3,4,1,2,1,0,0,1,3,1,4,2,8,1,4,0,4,2,1,1,2,2,5,4,7,0,6,0,0,5,6,1,7,2,3,2,1,1,3,1,1,2,1,3,6,6,1,4,5,4,8,0,1,1,4,2,3,5,1,0,5,3,0,2,1,1,5,7,1,1,1,3,2,2,0,0,6,0,3,2,1,0,1,6,1,1,4,5,0,3,1,4,7,1,1,3,3,6,8,1,1,0,1,7,2,0,2,5,0,1,5,1,2,6,0,0,3,2,0,1,1,5,1,2,3,0,0,1,4,2,5,6,1,3,1,0,5,2,3,0,0,4,5,2,5,1,1,1,5,1,2,1,1,3,1,2,1,0,0,0,2,0,1,0,2,0,1,5,1,1,2,6,1,0,0,3,5,6,2,0,1,0,2,1,2,0,1,5,4,4,0,4,0,1,0,0,1,1,3,2,0,0,2,0,3,0,3,1,1,1,4,1,0,1,0,0,2,1,0,1,2,1,1,1
686cbe7d,0,1,3,2,4,2,0,4,2,4,4,4,0,5,2,4,4,5,5,3,2,0,2,4,3,4,4,2,4,3,2,3,5,6,4,3,3,1,6,7,6,3,2,4,2,5,4,6,4,6,5,7,3,0,7,5,4,3,2,5,2,7,5,1,7,4,0,0,6,5,2,2,4,4,6,2,3,7,0,4,5,3,4,2,3,2,1,6,5,2,5,7,1,3,4,8,3,6,5,3,4,5,5,3,5,1,2,6,3,1,5,6,3,2,5,3,3,8,3,0,4,3,2,4,0,5,5,0,1,5,4,2,1,6,1,4,2,3,3,3,1,4,6,4,7,1,4,6,5,3,1,6,8,3,1,3,5,3,5,4,3,5,4,6,4,2,1,5,1,8,5,3,5,0,1,1,3,3,7,6,1,1,5,1,5,6,4,6,1,2,3,4,2,1,3,7,2,6,3,2,2,3,3,2,8,3,3,2,1,5,1,1,7,2,1,5,7,2,4,5,5,3,6,6,3,4,6,6,1,2,7,0,1,5,3,5,3,3,3,3,1,1,2,1,5,5,8,4,5,3,3,2,5,1,0,2,2,2,6,6,6,2,2,2,2,4,4,2,5,1,4,2,4,3,5,3,0,3,0,3,4,4,3,4,4,3,8,2,3,1,5,1,7,6,3,1,4,3,3,3,2,2,5,5,2,1,2,3,4,3,0,2,5,2,3,2,2,2,3,3,1,1,3,2,0,1,0,6,7,3,1,5,5,4,5,3,2,1,3,4,3,1,2,5,1,3,5,1,2,5,2,1,3,4,0,1,1,4,3,3,4,1,1,2,3,2,2,3,2,4,1,1,3,2,3,1,1,3,5,2,5,3,2,3,4,2,3,1,1,3,2,4,1,0,1,0,4,2,2,1,3,0,3,3,1,2,0,4,1,1,2,4,5,5,2,1,1,0,3,0,3,1,2,7,6,4,1,3,0,1,0,1,0,1,1,2,0,0,2,0,2,2,1,1,0,2,2,0,1,2,1,1,1,2,1,0,1,0,1,1
6be41a31,5,2,1,2,1,2,4,0,2,0,0,0,3,1,3,0,1,1,3,2,1,3,2,1,0,1,1,2,2,2,3,3,0,0,1,0,1,3,1,1,1,5,4,1,3,1,3,0,1,0,1,0,3,2,1,2,4,5,4,2,3,0,1,2,2,1,4,4,1,2,1,3,4,2,2,5,3,1,2,5,0,5,0,1,1,3,0,2,3,2,0,0,4,4,1,1,2,2,5,5,0,0,2,3,3,4,0,1,0,6,2,2,2,3,1,2,3,1,6,4,4,5,6,4,0,4,2,5,2,3,6,2,3,1,2,5,1,2,3,2,2,2,0,2,2,1,1,0,0,5,1,3,0,3,4,2,1,7,1,2,3,1,4,1,1,0,2,3,1,3,3,0,3,1,3,3,5,2,3,3,2,5,4,2,4,4,1,2,5,4,3,4,5,3,5,1,5,5,3,3,3,7,4,4,0,1,3,3,1,2,2,6,1,3,2,2,2,6,7,4,2,0,0,1,2,4,3,3,1,4,0,1,0,2,4,2,4,1,3,3,4,6,4,6,3,3,2,3,1,3,4,3,4,3,6,6,3,3,3,3,2,6,3,1,8,3,4,4,2,3,4,1,5,6,5,3,5,8,1,2,2,2,4,3,2,4,2,2,2,2,2,6,3,3,1,4,3,5,7,4,4,5,3,3,4,3,0,3,5,7,5,6,3,3,5,5,7,4,6,2,4,9,5,4,5,3,3,4,3,8,2,3,3,4,3,5,3,4,4,2,6,3,6,3,7,4,5,2,5,1,7,1,6,5,1,3,1,4,6,3,3,6,6,5,3,6,2,3,2,4,2,5,4,1,5,4,6,4,3,4,3,2,5,6,1,6,6,2,5,3,10,6,6,6,4,5,4,4,3,7,4,2,3,3,7,2,3,3,3,5,4,4,3,3,6,4,7,3,3,4,7,7,3,4,4,5,5,5,4,5,9,5,4,2,2,3,4,5,5,3,6,4,3,2,5,4,4,2,6,5,5,3,4,3,4,4,3,3,3,4
71b47ab9,3,3,3,4,3,5,4,2,4,2,2,1,3,3,2,2,3,2,4,1,2,5,2,2,5,1,5,5,2,5,3,2,3,3,1,4,3,4,3,4,3,5,4,2,4,3,2,3,7,3,2,4,5,2,5,5,4,4,2,3,5,4,2,5,5,4,1,4,3,4,2,3,6,8,4,2,4,3,2,2,3,4,3,4,5,4,3,4,3,3,4,2,4,5,4,5,2,3,4,5,1,2,3,3,3,4,2,4,3,4,4,3,3,4,3,1,2,5,4,4,3,3,3,3,1,8,2,1,1,2,5,2,1,5,2,5,2,2,1,2,3,3,3,1,3,1,4,4,3,4,2,6,5,5,2,3,3,4,4,4,4,6,4,3,2,2,0,5,3,4,5,1,7,0,1,2,3,3,6,5,1,3,3,2,6,4,2,3,1,2,3,5,2,3,3,4,2,3,2,3,3,3,3,4,4,1,4,2,1,2,1,3,4,5,1,4,4,4,4,3,5,2,4,4,4,3,6,4,1,4,4,5,2,0,3,3,2,2,3,5,2,3,3,2,6,2,4,4,2,2,2,1,4,2,0,2,1,3,3,3,2,2,2,1,2,2,3,2,1,2,1,1,2,3,2,2,1,2,0,1,1,3,2,2,4,3,4,1,2,2,3,0,4,5,1,3,1,3,3,2,1,2,2,3,1,2,2,3,3,3,1,2,1,1,3,2,4,3,2,1,2,2,3,0,3,1,1,6,3,2,2,2,2,2,2,3,4,1,2,2,2,0,1,4,4,4,2,1,2,3,1,1,3,3,1,2,2,2,3,1,1,1,3,2,0,2,2,1,3,4,1,1,2,1,3,0,3,2,3,1,3,1,2,2,1,2,2,2,1,1,2,3,1,0,0,3,1,2,2,2,1,1,2,1,1,2,1,1,0,1,0,1,2,1,3,0,3,2,0,0,2,2,1,3,3,3,2,1,1,1,2,3,1,1,1,1,1,2,2,0,1,3,0,0,1,1,1,0,2,1,2,1,1,1,2,0,1,0,0,1
8236f673,3,4,0,1,1,4,3,0,4,1,0,1,3,1,6,0,1,1,4,2,4,3,2,3,2,2,2,4,2,4,5,4,2,1,0,3,1,5,1,1,3,7,4,3,3,2,2,1,4,1,2,0,5,3,3,2,3,4,4,3,6,2,0,3,4,0,3,3,3,2,2,4,4,4,1,5,5,0,1,5,0,6,1,4,1,3,2,4,2,4,1,2,4,2,2,2,1,3,4,6,1,2,2,5,2,5,0,2,0,5,3,1,2,6,1,0,2,3,5,4,6,6,6,8,0,5,6,5,1,4,5,6,2,2,6,5,4,2,6,3,3,0,1,0,1,6,4,1,3,6,2,1,1,6,5,1,5,5,1,2,5,4,4,1,2,5,5,4,2,2,2,2,2,4,6,4,3,4,2,3,3,4,2,4,4,3,4,1,4,0,4,5,5,4,6,0,3,4,2,5,4,3,8,3,2,1,4,4,2,0,4,3,1,6,1,0,3,8,5,5,3,2,2,0,1,2,1,1,2,5,2,3,4,3,0,1,2,2,3,6,2,4,6,3,4,4,3,3,0,5,1,5,8,4,4,4,3,5,1,3,0,3,3,4,7,4,2,2,1,1,4,1,3,9,2,3,4,6,3,1,0,0,0,3,0,4,2,4,2,4,1,3,3,1,4,2,0,4,7,1,5,0,0,0,1,2,3,2,1,5,1,6,0,2,2,5,7,2,5,1,6,4,2,0,2,4,0,2,2,3,2,4,1,0,0,4,2,1,6,0,6,1,2,2,5,6,2,1,3,0,5,4,2,5,3,3,3,0,5,3,0,5,7,4,0,3,3,1,1,2,2,2,0,2,3,6,1,1,2,1,3,4,2,4,1,3,5,2,4,0,4,2,1,4,2,2,2,3,1,2,1,0,4,0,3,2,3,0,2,2,3,3,0,0,2,2,3,1,0,3,3,6,2,2,1,2,3,2,2,3,3,6,0,2,2,0,2,2,1,2,3,1,0,2,3,2,2,0,4,2,1,1,1,2,3,1,0,1,2,1
853ca71c,1,1,6,4,7,2,1,6,0,7,5,6,1,10,1,5,7,4,2,8,0,1,6,3,5,7,4,1,5,1,0,1,6,9,6,6,7,0,9,6,6,2,0,6,4,9,4,9,4,9,8,6,2,0,6,4,2,4,0,7,0,8,6,2,4,6,3,1,7,6,5,3,2,2,9,0,2,6,1,2,7,3,6,0,4,2,0,3,6,0,6,6,0,3,4,5,4,8,2,2,7,7,3,1,2,0,2,9,4,0,5,7,4,0,9,6,8,7,2,1,0,1,1,2,0,2,3,1,3,1,2,0,1,4,2,2,0,1,1,2,0,9,6,6,5,2,2,7,3,1,1,8,5,0,1,5,3,2,2,7,1,3,2,9,2,2,3,6,0,5,3,0,5,1,0,0,2,1,6,2,1,0,3,1,2,6,0,5,2,4,1,3,1,0,2,7,1,3,3,0,1,0,2,3,8,5,3,0,2,7,0,1,8,0,2,7,7,0,0,3,2,2,7,8,1,5,6,6,0,1,9,5,2,3,1,0,1,4,1,1,2,0,0,1,2,1,2,2,8,1,6,1,3,2,3,1,2,3,7,2,7,1,7,1,1,6,8,0,7,2,4,2,3,0,4,1,2,0,1,3,6,8,3,4,5,2,6,0,1,1,4,2,3,5,0,1,5,3,1,2,1,3,5,7,2,1,0,2,2,0,2,1,6,1,3,2,0,1,1,7,0,1,5,7,1,3,2,6,7,3,0,1,3,8,8,1,2,2,0,9,2,2,2,6,1,0,5,1,2,7,2,0,5,0,0,1,0,7,3,2,3,1,1,1,4,2,5,6,1,3,1,2,7,2,3,1,1,4,5,2,5,1,1,0,3,2,4,1,2,5,1,4,3,2,1,2,2,1,3,2,2,1,1,7,3,1,3,6,3,2,2,3,7,6,4,2,3,1,4,3,2,0,1,7,4,4,2,6,2,3,2,0,3,1,3,2,2,2,4,2,5,1,5,2,2,2,4,2,2,3,2,2,4,1,1,3,2,3,3,3
8577e60a,2,1,0,2,1,2,2,2,0,2,1,1,1,1,1,1,2,1,4,2,1,3,1,2,0,3,0,0,5,2,2,1,2,2,0,1,0,1,2,1,2,2,3,1,3,2,2,2,2,2,3,3,1,0,2,3,4,4,2,2,1,2,1,2,3,2,6,2,3,1,1,4,4,3,3,4,1,3,3,3,2,2,0,3,0,3,1,2,1,5,2,2,1,2,0,4,1,4,4,3,2,3,5,4,3,1,1,1,1,3,1,1,3,2,0,1,0,2,1,1,4,2,3,3,2,2,1,1,2,6,3,1,4,2,1,3,4,2,3,4,5,1,2,3,4,0,1,3,5,1,3,0,3,4,2,3,3,2,2,5,4,5,1,1,4,2,3,1,4,6,3,4,0,4,1,1,3,1,1,5,0,3,3,2,4,2,4,4,2,1,3,4,2,3,4,2,8,4,6,1,2,8,3,5,4,2,6,1,4,2,4,3,1,1,5,1,3,4,5,3,4,3,2,1,4,3,1,2,4,2,3,3,4,2,2,1,0,4,3,2,5,2,2,4,2,5,5,4,2,4,1,3,2,2,4,6,7,4,0,7,2,6,3,2,3,0,2,7,3,4,1,4,2,4,3,6,4,5,4,4,2,0,5,3,1,5,4,1,3,3,6,3,4,1,4,4,4,3,4,5,4,6,4,3,4,6,4,5,7,5,5,2,5,3,4,5,4,4,3,2,2,5,3,4,7,7,5,0,4,4,6,6,3,2,4,6,5,5,2,1,4,3,4,1,4,2,4,4,7,0,3,5,3,4,4,4,3,3,2,8,6,2,1,6,5,6,4,5,5,3,4,3,2,3,6,1,3,3,3,9,3,3,5,3,5,2,2,4,4,1,5,3,3,3,5,4,6,7,4,6,7,3,3,3,2,4,4,3,2,3,4,2,2,5,6,4,4,4,1,4,3,2,5,1,4,3,5,4,4,1,4,2,4,4,4,6,4,5,1,2,5,5,3,2,6,5,3,3,4,3,6,3,5,5,5,6,4,2,3,4
8eec784d,0,0,3,2,2,0,0,3,1,2,1,1,0,4,1,1,4,1,0,3,2,1,2,0,1,2,0,3,1,1,1,3,2,3,4,3,4,1,3,1,2,1,0,3,2,5,4,3,1,3,3,2,1,1,2,3,3,3,1,5,3,3,1,0,2,3,3,0,3,2,4,4,3,3,5,1,3,1,2,1,2,4,1,3,2,0,2,2,3,3,1,0,0,1,2,2,2,4,2,2,3,4,5,2,2,0,2,4,2,0,2,4,3,1,3,3,3,3,1,1,2,2,1,3,2,2,1,1,2,2,4,4,2,1,0,4,2,4,4,6,2,4,2,2,1,1,2,4,4,2,3,3,3,2,0,2,4,2,1,6,2,3,5,2,4,4,2,4,3,2,2,5,1,2,2,2,1,3,2,3,4,0,0,2,2,4,3,4,1,3,4,3,1,3,5,1,4,2,3,0,2,2,4,5,3,1,4,2,3,1,1,2,5,3,7,2,5,2,2,2,2,8,3,2,5,3,2,2,5,0,4,3,1,2,2,4,4,0,5,2,4,1,0,1,3,6,2,5,2,5,3,4,2,1,3,4,6,2,3,3,2,1,3,5,1,2,3,4,3,6,3,4,2,2,1,6,3,2,3,4,2,3,5,1,2,3,4,3,4,2,5,2,5,1,3,2,1,3,0,2,4,2,0,1,1,5,4,3,1,2,2,2,1,2,0,4,2,3,3,3,2,2,0,3,2,5,3,2,1,1,3,2,1,2,2,3,2,4,2,3,3,5,0,1,0,2,1,3,4,2,1,3,2,3,2,4,3,3,1,7,1,2,1,3,3,3,7,3,6,2,4,3,2,2,3,3,1,1,0,3,4,7,0,1,7,0,2,4,3,5,0,1,3,4,2,1,1,2,4,2,1,2,5,3,2,4,4,1,6,3,4,0,1,1,3,4,1,2,4,5,0,1,1,3,0,1,2,3,3,3,1,1,5,4,8,4,3,2,1,5,4,2,6,5,3,1,1,4,2,1,2,5,3,2,1,4,4,6,7,6
90df343e,0,0,2,1,1,1,1,1,2,0,0,0,0,1,4,0,3,1,2,1,3,0,2,2,1,0,1,4,0,3,1,5,1,0,3,2,3,3,1,0,1,1,3,3,1,2,3,0,2,0,0,0,3,1,2,2,3,3,1,4,4,1,1,2,4,2,2,0,1,2,5,1,4,2,2,2,3,0,3,3,0,5,0,4,2,0,1,4,2,2,0,0,1,4,2,2,2,2,4,1,1,2,4,2,4,1,4,2,2,3,3,3,1,3,1,2,1,2,1,1,5,4,3,4,3,3,2,1,2,1,4,3,3,2,0,6,3,3,5,6,1,1,1,1,1,1,2,1,3,3,4,2,4,2,0,2,4,2,4,3,2,3,6,0,3,3,2,4,2,3,2,5,2,2,2,5,5,4,3,4,5,4,1,4,3,3,4,2,3,4,5,4,2,2,5,0,5,3,3,1,2,4,2,3,1,1,4,5,2,0,1,5,3,4,5,1,4,4,4,1,5,5,1,0,6,4,3,1,6,3,1,3,3,3,3,1,3,5,0,3,5,2,1,3,3,8,6,6,0,7,4,5,3,2,4,5,5,1,4,6,2,4,1,6,3,2,3,4,1,4,4,4,4,4,4,6,4,4,3,2,1,1,3,2,3,2,4,6,8,2,6,4,6,1,4,4,2,6,1,3,6,4,1,1,5,5,3,6,3,5,4,3,1,5,2,7,4,5,5,1,2,3,1,3,3,4,4,3,2,4,4,3,4,2,1,8,2,5,4,1,4,4,3,1,4,3,1,5,6,1,3,3,4,6,1,3,6,2,2,6,2,3,2,5,4,3,4,0,6,7,5,6,2,3,6,3,5,2,2,2,5,6,3,2,4,4,3,5,4,4,2,5,5,5,2,4,4,2,4,4,2,4,5,3,3,8,3,1,4,5,5,2,1,1,4,6,3,3,5,3,3,3,5,4,2,4,4,4,7,5,2,2,4,6,5,2,7,5,4,4,5,4,3,3,1,3,3,3,3,4,3,4,3,3,3,4,2,4,4,3
99127249,5,6,1,2,2,4,2,1,6,0,1,0,6,1,2,1,1,1,2,1,4,3,1,2,2,1,2,7,1,5,4,1,1,1,0,3,1,7,1,2,3,5,4,2,4,2,2,1,2,1,2,2,2,4,2,4,2,3,2,2,6,2,0,5,4,2,2,5,3,3,1,4,6,4,2,2,3,1,3,2,1,6,1,5,3,3,4,2,3,2,2,0,7,3,3,2,1,3,5,6,0,1,3,6,2,7,1,2,1,4,3,1,3,8,1,0,1,3,6,3,3,3,3,7,1,5,2,3,0,2,4,2,1,2,5,6,4,1,3,4,2,2,1,0,1,5,3,3,2,5,3,3,3,7,4,2,2,5,3,2,6,3,6,1,5,3,3,3,1,2,3,2,4,4,3,1,3,8,3,4,1,3,2,2,5,3,4,1,5,1,5,5,5,5,6,2,2,5,2,6,5,3,5,4,2,0,4,1,4,0,4,2,2,6,2,2,3,6,4,5,5,2,2,2,3,2,3,3,1,4,2,3,3,5,6,1,2,2,3,0,2,2,6,1,3,2,2,5,0,3,0,2,6,3,3,4,4,4,2,3,0,2,1,1,4,1,1,1,1,1,3,0,1,6,2,2,2,4,1,2,0,2,0,3,3,4,2,2,2,5,1,2,3,3,3,2,0,4,4,0,3,1,0,0,2,3,2,2,1,3,1,3,0,2,1,4,5,2,7,0,3,3,2,0,2,4,0,3,1,2,3,2,0,0,0,4,1,0,5,0,4,0,2,2,5,7,2,2,4,0,6,3,2,2,3,4,2,0,2,2,0,2,4,5,1,2,1,1,2,3,3,1,0,0,3,2,1,0,1,1,2,2,1,2,1,2,2,3,2,0,3,2,1,3,3,2,3,2,2,2,1,1,4,0,1,2,3,0,0,5,1,2,0,0,2,1,1,1,0,2,2,4,2,1,1,2,2,2,2,0,2,5,0,1,1,0,2,3,1,1,2,1,0,0,2,1,2,1,2,1,1,0,1,1,2,2,0,0,0,0
aa8e289e,1,0,2,3,3,2,1,2,2,1,1,0,0,2,1,0,3,1,2,2,3,2,1,2,1,1,0,2,2,2,2,3,0,1,3,3,2,4,2,1,3,2,2,3,3,2,4,1,1,1,1,1,4,2,0,5,2,5,2,4,2,0,2,3,1,2,7,1,0,4,3,4,2,1,2,3,2,0,3,3,1,5,0,5,1,2,2,2,3,4,1,1,2,5,2,0,3,2,1,1,2,2,1,4,3,1,2,1,2,3,1,3,4,1,1,3,1,1,1,2,1,5,5,2,4,2,3,2,3,1,4,1,4,0,0,4,2,4,6,7,4,2,2,2,2,3,1,1,2,2,5,2,0,4,1,3,1,3,2,4,1,2,3,0,1,4,5,2,4,3,3,3,1,4,2,3,3,3,2,3,4,3,1,1,2,2,6,1,3,3,3,2,3,1,4,0,5,1,3,2,4,5,0,4,1,1,5,3,2,0,4,6,1,2,5,1,4,3,3,0,2,3,0,0,3,6,2,2,5,2,1,1,4,2,2,2,5,4,5,2,0,4,1,1,1,6,3,4,2,8,2,7,1,1,4,5,6,4,2,4,1,5,4,5,2,3,4,5,1,6,3,5,3,3,4,7,4,2,4,4,1,1,4,0,1,2,3,4,4,3,4,2,5,1,2,8,2,4,2,2,5,5,1,1,3,6,3,6,5,2,6,6,2,5,3,6,2,7,4,3,0,3,1,4,4,6,7,2,3,3,3,2,2,2,2,4,5,7,4,3,4,5,1,1,4,1,2,8,6,0,4,4,3,3,5,5,5,2,4,5,3,2,2,6,3,7,4,2,5,5,7,3,2,2,6,4,5,1,2,6,2,5,4,3,4,2,2,7,5,3,3,3,3,4,2,6,5,4,5,3,3,5,7,5,5,5,5,1,5,6,5,4,1,2,8,4,3,7,3,6,3,4,3,3,2,2,6,6,4,4,3,1,7,8,6,6,3,6,3,6,5,7,6,4,5,4,2,5,5,4,6,5,7,7,5,6,5,5,5,6
afdc14d7,3,2,1,2,0,1,4,1,4,0,1,0,3,0,3,0,1,1,2,0,3,3,0,1,2,0,0,4,1,2,3,3,0,0,2,1,1,5,0,1,1,5,5,1,3,0,2,0,2,0,0,0,5,6,0,3,4,4,6,2,6,0,1,2,2,0,4,4,0,1,1,2,3,3,1,6,5,1,0,5,0,5,0,2,1,3,2,2,2,4,0,1,5,4,2,1,1,0,3,3,1,1,1,2,3,5,2,0,2,6,2,1,3,4,0,3,1,1,4,7,3,5,6,3,3,3,5,4,4,2,7,5,1,0,3,3,0,5,3,2,3,0,1,1,2,4,1,0,0,6,2,1,0,2,5,1,2,4,2,1,3,1,5,0,0,1,2,2,3,2,4,2,1,3,4,7,4,4,1,3,3,7,2,4,3,3,2,1,2,2,2,3,6,6,3,0,2,3,1,6,4,4,2,2,0,0,3,6,1,1,2,5,0,6,1,0,2,4,6,2,2,2,0,0,3,2,1,1,2,6,0,1,6,3,4,0,2,1,2,2,4,0,5,4,2,2,1,1,0,2,1,5,3,4,2,3,0,1,1,1,0,4,3,3,4,4,1,4,0,2,4,5,4,4,4,2,2,5,3,0,2,0,1,1,1,2,1,6,1,2,0,4,3,1,2,4,1,2,6,3,3,2,1,1,2,2,4,4,3,4,1,8,1,3,1,2,6,4,3,3,6,5,1,1,2,0,3,1,1,4,1,1,0,1,1,2,2,2,5,0,3,1,2,2,4,5,2,4,2,1,3,2,2,4,3,0,2,1,5,0,1,4,6,2,2,5,0,1,2,1,1,3,1,4,2,6,5,2,1,1,0,1,1,6,1,4,4,1,3,1,6,3,3,4,2,1,1,1,0,3,1,2,2,0,4,1,2,1,1,3,2,2,1,1,3,0,4,3,1,0,3,5,0,1,2,3,1,1,0,2,6,6,2,4,1,2,0,1,1,1,2,4,1,2,3,2,1,2,2,0,1,1,1,2,2,0,2,1,1,2
b625b241,4,7,1,1,0,3,3,1,7,0,0,1,6,0,3,0,1,2,3,1,7,3,1,2,2,2,3,5,2,6,7,2,0,1,0,1,1,6,0,1,1,7,3,0,2,0,2,1,3,0,1,1,4,6,1,2,2,2,4,1,6,0,0,2,1,1,3,6,1,2,0,2,2,3,1,5,3,2,2,5,1,2,2,3,2,2,5,2,2,5,2,1,7,2,3,2,0,1,3,4,1,0,1,6,3,9,0,0,0,5,1,2,1,8,1,1,0,1,4,5,4,4,5,3,1,3,4,3,1,2,5,5,3,1,8,2,4,1,4,2,4,0,1,2,3,6,2,0,0,4,4,1,0,5,7,1,1,5,2,0,7,2,4,0,3,2,4,1,4,2,4,2,2,3,5,3,3,4,2,2,0,4,4,4,2,2,3,0,3,0,5,2,9,7,3,0,3,3,2,8,7,3,4,1,0,0,2,3,3,1,5,3,0,6,1,0,1,5,4,3,3,0,0,0,0,1,1,1,1,6,0,2,4,3,6,0,2,0,1,6,1,5,0,3,2,2,2,3,0,2,0,4,5,4,2,2,2,3,1,2,0,4,2,2,6,2,1,2,1,0,3,1,3,6,2,1,3,4,2,1,1,0,0,1,0,1,1,3,2,7,0,2,2,1,4,1,1,2,7,1,3,1,1,1,1,2,4,1,2,3,1,5,1,3,2,3,6,1,5,2,4,3,3,1,3,2,0,2,1,3,2,2,1,1,1,3,3,1,4,0,3,0,2,3,4,8,3,2,4,0,7,3,3,3,3,2,0,1,5,1,1,4,6,4,1,2,0,2,2,1,1,1,1,2,2,4,1,1,2,1,2,1,2,5,0,2,5,1,2,0,4,2,1,2,5,1,2,3,1,2,1,1,3,0,2,0,3,1,1,4,2,1,1,1,2,1,4,0,0,1,2,4,1,2,2,2,2,2,1,1,4,9,0,1,0,0,1,1,0,0,3,1,0,1,1,2,1,1,2,2,1,0,0,1,2,2,0,0,1,1
b62878a5,2,2,0,0,0,2,5,1,1,1,1,1,3,0,4,1,1,1,3,1,0,3,2,0,1,2,1,2,2,3,3,3,1,1,0,1,1,0,0,1,1,3,3,0,2,0,1,1,2,1,2,2,1,3,2,1,4,3,4,0,3,1,0,2,3,1,2,3,2,0,1,2,4,3,1,3,4,2,2,4,1,1,0,0,1,2,2,2,1,2,0,1,3,2,0,3,0,1,5,2,1,1,4,2,3,3,2,0,2,4,3,0,2,2,0,1,2,1,3,3,6,3,4,4,1,2,1,4,1,3,3,3,2,2,2,3,2,2,2,0,2,1,0,1,2,0,4,1,3,2,0,1,2,1,4,2,4,2,2,0,4,1,2,2,2,2,1,2,1,3,1,0,2,1,4,4,5,0,2,1,4,4,3,4,3,2,1,4,4,4,1,4,3,3,4,2,3,4,2,2,2,5,3,3,1,2,1,4,1,3,3,4,0,3,1,1,0,5,6,3,2,1,1,2,1,1,2,2,2,5,1,1,6,2,3,1,4,1,3,1,1,4,3,0,3,2,3,1,2,2,4,2,2,5,6,3,2,3,1,4,3,4,1,2,6,1,2,2,3,2,2,0,4,5,3,1,6,7,3,4,3,1,2,6,3,4,2,1,3,1,2,6,0,2,2,2,5,4,4,6,4,4,4,4,4,2,1,1,4,8,4,2,4,2,5,3,7,2,3,1,6,6,4,3,4,2,3,2,3,7,2,5,4,3,4,5,3,2,2,1,3,3,8,2,6,3,4,1,3,1,4,2,5,6,1,3,3,3,4,3,4,6,6,3,4,5,2,4,2,2,2,7,3,2,2,4,4,7,5,4,3,2,6,3,2,6,5,2,5,2,7,5,5,5,4,5,4,3,2,6,4,2,1,3,3,3,4,4,3,3,3,4,2,4,3,5,7,3,2,4,7,5,7,2,4,6,4,3,5,5,8,5,3,2,2,3,5,4,5,3,5,2,2,3,4,3,6,2,5,5,4,3,2,4,4,3,3,3,3,2
c64c01fc,3,2,0,3,1,4,4,0,2,1,0,0,1,2,3,0,2,2,3,0,2,3,1,1,3,0,5,2,1,4,3,3,2,2,1,3,2,2,2,4,1,5,3,1,4,2,1,2,6,2,1,3,5,2,6,2,7,4,5,1,2,3,1,3,5,2,1,2,2,1,1,5,5,8,3,3,2,2,1,3,1,4,2,2,4,3,3,4,1,4,2,2,1,3,1,5,2,2,5,7,0,1,4,3,4,1,3,3,1,5,4,2,3,2,2,0,3,3,4,3,4,5,4,3,1,9,3,3,2,4,5,4,3,5,2,6,4,6,2,2,3,1,3,0,1,2,5,2,4,4,1,2,5,4,3,1,5,5,1,4,5,7,4,2,3,4,1,5,3,2,3,3,5,0,4,2,3,2,4,4,4,3,1,3,4,4,2,5,2,4,2,5,1,2,3,2,3,4,1,1,1,3,6,5,3,0,3,3,1,1,3,3,4,2,1,1,2,3,4,5,4,3,2,2,6,3,3,2,2,3,3,5,3,6,4,2,2,3,3,3,1,2,2,3,0,3,5,3,1,2,4,1,5,4,1,3,2,5,2,3,2,2,1,3,4,2,1,4,1,3,2,2,3,4,2,4,2,3,1,3,0,1,3,4,3,6,3,1,5,1,4,2,5,2,4,1,2,3,4,2,3,3,0,1,3,1,2,2,2,4,2,3,0,1,4,1,3,2,2,0,3,5,2,0,2,1,2,5,1,2,1,4,5,1,1,2,4,2,3,1,5,0,4,2,4,3,1,0,1,2,1,1,1,5,0,2,2,1,3,2,1,5,2,1,0,2,2,0,2,4,2,3,1,1,2,3,3,4,3,1,4,3,5,4,2,2,3,2,1,1,3,3,3,1,1,3,0,3,2,3,1,0,2,2,4,2,1,0,1,0,1,1,1,0,2,2,4,2,1,0,3,3,2,3,0,3,3,0,1,4,3,1,2,0,1,1,1,2,5,0,0,1,0,1,2,2,2,0,4,4,2,0,1,3,3,0,1,0,1,2
cc2dd8a5,0,1,2,1,1,1,0,1,3,0,0,0,0,1,3,0,3,2,3,1,4,1,1,3,0,0,1,3,1,3,3,6,1,0,3,1,2,2,2,1,1,2,2,3,0,2,4,0,2,0,0,1,3,1,2,2,3,3,2,4,4,1,2,0,3,2,3,0,1,2,4,2,2,2,2,3,3,1,3,4,0,4,0,5,1,1,3,4,2,4,1,2,1,2,2,3,2,3,2,2,1,2,3,4,4,1,2,2,1,1,1,3,1,2,1,2,1,2,1,1,4,4,3,3,3,3,4,1,1,3,5,4,4,2,1,4,4,4,7,7,3,1,2,2,2,2,2,1,5,3,4,2,3,4,1,2,5,3,3,3,3,4,5,0,3,5,4,3,4,4,3,6,1,2,3,3,4,3,4,5,4,1,1,3,2,3,6,2,2,3,5,2,3,2,5,1,6,2,5,2,4,5,3,3,2,1,4,4,2,0,3,4,3,4,5,2,5,4,4,2,4,5,1,0,4,4,3,1,6,1,1,5,3,2,4,1,5,6,8,2,6,2,2,2,3,0,7,6,0,9,3,7,3,0,4,5,6,3,3,6,2,5,1,6,4,2,3,6,1,5,3,3,5,5,4,8,3,4,3,3,1,1,5,1,1,2,4,5,7,2,6,3,8,1,5,5,2,4,3,3,7,5,2,1,3,6,5,5,5,4,4,4,2,6,2,6,4,6,5,1,2,3,1,3,3,5,4,3,3,4,4,4,4,2,1,7,4,6,5,1,5,6,1,1,2,3,1,5,6,1,4,4,3,6,2,4,5,2,3,8,4,4,2,6,3,4,5,1,7,5,6,5,2,2,5,4,4,1,2,4,5,8,3,3,5,2,3,6,4,4,2,4,3,4,3,3,5,5,5,3,3,4,7,3,4,7,4,1,6,5,7,2,2,2,5,6,3,4,4,4,2,3,4,5,3,2,4,4,4,5,2,2,4,6,6,4,4,3,2,5,5,6,4,5,2,3,1,3,3,4,5,6,3,5,3,4,3,5,6,5
da052c14,0,1,1,0,2,2,1,2,2,2,2,2,0,2,3,2,3,3,5,1,2,0,2,4,3,2,4,1,2,4,2,4,3,3,2,2,2,1,3,4,3,2,3,2,0,2,3,3,4,3,2,4,3,0,6,2,4,3,2,3,2,4,3,1,7,3,1,0,3,3,1,1,4,4,3,2,2,4,1,5,3,2,2,3,2,1,1,6,2,3,3,5,1,3,2,7,1,3,5,2,2,3,6,3,6,1,3,3,3,2,5,4,1,2,2,1,1,5,2,0,5,4,3,3,1,5,4,0,0,4,3,2,2,6,1,4,3,2,4,4,2,1,4,2,5,1,4,3,5,3,2,3,7,3,1,3,5,2,5,3,3,6,3,3,3,2,2,5,2,7,2,4,4,1,1,2,5,2,6,5,2,2,3,2,3,4,5,6,2,3,3,4,2,1,2,4,4,4,4,2,2,5,2,1,5,3,3,3,1,3,2,3,4,2,2,2,4,3,5,4,6,2,3,3,4,4,5,3,3,3,4,8,2,4,3,2,5,2,6,2,3,1,2,3,5,7,0,4,3,5,5,3,4,2,1,4,4,2,4,9,5,4,0,4,3,3,3,4,3,2,3,2,5,4,5,5,2,4,1,4,2,1,4,4,3,2,7,3,6,1,8,2,6,3,4,3,5,5,3,5,4,4,4,4,3,3,3,4,6,5,2,2,4,4,4,4,3,4,4,1,1,2,2,3,2,3,2,5,6,5,3,7,8,3,4,6,4,3,4,2,4,2,4,3,3,3,3,3,4,3,3,2,4,6,1,2,4,3,2,5,6,2,1,4,4,3,3,2,4,7,3,3,2,2,4,1,4,5,6,4,6,4,5,3,5,4,4,3,2,3,3,6,3,1,2,3,6,4,4,3,4,2,4,4,2,5,1,3,2,2,4,4,3,4,4,3,3,2,3,1,5,2,5,6,5,6,4,4,3,3,1,1,1,3,2,3,3,3,4,1,3,4,2,2,1,3,4,1,3,5,3,2,2,4,4,2,2,1,2,2
e2ae54db,1,2,2,0,1,1,1,0,2,0,0,0,2,2,3,0,2,0,2,2,4,3,2,2,0,1,0,2,1,5,4,2,1,1,2,1,2,1,2,1,2,3,2,2,3,3,5,1,1,1,2,1,1,1,2,2,2,4,2,3,2,2,1,1,3,2,4,1,3,2,5,4,4,2,3,4,3,1,7,3,0,4,0,6,1,2,2,2,4,4,0,0,3,2,1,2,2,4,4,3,0,1,5,6,3,3,3,3,0,2,2,3,1,4,2,1,2,3,3,0,4,4,3,4,5,3,1,1,1,2,4,1,5,1,2,6,6,4,6,7,3,2,1,1,1,1,1,2,4,2,5,4,3,4,2,2,2,4,1,4,5,3,6,1,7,3,5,4,2,2,2,6,2,4,0,2,1,4,3,7,2,3,3,0,6,4,5,2,2,3,9,4,4,2,6,1,6,4,6,3,5,5,3,6,2,2,7,2,5,0,4,2,4,2,5,3,4,4,4,3,4,5,3,1,4,4,3,2,4,2,2,4,3,4,3,2,4,5,6,5,4,1,3,1,3,6,4,0,0,5,2,4,5,1,3,5,7,4,3,5,1,5,2,3,2,2,2,3,2,3,4,3,2,3,2,5,2,3,4,3,0,2,3,2,1,4,3,4,6,5,4,0,6,3,7,4,1,4,2,1,3,3,1,1,4,6,4,4,3,3,5,2,0,5,1,6,3,5,6,1,2,3,2,2,5,6,3,3,1,3,7,2,2,1,0,5,2,4,3,1,4,2,1,1,2,5,2,5,8,2,4,3,3,2,5,6,2,1,3,6,2,0,2,7,1,2,3,2,7,4,5,1,1,2,6,1,2,0,0,3,4,4,2,1,3,3,3,6,4,3,2,2,1,1,4,4,4,3,6,2,2,5,5,2,1,3,1,0,2,4,2,1,1,0,4,6,2,3,3,3,2,2,2,3,2,1,3,4,4,1,2,2,3,4,3,1,4,3,1,2,4,4,2,1,2,3,1,3,2,3,5,3,2,2,2,6,1,2,2,2
e5ec95f8,1,1,5,4,6,2,1,7,1,7,7,6,1,7,1,6,4,5,2,6,0,2,5,2,5,8,4,0,6,0,1,0,6,8,6,4,4,0,6,6,5,0,0,4,3,6,4,8,3,8,7,6,1,0,5,4,2,1,1,5,0,7,5,3,3,4,2,1,6,6,2,2,2,1,7,0,1,6,0,1,8,0,7,1,3,2,0,4,4,0,6,7,0,3,4,5,3,5,2,1,7,7,3,0,2,0,1,6,5,0,4,7,4,0,6,5,5,6,1,1,1,0,0,1,0,1,2,3,3,2,0,0,0,5,1,0,1,0,0,1,1,7,6,5,7,1,2,7,2,1,1,6,5,0,1,4,2,0,3,4,0,1,0,8,2,0,1,3,0,6,2,1,4,0,0,0,2,0,4,1,0,0,4,1,2,4,2,5,1,2,0,2,0,0,0,7,0,3,3,0,0,1,0,1,7,5,1,0,3,9,0,0,6,0,1,5,4,0,1,3,1,1,6,8,0,4,4,6,0,1,8,5,1,2,0,8,2,2,0,0,2,0,0,2,1,0,3,0,0,1,5,0,1,2,2,0,1,1,6,3,8,1,5,0,1,4,6,0,8,2,3,2,2,0,3,0,1,1,1,4,7,6,2,3,5,1,7,0,0,1,3,3,1,5,0,2,6,3,1,3,0,2,6,8,2,0,0,2,3,1,2,0,7,1,5,2,0,1,0,6,0,0,5,6,1,1,3,4,7,2,0,3,4,7,9,0,3,2,0,9,1,2,3,6,1,0,6,2,1,7,1,1,4,1,1,1,1,6,3,1,4,1,2,0,5,3,3,7,0,3,1,1,6,2,2,0,1,5,6,4,4,0,3,1,4,2,3,1,3,4,2,3,2,1,1,2,4,1,2,1,3,2,1,7,3,1,3,7,3,1,2,5,6,7,3,1,2,2,3,3,4,1,3,6,5,5,2,6,2,3,1,0,3,2,3,4,1,2,4,2,4,2,5,3,2,3,6,3,2,3,2,2,4,3,2,3,4,3,3,3
eb3dd471,0,1,2,1,2,2,0,1,3,0,0,0,0,1,3,0,2,2,2,1,4,1,1,2,0,0,1,3,0,3,3,5,1,0,2,2,2,3,1,1,2,2,1,4,0,2,3,0,2,0,0,0,3,1,2,3,3,2,1,4,4,1,1,1,2,1,4,0,1,3,4,2,2,2,2,3,3,0,3,3,0,5,0,6,1,0,3,4,2,3,0,1,1,3,2,2,2,2,2,2,1,2,2,5,4,1,2,2,1,1,1,2,2,2,1,2,1,2,1,1,4,4,4,4,3,3,3,2,1,2,5,3,4,2,1,4,4,3,7,7,3,1,0,1,1,3,3,1,4,3,4,2,1,5,1,1,4,3,2,3,3,3,4,0,2,6,5,3,4,3,2,5,1,3,4,3,3,4,3,3,4,1,1,2,2,3,8,0,3,3,4,2,3,2,6,0,6,2,4,2,4,5,3,3,1,1,4,4,2,0,4,5,2,4,5,1,4,5,3,2,3,4,1,0,3,4,2,1,5,1,1,3,3,2,5,1,4,5,7,3,8,2,2,2,2,9,5,5,1,0,2,8,3,0,5,5,6,4,2,4,1,5,1,6,4,2,3,6,0,6,2,2,4,6,3,8,4,4,3,3,1,1,3,0,1,2,3,4,6,2,4,3,6,1,4,7,2,5,2,2,8,4,1,1,2,7,5,5,4,4,5,5,1,6,3,7,4,6,5,1,2,3,1,3,3,6,5,3,2,3,4,4,3,2,1,6,5,7,6,2,5,6,1,1,3,2,1,6,6,0,5,4,3,6,4,6,7,2,4,6,3,4,3,7,3,5,5,1,6,6,8,4,2,2,5,5,4,1,3,4,4,8,4,3,4,2,3,8,5,3,2,3,3,5,3,5,5,4,5,2,2,5,9,4,5,7,5,1,7,6,7,4,1,1,6,5,3,6,3,6,3,4,4,4,2,2,6,5,5,6,2,2,5,7,7,4,4,5,3,7,5,6,5,6,3,4,2,4,5,5,5,6,5,7,5,5,4,6,7,6
efc9e31f,1,1,4,1,4,2,3,3,0,3,4,4,1,5,2,4,4,2,1,4,0,2,6,2,6,3,4,0,1,1,1,3,4,4,6,3,6,0,4,3,1,1,2,4,2,4,5,4,3,4,3,2,1,0,4,0,3,3,2,3,0,5,5,2,4,4,2,1,4,3,2,3,3,3,5,1,1,4,1,4,4,2,5,0,4,2,0,2,4,1,3,3,0,3,3,4,4,3,3,2,3,3,4,0,2,0,3,6,5,2,5,5,2,0,6,5,7,4,2,2,2,4,3,1,0,3,2,2,2,1,2,2,1,4,1,4,0,2,2,2,0,5,4,3,2,1,3,3,2,2,0,5,5,0,2,4,3,2,2,3,0,2,3,6,3,0,2,7,0,3,1,1,5,0,1,3,5,0,5,1,5,2,1,3,1,6,0,6,4,4,2,3,1,0,2,5,2,2,3,0,1,1,1,2,3,3,0,2,1,6,0,5,7,0,2,4,2,2,3,3,2,1,3,6,2,4,6,2,3,3,4,3,4,2,1,6,1,3,4,0,2,1,0,4,4,3,5,2,5,2,0,1,2,4,5,3,3,1,6,4,8,2,3,3,3,6,5,1,5,4,5,1,5,2,5,3,4,2,0,4,5,6,6,4,4,1,5,2,4,0,6,4,2,2,1,2,6,6,2,5,2,4,4,6,3,2,0,1,4,3,4,2,4,2,4,2,2,3,3,4,1,3,4,6,2,2,2,5,4,6,1,4,6,8,6,3,3,3,2,6,5,4,5,5,4,1,2,1,2,6,3,0,7,3,0,2,3,7,3,3,5,3,2,3,4,3,4,4,3,5,3,5,7,2,2,2,3,8,6,2,7,3,3,1,4,5,6,2,3,6,3,7,6,4,2,4,3,2,5,5,3,2,2,6,5,3,3,6,4,3,3,5,6,4,4,5,6,2,6,3,5,2,3,7,3,7,4,5,4,6,4,0,3,1,3,2,4,4,7,4,4,2,5,3,3,2,7,2,5,5,3,3,3,2,3,3,4,5,4,4
0174ba21,0,1,2,1,2,2,0,1,3,0,1,0,0,1,3,0,2,2,2,1,5,1,1,2,2,0,1,3,0,3,3,5,0,0,3,2,2,4,1,2,2,2,2,3,1,1,4,0,1,0,0,0,5,3,1,3,3,3,2,3,4,0,2,2,1,1,7,0,0,3,4,2,1,1,2,5,3,1,3,6,0,4,0,5,1,1,3,3,3,5,0,2,2,5,2,2,2,1,2,1,1,1,1,6,5,2,2,1,2,4,1,2,2,2,1,4,1,1,1,2,4,6,7,3,4,2,5,2,1,1,5,4,4,1,2,3,3,4,9,6,4,1,1,2,2,5,3,0,3,3,4,2,0,4,3,2,3,3,2,2,3,2,3,0,1,6,7,2,4,2,3,4,1,5,5,6,3,3,3,2,5,4,2,4,1,3,6,0,2,3,4,1,6,3,6,0,5,2,4,4,6,4,2,2,0,1,3,6,1,1,6,5,1,4,3,1,3,4,1,1,3,3,0,0,2,4,2,1,5,4,0,2,3,1,5,1,3,4,5,2,7,5,4,2,1,7,3,4,0,8,1,0,2,3,5,3,4,4,2,2,0,5,3,8,4,4,2,5,0,3,4,4,5,5,4,6,4,3,5,2,2,1,2,0,1,1,1,6,4,3,2,3,5,1,4,5,2,2,4,2,7,4,1,1,1,6,5,3,4,3,3,8,1,5,1,4,3,5,3,4,2,2,1,3,3,4,3,3,1,3,2,1,2,2,1,5,3,5,4,1,3,4,1,2,3,2,2,5,5,0,5,5,3,5,5,3,4,2,4,4,3,4,3,6,3,5,3,2,4,3,5,4,2,5,3,8,3,1,3,2,2,6,2,4,2,1,5,5,3,2,2,3,3,5,3,3,3,3,4,2,1,3,6,2,3,4,5,1,5,6,5,2,2,1,6,4,3,4,2,4,1,3,2,3,2,2,4,3,3,4,2,4,3,6,4,2,3,3,1,5,5,4,3,4,2,2,0,2,3,3,3,4,3,5,3,3,2,4,5,4
0cdb6a2a,3,4,1,1,1,3,3,1,4,1,1,2,3,3,6,1,3,2,4,3,4,3,3,4,2,3,3,4,2,5,5,3,2,3,1,4,3,3,3,3,4,8,3,3,5,4,3,3,4,3,4,2,4,2,5,2,4,5,4,4,4,4,1,2,6,2,1,3,5,2,3,4,5,5,3,5,5,2,2,5,1,6,2,3,3,3,2,5,4,3,2,3,4,1,3,4,0,5,6,7,2,3,4,5,4,4,3,4,1,4,5,2,2,5,3,1,3,5,7,3,6,4,4,7,1,6,6,4,2,4,6,4,3,3,5,5,5,4,3,2,3,2,2,1,2,4,3,3,3,6,3,3,3,5,5,2,5,6,2,3,6,5,5,3,4,4,3,6,2,3,3,3,4,2,4,3,4,4,4,4,1,4,3,2,6,5,3,3,4,2,4,6,4,3,5,2,4,6,3,4,3,3,8,5,4,2,6,4,3,1,3,2,3,4,2,2,5,6,5,7,5,3,4,2,2,1,3,3,2,5,4,5,4,4,8,3,2,2,3,6,1,3,5,2,5,3,4,5,1,3,2,2,0,4,2,3,2,5,2,4,1,4,2,1,6,4,2,2,2,1,4,1,4,7,3,2,2,5,2,0,1,2,0,5,2,5,3,3,3,4,2,2,4,3,4,1,1,5,6,2,3,0,1,1,2,1,2,3,1,4,2,4,1,3,2,5,6,1,4,1,4,4,3,1,3,3,1,4,3,4,3,5,2,1,1,3,2,2,5,1,5,0,3,3,4,5,3,2,4,1,4,2,3,4,1,2,1,1,4,2,1,4,5,3,1,2,2,2,1,3,1,1,0,1,4,3,1,2,2,1,4,2,2,4,2,5,5,1,4,1,4,3,2,2,3,1,3,3,0,2,1,1,3,1,3,1,1,1,1,1,2,3,1,1,1,2,3,0,2,1,4,5,1,3,2,3,2,3,2,2,3,4,1,2,1,0,2,1,2,0,2,1,1,1,2,3,3,1,3,3,1,0,0,1,2,2,0,0,1,1
184fe4b2,2,2,2,1,1,3,4,2,1,1,3,2,2,2,3,2,2,1,2,3,2,3,4,2,6,3,3,2,1,3,3,2,1,2,3,3,3,3,1,2,1,3,5,1,4,2,4,2,2,2,3,2,4,4,2,0,3,4,4,2,2,2,2,5,4,2,4,2,3,1,0,3,5,3,3,4,1,2,2,7,2,2,3,1,3,4,2,2,4,4,2,2,3,4,3,3,0,2,6,3,2,2,4,3,3,3,3,2,4,8,5,2,1,4,2,4,2,2,4,3,4,5,6,3,2,3,5,4,1,2,2,3,2,2,3,4,3,3,3,0,3,2,3,2,2,3,2,2,1,4,1,2,3,2,5,4,2,2,3,1,4,2,2,2,1,2,3,4,1,2,2,0,3,4,4,5,6,1,2,1,4,7,3,6,2,4,0,3,5,3,2,5,4,3,4,1,2,5,3,3,3,2,3,3,1,2,1,4,1,3,5,3,2,2,0,1,1,4,2,3,5,0,2,2,2,0,2,1,2,9,2,1,3,2,4,2,2,1,2,3,1,4,4,5,4,0,2,1,2,0,4,3,4,0,4,1,1,3,3,3,2,2,4,3,4,5,1,1,3,2,7,2,4,4,5,0,4,3,4,1,3,2,0,6,3,4,2,2,2,3,2,3,0,1,3,0,4,6,5,4,2,3,2,3,3,1,1,0,1,4,2,4,2,0,2,1,4,0,1,5,4,4,4,3,3,1,1,2,1,5,1,4,2,3,3,4,1,0,1,2,2,0,7,4,6,3,3,1,2,2,2,5,5,3,3,2,1,3,3,1,2,4,4,2,4,2,1,4,0,3,1,5,2,3,1,5,1,6,3,1,4,0,3,2,2,4,7,1,2,2,3,5,5,3,2,3,3,2,0,5,1,0,0,3,1,2,2,3,1,2,0,2,2,2,1,2,4,1,1,1,4,4,4,2,2,6,2,3,3,2,4,4,1,1,1,0,3,3,5,0,3,0,2,1,2,1,6,0,3,4,2,0,0,1,2,1,1,1,1,1
2079b3cc,2,2,2,1,3,3,3,1,0,1,1,1,2,2,3,1,2,1,1,3,1,4,3,0,1,2,1,2,2,1,3,3,1,1,2,2,2,2,2,1,1,2,3,3,3,2,3,1,1,1,2,0,0,0,1,1,3,3,2,1,1,1,2,4,2,2,6,2,2,2,3,5,3,1,3,4,2,2,3,4,1,4,1,2,1,3,1,0,2,2,1,1,1,4,0,2,3,3,4,3,1,1,1,4,1,1,0,2,1,4,2,1,3,2,2,3,4,0,2,2,4,4,5,5,1,1,1,4,2,2,3,2,3,1,2,5,2,2,5,3,2,3,1,3,1,2,3,1,2,1,1,2,2,3,4,3,3,3,1,1,2,0,3,2,3,3,5,2,1,2,1,1,1,4,4,3,5,2,2,1,4,4,2,5,2,3,2,2,6,2,3,3,3,1,8,2,5,4,5,1,3,4,3,4,1,1,2,3,3,3,4,5,2,1,3,3,1,6,3,3,2,2,1,2,1,3,2,1,3,4,1,0,6,0,4,3,4,3,4,3,4,2,2,6,1,4,1,3,2,5,5,5,2,4,0,4,5,4,3,2,3,5,3,3,6,2,3,3,3,3,4,0,4,6,5,4,7,5,3,4,3,3,4,4,3,4,1,1,2,2,2,7,1,1,2,4,3,5,4,4,5,6,4,4,4,5,1,1,4,5,5,4,4,3,4,4,5,4,4,3,3,5,5,5,5,5,3,2,2,6,3,3,2,5,4,6,3,4,3,3,6,5,6,2,7,1,3,2,5,2,6,4,5,4,3,5,3,4,4,5,4,5,4,6,4,6,4,5,3,3,4,7,5,2,3,5,2,4,5,4,4,5,3,2,2,4,5,4,6,3,5,6,6,8,5,5,5,4,5,7,3,3,4,3,5,4,7,4,5,7,4,4,4,4,6,6,7,4,3,7,4,4,5,3,3,5,5,4,6,6,6,3,4,3,4,3,6,6,5,6,6,3,4,4,6,3,6,3,6,4,5,5,4,4,4,5,3,5,5,4
30144daa,4,2,1,1,2,3,3,0,1,0,0,0,3,1,1,0,1,0,2,2,0,2,2,1,0,1,0,1,2,2,1,1,1,0,2,1,1,3,1,0,1,3,2,3,2,2,3,0,2,0,1,0,1,2,1,2,2,3,4,2,3,1,1,3,1,1,5,4,2,2,2,4,3,3,2,2,1,0,3,2,0,5,0,3,0,2,0,1,2,5,0,0,3,3,0,1,4,3,2,4,0,1,6,3,1,3,1,2,0,2,0,2,2,3,1,1,1,1,3,3,2,5,4,4,1,2,0,3,1,4,4,3,4,1,2,6,3,2,5,5,4,1,1,1,0,2,1,1,2,3,1,1,2,4,2,2,1,4,0,5,4,4,4,0,3,2,4,2,3,2,1,4,0,4,2,0,1,3,1,5,3,2,1,0,3,2,3,2,5,3,4,3,3,4,4,0,7,2,4,2,2,6,4,4,1,1,4,0,2,0,3,4,3,3,4,1,2,5,7,3,2,2,1,0,5,5,1,0,4,1,1,2,6,2,4,1,6,4,5,4,5,3,2,3,3,5,4,5,0,5,3,3,3,1,4,0,8,4,2,5,2,4,3,5,3,1,2,5,2,4,3,4,1,5,2,8,4,5,2,3,0,1,5,1,0,3,3,3,5,1,6,2,5,0,4,4,2,4,3,2,6,4,1,1,5,6,3,4,3,4,5,4,1,2,3,6,5,5,8,1,4,7,2,3,5,7,3,1,1,4,5,4,3,2,1,5,4,5,4,1,8,2,2,0,4,5,1,2,5,1,5,3,3,2,4,5,4,3,3,7,2,2,3,6,3,3,3,1,6,4,5,2,2,2,6,3,4,1,2,5,5,5,4,2,3,3,2,5,2,3,5,2,3,5,3,6,3,5,6,5,5,2,4,3,4,4,2,1,2,3,5,2,1,1,5,5,4,4,3,4,3,4,3,3,1,1,7,4,5,2,6,3,3,2,3,2,5,7,2,3,4,3,2,1,5,5,2,1,6,4,5,2,6,4,6,5,2,2,3,4
3eb22ec9,1,2,1,1,3,2,1,1,1,1,0,0,2,2,1,0,2,0,1,3,2,2,2,1,0,2,0,0,2,3,3,1,1,1,2,2,1,1,2,0,2,1,1,3,2,3,4,1,1,1,2,1,0,1,1,2,1,3,2,3,1,1,1,2,1,2,6,1,2,3,2,5,2,2,3,2,0,0,5,2,1,3,0,5,0,1,2,1,2,5,1,0,2,2,0,1,3,4,2,2,1,2,5,5,1,2,1,2,0,1,0,3,2,3,1,1,1,1,1,0,2,4,3,3,3,1,0,1,1,3,2,2,4,1,2,5,5,2,6,8,4,2,2,2,1,2,1,2,3,1,4,1,2,4,2,3,1,2,0,5,4,3,4,0,5,3,6,2,3,3,0,6,0,6,1,0,1,3,1,4,3,1,1,0,2,2,5,3,4,2,6,2,3,3,5,0,7,2,5,2,4,5,3,5,2,1,5,0,5,0,5,3,3,1,7,1,3,4,4,2,2,4,1,0,4,5,1,1,5,1,2,2,3,1,3,2,7,6,5,4,6,0,2,2,2,6,4,7,1,6,3,4,2,1,5,8,0,4,2,6,2,4,3,5,2,1,3,5,3,4,3,4,1,4,2,8,5,3,4,6,0,1,5,1,0,3,4,2,6,4,7,1,4,0,6,4,2,4,1,2,5,4,1,1,4,8,5,4,3,3,5,2,2,4,2,6,3,5,7,2,2,4,2,4,5,10,4,1,2,3,7,4,3,2,2,5,4,5,4,2,6,3,2,0,3,4,2,5,8,1,5,4,3,2,6,7,4,3,2,9,3,1,1,8,3,4,5,3,8,4,7,2,2,2,6,2,2,1,2,6,5,6,3,0,5,2,2,7,4,3,2,2,3,4,5,5,4,5,8,4,4,4,6,4,2,4,4,1,3,5,4,2,1,2,6,6,3,4,3,6,2,2,3,3,1,1,6,5,5,2,3,1,4,4,5,3,5,6,2,4,5,3,4,2,6,4,2,4,5,4,5,3,6,4,5,8,2,3,4,4
407feb71,3,3,0,2,1,5,3,0,2,1,0,1,2,2,3,0,2,1,4,2,3,4,2,3,1,2,2,2,3,5,4,1,1,2,0,4,2,3,2,2,3,6,2,2,4,2,2,2,4,2,3,2,4,2,3,3,3,4,4,1,1,2,0,4,2,1,5,3,3,1,3,6,3,4,1,4,2,1,4,2,0,4,1,4,2,3,4,2,2,6,1,2,2,2,1,2,2,3,2,5,1,1,3,7,3,2,3,2,0,3,2,0,3,2,2,0,3,2,3,2,2,4,4,4,3,4,3,2,1,3,3,2,6,1,4,4,6,5,5,3,6,2,1,0,0,4,3,1,5,1,3,2,1,6,3,1,3,4,0,4,6,6,1,3,3,8,6,2,5,0,3,3,3,5,4,0,2,2,3,4,2,2,1,1,3,1,4,2,3,4,2,4,2,1,4,2,5,2,3,2,3,4,5,5,2,3,6,1,2,1,7,2,1,1,1,2,2,3,2,3,3,2,2,2,3,4,2,2,3,2,2,2,3,3,5,3,4,2,1,4,4,1,3,3,5,3,2,4,1,4,1,4,5,3,4,4,4,0,1,2,1,6,3,3,4,1,2,4,2,3,1,2,2,4,0,5,2,1,4,4,1,2,3,5,2,6,0,1,3,3,1,1,4,2,5,5,3,1,5,1,4,5,1,1,5,3,3,2,4,1,6,3,1,4,4,2,2,5,2,0,2,3,3,2,6,5,5,3,2,2,3,2,3,1,1,2,6,5,2,1,4,2,3,2,5,2,2,2,3,1,4,4,2,1,4,4,2,1,4,3,3,4,3,4,2,4,2,3,2,1,4,2,1,1,3,3,3,2,3,5,2,3,6,2,1,2,3,4,3,1,3,1,1,2,4,6,4,7,4,3,4,3,3,3,3,1,4,1,3,3,3,2,1,1,5,5,4,6,1,4,2,2,4,2,1,1,6,3,3,2,4,2,4,2,1,3,3,5,2,3,3,4,2,3,5,5,2,2,5,5,6,2,4,7,6,4,3,2,3,4
44435c8f,0,0,5,2,5,1,0,4,1,4,4,4,0,6,1,4,3,3,2,5,1,0,4,4,4,4,4,2,2,1,1,2,4,5,6,2,4,2,5,4,4,1,2,4,1,5,6,5,2,5,4,4,2,0,3,3,0,2,1,6,1,5,6,2,4,3,1,1,4,6,2,1,3,1,6,1,1,4,1,3,6,3,5,1,2,1,0,3,6,1,5,4,2,5,5,3,5,4,3,0,5,4,3,1,2,1,1,6,4,2,5,8,1,2,6,6,5,6,2,0,2,3,2,2,1,2,3,0,2,2,2,1,2,3,0,4,0,1,3,4,0,6,6,5,5,0,1,4,1,2,2,8,5,2,1,4,0,2,5,4,0,1,4,6,1,0,1,5,1,5,3,1,5,1,1,1,4,2,6,3,3,2,5,1,2,6,2,4,3,3,3,3,2,0,3,5,1,4,2,1,2,1,0,1,4,5,1,2,0,6,1,2,7,1,1,5,5,1,2,1,3,1,4,6,2,7,6,5,1,3,5,6,3,3,1,7,0,3,4,2,2,1,1,1,2,3,4,3,6,2,6,2,2,3,3,2,2,1,0,3,7,2,4,2,2,6,7,0,7,2,7,2,5,1,6,2,1,1,0,3,6,6,4,3,4,1,7,2,2,1,4,2,4,5,1,2,5,5,2,2,1,4,4,6,4,1,0,2,3,1,2,2,4,2,2,2,1,3,3,5,0,1,4,5,1,1,1,6,6,4,0,1,4,7,6,3,2,2,1,8,2,2,3,8,3,2,6,1,2,8,3,1,6,1,0,1,0,7,4,2,3,1,2,2,5,2,3,5,2,5,1,3,6,2,3,1,2,4,4,1,5,2,1,2,3,3,5,1,2,6,2,6,4,3,1,2,4,1,4,3,2,1,2,6,2,2,1,5,3,4,2,4,7,4,4,3,2,1,5,2,3,1,2,9,5,6,2,6,3,2,2,1,2,1,2,1,3,3,5,2,5,2,4,2,1,2,4,1,2,3,2,2,3,1,1,2,2,3,3,3
481f76cf,1,1,1,1,2,2,2,3,1,2,2,2,1,2,3,2,4,2,5,3,1,1,3,4,2,4,2,1,4,4,2,3,2,3,2,3,2,1,3,2,4,2,4,2,2,3,4,3,2,3,4,4,2,0,4,3,3,5,2,4,2,3,2,2,6,4,3,1,4,3,1,3,5,2,3,2,2,3,2,5,3,2,1,3,2,2,0,5,3,3,3,3,2,2,2,5,1,5,6,2,3,4,7,3,5,2,3,2,3,3,4,4,2,3,1,1,0,4,3,0,5,4,3,4,1,3,3,1,1,4,2,1,2,4,1,5,3,1,4,5,2,2,4,3,5,0,2,4,4,3,3,2,6,3,1,5,4,2,5,3,3,4,3,2,4,1,2,4,1,7,2,3,3,2,0,2,5,2,4,6,2,3,4,2,4,3,4,6,3,3,4,5,2,1,3,3,4,5,5,2,2,6,2,3,5,3,5,2,3,2,2,3,3,2,3,2,5,4,6,4,6,3,3,2,4,4,4,4,3,4,4,6,3,3,3,2,7,3,6,3,4,1,2,4,3,6,9,5,3,4,4,2,4,3,2,5,6,2,3,0,4,4,2,3,3,2,3,3,5,2,4,3,4,4,4,4,4,5,3,4,2,1,3,5,3,3,7,3,5,3,8,2,5,3,4,3,4,6,3,5,3,3,4,3,4,3,2,5,5,6,3,1,5,3,4,6,4,4,5,2,2,3,3,4,3,5,3,3,6,6,4,7,6,2,4,7,2,2,3,2,4,2,5,2,4,4,5,4,6,2,3,3,5,5,2,3,4,2,2,7,5,1,2,5,4,4,3,4,4,6,3,3,1,1,6,0,4,4,4,6,6,3,5,2,6,5,4,3,4,3,4,5,3,1,2,4,7,4,3,4,5,2,3,4,1,5,2,3,1,2,3,4,2,5,4,4,3,2,3,3,6,3,6,4,5,5,4,6,4,2,2,2,2,4,3,4,4,4,3,1,5,4,3,1,3,3,5,2,3,5,4,2,3,3,4,4,2,1,1,1
491a433d,1,1,5,3,5,2,1,6,0,6,7,7,1,6,0,7,3,5,2,5,0,1,5,3,6,6,4,0,4,0,0,0,7,7,7,3,5,0,5,6,4,0,0,5,2,5,5,7,3,7,6,5,1,0,5,3,2,0,1,4,0,8,6,2,3,3,1,1,7,4,2,2,2,1,6,0,1,7,0,1,7,0,7,0,4,2,0,3,5,1,5,6,0,2,5,5,5,4,2,1,6,6,4,0,2,0,2,7,6,0,4,6,3,0,7,6,6,7,1,1,1,1,0,1,0,1,2,1,2,2,0,1,0,5,1,1,0,1,1,1,0,6,6,4,5,1,2,6,3,1,0,6,6,0,1,3,2,0,3,3,0,1,1,9,4,0,1,4,0,6,3,1,5,0,0,1,3,0,4,2,2,0,4,1,2,5,1,5,2,2,1,2,0,0,0,8,1,3,2,0,0,2,0,0,6,5,0,0,1,9,0,2,8,0,1,5,3,1,3,3,1,1,6,9,1,4,5,5,3,1,7,6,2,2,0,7,2,2,2,0,1,0,0,3,2,2,5,1,8,1,8,0,1,2,3,2,2,1,7,4,0,2,4,1,2,5,6,1,8,3,4,2,2,1,4,2,1,2,0,5,8,7,5,3,5,1,8,2,2,0,4,4,2,5,1,2,8,3,1,4,1,3,7,9,4,1,0,2,5,2,3,0,7,2,5,1,1,3,2,5,0,1,6,6,2,1,2,4,7,3,1,3,6,9,9,1,3,2,1,7,3,3,4,7,2,1,5,1,1,8,2,0,6,2,0,1,2,8,2,2,6,2,1,2,6,3,3,6,2,3,2,2,8,3,2,0,2,7,7,3,6,2,3,1,5,3,3,1,2,6,3,4,3,2,2,2,4,2,4,2,5,2,1,6,3,1,3,9,3,2,2,6,7,7,3,4,3,2,6,2,4,1,3,8,6,6,2,5,2,3,2,0,2,1,2,3,2,2,4,3,4,2,4,3,2,3,6,2,2,3,2,2,3,3,2,2,5,4,3,3
49dbab27,2,2,0,1,0,3,2,0,2,0,0,0,1,0,5,0,0,1,4,1,4,3,1,2,0,1,1,1,2,4,4,2,0,0,0,0,0,2,0,1,1,4,4,0,3,0,3,0,2,0,1,0,3,0,1,2,3,3,4,1,1,0,0,2,1,0,5,2,1,1,2,3,3,2,1,8,1,1,4,4,0,2,0,3,0,2,2,2,2,5,0,1,2,3,1,2,1,1,3,3,0,0,2,6,4,2,3,0,0,4,1,1,1,2,0,1,1,1,2,1,5,4,5,2,4,3,2,1,3,3,4,1,6,1,2,3,5,5,5,3,5,1,0,1,2,1,1,0,2,1,4,2,0,5,3,1,1,4,1,2,4,3,1,1,3,3,4,1,4,3,3,5,2,4,2,4,4,2,3,5,0,6,3,1,4,2,4,1,2,2,4,3,4,1,4,1,8,3,4,4,4,7,2,4,0,2,7,5,4,2,5,4,0,1,3,1,1,4,4,2,3,3,0,1,3,4,2,2,4,3,0,2,6,2,3,1,6,1,4,2,5,4,4,4,2,5,4,5,1,5,2,5,4,2,5,4,4,6,2,4,2,0,2,2,6,1,3,7,2,3,2,4,4,5,3,5,3,4,5,3,2,1,4,2,1,3,2,4,4,4,2,3,4,2,6,7,4,3,6,3,4,6,3,3,7,4,4,6,7,4,7,4,3,8,5,5,4,7,3,1,2,4,4,4,8,4,7,3,3,5,6,3,4,3,3,5,6,7,4,1,4,3,4,3,6,2,4,6,7,2,6,3,5,4,4,3,3,3,5,4,5,4,3,6,4,6,2,4,3,3,3,3,3,4,6,2,6,3,4,6,3,3,6,4,2,6,5,3,7,2,6,4,3,3,8,5,6,7,4,5,5,6,4,3,4,2,4,3,4,5,4,3,2,3,7,6,6,6,3,4,4,3,4,4,4,4,6,5,5,3,5,3,5,6,2,4,5,5,2,3,6,7,3,5,6,8,3,5,5,5,6,3,4,6,7,6,4,3,4,5
4bcf39f6,3,2,5,5,5,4,3,5,0,6,5,5,2,7,2,4,5,3,4,8,1,3,6,2,5,7,2,0,7,1,1,1,5,6,6,4,5,2,6,4,4,3,3,5,6,7,5,6,4,6,7,3,5,2,3,4,2,6,3,6,1,5,5,5,1,4,7,3,6,4,4,4,3,1,6,3,1,3,2,4,5,3,4,0,2,5,0,2,6,4,4,5,2,4,3,2,5,7,1,3,6,6,2,1,0,2,0,6,4,4,2,5,4,2,6,6,5,4,1,3,1,5,5,2,1,1,4,3,4,3,2,1,3,2,4,3,1,2,4,2,3,6,5,5,3,4,0,5,1,1,1,4,2,2,3,6,2,3,1,6,1,2,1,5,2,1,6,3,1,3,3,0,1,4,0,2,0,0,2,3,2,4,3,2,3,3,0,1,2,1,3,4,4,1,2,3,3,2,3,3,4,2,2,4,5,3,4,1,3,4,2,2,5,1,2,4,5,1,2,2,0,1,5,4,1,4,2,3,1,3,6,2,3,2,3,7,3,3,1,1,4,3,2,1,1,1,0,2,5,1,3,3,2,4,3,3,3,3,4,2,4,2,0,3,1,6,6,1,6,3,6,5,1,1,3,2,3,1,4,1,4,5,2,2,2,3,4,2,1,3,2,1,3,2,2,1,2,3,3,0,1,2,3,4,3,1,1,3,1,1,3,4,4,0,4,3,1,1,2,8,2,3,4,5,2,4,2,2,4,2,1,1,0,5,5,2,1,2,0,6,4,1,1,3,2,2,4,2,3,4,2,3,4,0,3,2,0,4,5,3,0,0,2,2,2,2,4,5,1,1,1,1,5,3,5,3,1,1,2,3,5,1,2,1,2,1,4,1,2,3,2,1,1,1,1,3,1,2,1,3,3,0,1,4,3,1,2,4,2,1,1,1,4,4,3,2,4,1,2,3,1,2,1,4,2,1,3,5,2,2,3,2,3,2,3,2,2,3,1,1,5,1,3,1,3,3,3,1,3,2,3,1,4,1,2,3,2,2,2,3
540ec57b,0,1,2,1,2,3,1,1,2,0,1,0,0,1,3,0,3,2,2,1,3,0,2,1,3,0,2,2,0,3,1,5,0,0,4,3,3,3,1,2,1,1,2,3,1,1,3,0,2,0,0,0,5,3,2,2,3,3,3,2,3,0,2,3,1,2,5,0,0,2,4,2,1,3,1,2,2,0,2,5,0,3,0,3,2,1,2,3,2,6,0,2,1,4,1,2,3,1,1,1,1,1,4,3,4,1,3,1,3,3,1,2,2,1,1,3,1,0,0,2,3,7,6,2,3,2,4,2,1,2,3,6,3,2,2,4,2,4,8,5,4,1,2,1,0,5,4,0,2,2,2,1,2,2,2,3,4,2,2,3,2,4,3,0,1,5,6,2,4,0,1,5,1,5,4,5,2,2,3,2,7,3,0,4,0,1,4,3,2,4,3,1,4,3,3,0,4,0,2,3,4,1,3,1,0,1,1,5,0,0,4,4,2,3,3,1,2,2,1,1,2,3,0,0,5,4,2,0,6,3,0,2,1,1,4,1,2,5,6,1,5,3,2,2,3,6,4,3,0,6,3,8,1,3,3,5,5,3,2,3,1,2,3,0,2,3,1,4,1,2,4,6,4,3,2,7,4,1,4,2,1,1,3,1,2,0,1,6,6,1,5,2,5,0,4,3,1,2,2,3,6,2,0,0,2,5,5,2,1,2,2,6,0,3,2,3,1,4,3,3,2,1,0,2,2,4,2,3,0,2,2,3,4,1,0,4,3,5,3,1,4,3,1,0,2,2,0,3,2,1,3,5,2,4,5,2,5,2,3,5,1,3,2,3,3,2,2,0,5,3,4,4,1,5,2,7,3,1,3,2,4,6,3,2,2,1,4,4,1,3,0,2,4,5,2,4,1,3,5,3,2,2,4,2,3,5,3,0,4,3,6,1,1,0,3,4,3,3,3,3,1,2,3,3,0,1,6,2,5,5,1,2,2,4,3,1,5,5,2,4,3,2,2,3,2,3,1,1,5,4,2,3,4,4,5,3,1,3,5,4
5715bb71,4,4,0,2,0,3,3,0,4,0,0,0,3,0,5,0,0,2,3,1,3,3,1,2,1,1,3,4,1,4,5,4,0,0,0,1,0,3,0,2,1,6,3,0,3,0,2,0,2,0,1,0,4,2,2,1,4,3,4,1,4,0,0,2,2,0,2,3,1,1,1,3,3,3,1,5,4,1,1,5,0,3,1,2,2,3,2,3,2,3,1,1,4,2,2,2,0,1,5,6,0,0,1,5,4,4,0,0,0,6,2,1,1,4,0,1,2,1,6,3,6,4,5,5,0,5,4,6,1,3,5,5,2,2,4,3,3,2,4,1,3,1,1,1,2,3,3,0,1,5,2,2,0,4,6,1,3,6,1,0,5,2,3,1,1,3,2,2,2,3,3,1,4,1,6,4,6,2,3,2,2,4,4,4,3,3,2,2,4,2,2,3,5,3,5,1,4,5,2,4,3,5,7,2,0,1,2,5,1,2,4,4,0,4,1,1,1,8,5,5,3,1,0,1,1,2,2,3,3,5,0,2,8,2,7,1,3,1,3,4,2,4,6,6,4,4,3,2,1,4,3,4,6,4,6,3,2,4,2,3,2,6,1,2,0,2,3,4,2,1,3,0,5,9,4,2,5,8,2,2,2,1,2,3,2,3,2,3,2,3,1,7,2,3,2,3,3,4,8,4,5,3,3,3,3,2,1,2,4,7,3,5,3,4,5,5,8,3,4,1,4,6,6,3,5,2,2,4,3,6,2,4,4,3,3,5,4,3,5,1,5,3,6,4,7,4,5,2,4,1,7,3,5,7,1,2,2,3,5,3,3,9,7,4,3,5,2,3,1,3,1,5,3,2,3,5,4,4,4,3,3,3,5,6,1,5,6,1,6,2,8,5,5,6,5,3,4,5,2,5,3,2,3,2,6,2,5,3,4,4,5,4,2,3,4,4,6,2,2,4,6,8,4,4,4,5,4,4,4,6,6,6,2,3,2,2,4,3,4,3,6,3,2,4,4,4,4,2,5,5,3,3,2,3,4,3,2,3,4,3
57469b2d,0,0,4,1,4,0,1,3,1,4,5,5,0,6,3,4,3,2,2,5,2,1,5,5,6,4,2,1,2,1,2,3,5,5,6,2,5,2,5,4,4,3,3,5,3,5,6,5,2,5,4,3,4,2,3,2,1,5,2,6,2,6,6,1,5,2,3,0,5,5,3,1,3,2,5,3,3,4,1,6,4,4,5,1,2,3,0,3,7,2,3,5,2,4,5,2,3,4,3,1,4,4,2,1,2,2,2,7,4,4,6,6,2,2,7,6,7,7,3,2,2,5,5,3,1,3,7,2,2,2,3,2,1,2,2,3,0,2,4,2,1,4,4,3,4,3,2,3,3,4,1,6,2,1,2,3,2,3,2,5,0,2,3,6,1,1,4,8,0,4,3,0,4,3,1,5,3,1,4,2,4,4,3,2,3,8,1,3,3,2,3,4,4,1,3,4,1,4,2,3,4,1,2,2,4,4,2,3,0,5,1,4,6,2,1,3,5,2,2,2,2,0,4,5,0,4,5,3,2,5,5,4,3,2,4,6,0,2,2,1,3,4,2,1,2,2,3,2,4,2,6,4,4,5,2,1,1,1,6,2,5,1,6,3,2,0,6,0,3,3,8,3,4,2,7,1,2,2,2,1,4,5,3,3,1,2,5,4,1,2,3,1,3,3,1,1,5,5,3,2,1,2,2,4,1,1,1,2,3,2,2,5,2,1,0,2,2,1,2,6,2,2,2,4,0,2,0,4,5,4,0,2,2,6,4,2,1,1,2,5,2,2,2,6,2,2,3,2,2,4,2,2,5,2,2,1,1,6,5,1,3,1,3,3,3,2,4,2,1,4,2,2,5,5,3,4,1,5,2,0,3,1,0,2,2,3,6,1,2,4,2,5,3,2,0,1,2,0,2,2,2,0,2,5,2,1,0,4,2,2,1,5,5,2,3,2,2,0,4,1,3,3,0,6,3,5,1,5,1,2,2,2,1,2,2,0,1,1,4,2,4,1,3,1,1,1,3,0,2,2,1,1,2,0,0,1,2,3,2,2
5dbefa9d,0,0,4,3,5,1,0,4,1,7,3,4,0,7,2,3,4,2,3,6,1,0,4,3,3,5,2,1,4,1,1,2,6,6,4,3,4,1,6,3,5,2,1,4,2,6,4,6,3,6,5,4,3,0,3,4,0,4,0,7,1,5,4,1,3,3,2,0,4,6,3,1,2,1,6,1,2,3,1,2,5,3,4,1,1,1,0,3,5,0,4,4,1,4,4,2,3,5,1,0,5,5,1,1,1,1,0,6,2,1,4,7,2,1,6,4,7,6,1,0,1,2,2,2,0,2,3,0,2,1,2,0,1,2,1,2,0,0,2,3,0,6,4,4,5,1,1,4,2,1,2,7,2,1,0,3,1,2,2,6,0,2,2,6,0,1,2,5,0,6,3,0,4,1,0,1,3,1,5,2,1,1,3,0,2,5,1,3,2,2,2,3,2,0,2,4,2,2,1,1,2,2,1,2,5,4,3,1,1,5,0,3,5,1,3,4,6,2,2,0,1,1,4,5,0,6,5,5,1,1,6,4,4,3,2,8,2,3,3,1,4,1,1,2,1,3,3,2,6,3,5,2,2,1,3,2,3,2,7,3,6,3,6,1,3,6,0,1,5,3,4,2,3,2,5,2,3,2,1,4,4,5,4,2,2,1,7,1,2,2,4,2,3,4,0,3,5,4,2,2,2,4,4,6,3,2,0,4,4,2,3,2,5,3,3,4,2,3,3,5,0,2,4,6,2,4,3,5,8,4,1,1,3,7,7,3,3,3,2,7,2,3,2,6,3,1,5,3,4,5,4,0,6,2,0,2,1,7,4,3,3,2,2,3,4,4,6,4,2,4,2,3,8,2,5,1,3,4,4,3,4,2,2,1,3,3,4,2,4,5,3,5,3,3,2,3,3,2,4,3,3,2,3,7,3,2,3,5,4,4,3,4,5,5,6,3,3,2,4,4,3,2,2,8,5,5,3,7,3,3,3,1,4,3,4,3,3,3,4,3,7,3,5,3,3,3,3,3,3,3,3,3,5,2,2,4,3,4,4,4
616c09f5,2,1,1,3,0,2,1,1,2,0,0,0,0,0,2,0,1,3,2,0,3,2,0,1,0,0,2,1,1,2,2,2,1,0,1,1,1,2,0,2,0,2,2,2,1,1,1,0,3,0,0,0,4,1,3,2,6,1,3,2,2,1,0,1,1,0,4,1,1,0,2,2,2,4,2,5,1,1,2,2,0,3,0,4,2,1,3,4,0,5,0,1,0,2,1,3,1,1,3,4,1,2,3,4,5,0,3,1,1,3,0,0,2,1,0,2,0,1,1,2,3,2,3,1,4,4,2,1,3,4,5,3,4,3,1,2,4,5,3,4,5,0,0,1,1,2,1,1,3,3,3,0,1,4,2,0,3,3,1,4,4,5,2,0,2,4,3,1,6,3,3,7,1,4,3,3,3,3,1,4,1,3,2,2,2,2,5,1,1,3,2,2,2,4,3,0,8,3,4,2,2,7,4,3,1,1,5,4,3,1,4,4,1,2,5,0,2,3,3,3,3,4,1,0,7,2,0,1,5,1,1,2,4,2,2,0,7,4,4,1,5,4,2,2,4,6,4,3,0,6,1,5,2,1,3,5,5,4,0,3,1,7,1,4,4,0,1,0,0,5,0,5,3,4,2,8,2,4,3,2,2,0,4,0,2,4,2,3,5,1,4,4,5,1,5,6,3,2,3,4,6,5,2,2,4,7,7,6,5,4,4,4,2,6,4,3,3,6,2,1,2,5,3,3,6,5,6,2,1,2,6,4,4,2,2,4,6,7,5,0,4,3,3,1,3,1,2,5,5,1,3,3,2,6,4,3,5,3,2,5,4,5,0,5,5,5,3,2,6,4,5,3,2,4,4,3,6,2,3,5,3,5,5,5,4,2,2,5,3,2,4,2,5,4,6,3,3,6,4,4,4,5,5,2,5,4,4,2,4,4,5,1,1,2,5,3,4,6,2,2,2,2,2,2,2,2,5,2,3,4,3,1,4,5,4,4,3,4,2,3,3,6,3,5,5,6,1,4,4,4,4,3,4,6,6,4,4,3,5,6
6cbf8d0d,2,2,5,4,5,3,2,7,0,6,6,6,2,6,1,6,4,5,3,7,0,2,5,3,4,8,4,0,6,1,1,0,5,7,6,4,4,0,5,5,5,1,1,4,4,6,5,7,2,7,8,5,1,0,4,4,2,2,2,5,0,6,5,3,2,4,3,3,7,4,2,4,3,0,6,1,1,5,1,2,8,0,5,0,3,3,0,3,5,2,6,5,2,1,4,4,5,6,3,2,8,7,5,1,2,1,1,5,6,1,3,6,4,1,5,6,4,5,2,1,3,2,1,2,1,0,2,2,4,4,0,1,2,4,2,2,1,1,2,3,1,7,7,6,5,1,1,7,1,1,2,5,5,2,3,6,2,1,4,3,1,0,1,7,4,0,2,2,1,5,2,1,3,1,1,0,2,0,3,3,2,1,6,1,3,3,2,5,2,2,2,3,1,0,1,6,1,4,3,1,1,2,1,2,6,6,2,1,3,7,2,0,6,0,1,5,4,1,3,4,1,2,6,7,1,5,3,6,1,2,7,5,2,1,1,7,3,3,1,1,1,0,1,3,1,1,3,2,8,0,5,0,2,3,3,2,3,2,7,5,8,2,6,1,2,3,5,0,0,1,5,3,3,1,2,1,2,2,2,4,8,6,2,4,5,2,7,1,1,2,3,3,2,5,2,1,5,3,2,3,0,1,6,7,4,0,0,2,2,2,2,0,7,1,5,2,1,2,2,6,1,1,6,6,2,2,2,3,6,3,1,3,4,6,8,1,1,1,0,8,3,1,4,6,2,2,8,1,2,8,2,1,5,1,1,1,0,5,3,3,3,1,2,1,5,3,2,9,1,1,0,1,5,1,3,0,1,4,5,4,6,1,3,2,5,3,4,0,3,5,3,2,2,1,2,2,4,2,2,2,4,1,0,5,2,0,3,7,2,1,1,4,6,7,2,3,3,1,4,3,4,1,3,6,5,4,2,6,2,2,2,1,2,1,2,3,2,2,2,1,5,1,4,2,3,3,6,2,2,3,2,1,3,2,2,3,3,2,2,2
6d0fe035,1,0,3,2,1,1,1,2,1,1,2,2,0,2,0,2,2,1,1,2,2,2,3,1,2,1,0,1,1,0,1,2,3,1,4,1,4,2,1,0,0,1,1,4,1,3,4,1,2,1,1,1,2,2,1,2,3,2,2,4,2,3,2,1,1,1,3,1,3,1,2,2,3,2,3,2,1,1,3,1,1,4,2,3,2,1,3,2,3,2,0,0,0,2,3,1,3,2,1,2,2,3,2,1,1,0,3,4,3,1,1,2,2,1,3,4,3,3,0,2,1,2,2,1,3,2,1,1,2,2,4,1,4,1,0,3,3,4,2,4,2,2,0,1,0,1,0,2,4,2,2,2,1,3,0,1,2,2,1,4,2,2,3,2,3,3,2,4,3,2,3,3,1,1,2,2,2,2,1,2,4,1,0,1,2,4,4,0,3,3,3,3,1,2,3,1,5,1,3,0,2,4,1,5,1,1,3,1,2,2,2,5,4,2,6,1,3,2,3,1,1,4,2,2,3,2,2,0,4,0,2,1,3,2,1,2,4,6,4,1,6,2,0,2,3,5,2,3,2,6,4,3,1,2,3,4,4,3,2,2,3,3,3,2,1,3,3,5,1,0,2,2,2,2,2,6,2,2,2,4,3,3,6,1,1,4,3,2,5,1,3,2,4,0,3,5,4,5,1,2,5,5,1,2,3,5,3,4,4,2,7,3,1,3,3,4,2,4,3,2,2,5,1,3,3,4,6,1,1,2,3,3,1,4,2,3,4,6,3,3,4,7,2,2,2,1,0,4,4,1,2,2,4,3,2,7,5,4,3,4,3,3,1,5,3,4,6,2,5,4,8,4,4,1,4,3,3,4,1,4,4,6,4,2,6,1,2,7,3,5,2,2,3,3,2,5,3,3,3,3,3,4,7,5,5,5,3,3,7,4,4,3,2,1,4,5,3,6,5,5,2,2,3,3,1,2,4,4,3,4,4,0,8,4,8,6,2,4,4,7,3,5,7,6,3,3,3,5,4,4,6,6,4,6,3,4,8,8,7,8
6db116ec,1,1,4,1,3,1,2,3,1,2,4,3,1,4,3,3,2,2,2,5,2,2,4,3,4,4,1,2,2,2,3,3,2,3,6,1,3,3,3,3,3,3,5,3,4,4,7,3,0,3,4,2,3,2,1,2,1,5,4,5,2,3,4,3,4,2,4,1,4,4,2,3,5,1,4,4,2,2,2,7,3,4,3,1,1,4,0,2,7,4,2,3,3,4,4,1,3,4,5,2,3,3,4,2,2,3,1,4,3,6,5,6,2,4,4,5,4,4,4,2,3,7,6,4,1,2,6,3,2,3,3,3,2,1,2,6,1,3,6,3,2,4,4,3,3,2,1,3,0,4,1,5,3,2,3,4,1,4,3,3,1,0,5,3,2,0,4,5,0,3,2,1,2,4,1,4,4,2,3,4,4,6,4,3,4,6,1,3,5,2,5,5,5,1,5,2,2,6,3,4,5,2,2,3,2,3,2,3,1,3,2,3,5,2,1,3,4,3,4,3,3,1,3,3,2,4,3,3,2,7,3,4,4,1,4,4,1,3,4,3,3,4,3,2,2,3,3,4,3,2,5,4,4,7,4,3,3,1,7,4,4,2,6,4,3,8,4,0,5,2,0,4,4,3,7,2,3,3,3,1,3,4,2,4,2,3,5,4,2,3,3,2,4,3,3,1,3,7,4,2,1,2,2,3,4,1,1,2,1,3,2,5,2,1,1,3,3,2,4,6,3,3,3,4,1,2,0,3,3,5,1,3,2,4,3,4,0,1,2,4,4,1,4,4,4,4,4,2,3,4,3,4,5,2,3,2,0,4,6,3,1,1,4,3,4,2,2,3,2,4,1,3,3,3,4,4,1,3,1,1,5,2,1,2,3,4,7,1,3,5,3,5,4,3,1,2,4,1,2,4,2,0,2,4,2,2,0,3,2,3,1,4,3,2,2,3,3,0,4,2,4,4,2,6,3,5,2,6,3,2,3,3,1,2,2,0,3,3,4,1,5,1,3,1,2,2,5,0,3,3,2,1,2,0,1,2,1,2,2,2
70f8e0bd,1,0,2,4,2,1,1,3,1,2,2,1,0,2,2,1,2,2,1,2,3,1,0,2,2,2,0,1,3,1,0,1,1,2,4,2,1,3,2,2,2,1,3,2,5,2,2,2,1,2,2,2,4,3,0,4,2,3,4,3,2,1,2,2,0,1,5,1,1,2,4,3,1,2,2,4,1,1,2,2,2,2,1,2,1,3,1,1,2,6,2,2,1,2,2,0,3,2,0,1,3,3,3,1,2,1,4,1,2,3,0,3,4,1,1,3,1,1,0,3,1,4,3,0,5,1,4,1,6,3,2,4,3,0,1,2,2,6,4,4,4,2,4,2,2,3,0,2,1,2,4,1,1,1,1,2,1,1,1,5,1,3,2,1,2,2,3,0,4,2,3,6,0,5,1,5,1,2,0,5,3,5,1,2,3,1,2,3,0,2,3,1,2,3,0,1,4,1,1,3,2,2,1,3,2,2,5,4,3,1,2,2,2,2,4,1,3,0,2,0,1,5,1,1,6,5,0,2,6,2,2,2,1,1,1,2,4,4,4,0,5,5,1,0,2,3,2,3,2,2,1,4,1,2,0,4,4,2,2,3,2,4,5,6,0,3,2,5,3,2,4,0,1,0,2,5,1,0,6,2,2,1,3,0,1,1,3,7,4,3,4,1,5,1,5,4,2,0,2,2,2,2,1,1,6,3,5,7,2,0,3,4,2,4,1,3,0,5,1,4,2,1,1,3,4,3,6,0,2,0,4,1,2,1,2,1,3,5,2,2,2,1,0,1,1,2,2,6,3,3,0,4,0,1,5,0,3,2,3,4,1,1,1,1,4,3,1,1,4,1,2,1,1,7,5,3,4,0,0,4,1,2,2,2,3,2,1,2,3,3,1,0,2,2,3,2,1,3,3,2,4,4,1,3,2,2,2,1,1,1,3,1,1,2,3,3,1,4,4,1,0,1,1,2,1,0,3,3,3,1,1,1,4,6,2,3,3,3,0,1,3,4,2,2,4,6,0,4,2,1,2,1,5,3,4,4,2,1,2,3
7b9a9e25,0,1,3,1,2,2,2,2,3,0,1,1,0,2,4,1,5,3,4,2,3,1,3,4,2,1,4,2,1,3,3,7,0,1,3,3,4,2,3,2,2,3,4,3,1,2,3,1,2,1,1,2,4,1,3,2,5,5,2,4,2,1,4,1,5,4,2,1,1,3,2,1,3,3,3,4,3,3,1,8,2,4,1,2,3,2,2,5,3,1,3,3,2,4,3,5,2,3,5,2,3,2,2,3,6,1,3,2,4,4,4,3,2,1,2,5,3,2,3,2,6,5,6,2,2,4,6,1,3,4,6,3,3,3,1,4,1,3,3,4,1,3,3,5,4,2,3,1,1,4,3,4,3,3,4,5,5,4,6,1,2,3,4,2,0,2,2,5,3,4,4,2,4,0,5,5,8,2,7,2,5,4,4,5,2,5,4,5,3,5,2,3,4,2,4,3,3,4,4,2,3,2,2,2,2,3,1,7,0,3,3,6,2,2,2,4,5,3,2,3,5,1,1,2,2,4,6,3,1,5,1,4,5,2,3,3,2,2,4,1,3,4,3,4,3,5,5,2,2,4,5,5,4,4,4,1,1,2,5,4,2,4,1,4,5,4,3,3,3,2,4,1,0,4,6,3,4,3,0,1,5,3,3,5,4,1,2,2,4,1,4,4,5,3,1,3,3,5,6,7,4,4,4,3,1,3,2,2,4,4,2,6,4,4,3,2,3,3,2,3,1,3,3,4,2,1,2,6,4,8,0,5,4,4,3,5,2,4,4,4,3,4,5,5,5,1,5,2,3,3,5,1,6,6,0,1,2,4,5,2,4,5,3,3,4,5,1,4,2,4,2,7,3,1,2,5,4,5,5,2,4,3,3,6,2,5,8,2,3,4,4,8,7,5,3,3,4,3,2,6,2,2,4,3,5,4,3,3,4,5,5,4,6,4,4,2,6,2,4,2,5,2,3,5,5,6,4,4,3,6,4,2,3,2,2,3,3,3,5,3,4,4,4,3,2,2,4,2,5,5,3,4,2,3,3,2,2,3,4,4
7ba2eaa9,3,4,0,1,1,4,3,0,4,0,0,0,3,0,5,0,0,1,3,1,3,3,1,2,1,1,2,4,1,4,5,4,1,0,0,2,0,4,0,1,2,6,3,2,3,1,2,0,3,0,1,0,3,2,2,2,4,3,4,2,5,1,0,3,3,0,3,3,2,2,1,4,4,4,2,5,4,1,1,5,0,5,1,4,1,3,2,3,2,3,1,1,4,3,2,3,1,2,5,6,0,1,2,6,3,4,0,1,0,5,2,1,2,5,0,1,1,2,5,3,7,5,6,7,0,5,4,5,1,4,6,5,2,2,4,5,4,2,5,3,3,0,1,1,2,4,4,1,2,5,2,1,1,6,6,1,4,5,1,1,6,3,4,0,2,4,3,3,2,4,3,2,2,2,7,4,5,4,2,3,3,4,3,4,4,4,4,1,5,0,3,4,5,4,7,0,5,5,3,4,3,5,7,3,1,0,3,5,2,1,5,5,1,5,2,0,2,10,6,5,4,2,1,0,1,2,1,1,3,5,1,3,6,3,9,0,4,2,4,6,3,4,6,5,4,5,4,3,0,6,2,5,7,4,6,5,4,4,1,4,1,5,1,3,9,2,2,4,1,2,3,0,4,0,4,4,6,8,2,2,1,0,1,2,0,3,3,3,3,3,2,5,3,1,3,3,2,5,7,3,7,2,2,2,2,4,2,3,3,7,2,6,2,3,3,6,9,3,6,1,5,6,4,2,4,4,1,2,2,5,3,5,2,2,2,6,3,2,7,0,7,2,4,3,7,5,3,2,5,0,7,3,4,7,2,4,4,2,4,4,2,7,6,6,2,5,3,2,2,3,3,4,2,2,4,6,2,3,4,2,4,5,3,5,2,4,5,3,5,1,6,4,3,6,4,3,3,4,2,4,2,1,5,1,4,3,5,2,3,4,4,4,1,2,4,3,5,2,1,4,4,7,3,3,3,4,4,3,3,4,5,6,1,3,3,1,3,3,2,3,5,2,1,3,4,3,3,1,5,3,2,2,2,3,4,2,1,2,3,2
87941696,0,0,3,1,4,0,1,2,1,2,3,2,0,4,2,2,3,2,2,3,1,1,2,4,3,2,2,2,2,1,2,4,2,3,4,1,2,2,5,4,3,2,4,3,3,3,4,3,1,3,2,4,2,1,2,2,2,5,2,4,1,3,6,2,6,3,3,0,2,5,2,1,3,2,5,3,2,5,1,7,3,4,3,1,1,4,0,2,5,1,4,5,2,6,3,4,2,4,5,1,2,2,1,2,3,1,1,4,2,5,5,5,2,2,4,5,4,4,3,1,3,4,5,3,1,3,6,2,2,3,4,1,1,2,0,4,0,2,3,2,1,3,5,5,6,1,2,2,2,3,1,5,4,1,3,4,2,3,4,3,1,2,4,3,0,0,2,5,0,7,4,0,3,2,2,4,7,2,5,3,3,5,4,4,3,7,1,4,5,2,2,3,4,1,5,4,3,6,4,2,3,3,1,2,4,2,1,4,0,4,2,5,4,1,2,4,5,4,3,2,5,0,2,3,1,4,5,3,2,6,3,5,5,2,2,4,3,1,4,2,4,4,2,3,2,4,5,2,3,3,5,4,3,5,5,2,2,0,6,4,4,3,3,2,4,7,5,2,2,2,7,2,6,4,0,2,4,4,1,2,3,3,4,4,2,2,5,2,2,1,5,4,4,3,0,2,5,6,4,5,3,6,5,5,3,3,0,3,5,4,2,5,5,2,1,3,4,2,3,5,1,4,4,5,2,2,1,4,6,7,1,4,3,6,5,6,2,2,3,4,3,3,5,5,5,1,4,3,4,3,4,3,5,4,1,2,1,6,4,3,5,3,2,4,5,4,3,2,2,6,2,6,5,4,4,4,2,5,4,2,3,2,1,3,2,4,5,2,3,4,4,9,6,5,2,2,5,2,3,6,3,1,3,5,3,4,2,4,2,5,3,5,6,5,5,2,4,1,4,2,4,4,3,6,6,7,2,5,3,3,4,2,2,3,2,2,3,3,6,2,5,3,3,1,2,2,4,1,3,3,3,3,3,1,1,2,1,2,2,2
8ca9415f,1,1,2,2,2,3,1,1,2,0,0,0,0,1,1,0,2,2,2,1,3,2,1,1,0,0,1,1,1,2,2,3,1,0,3,2,2,3,1,1,1,2,1,4,1,2,3,0,3,0,0,0,3,1,2,3,4,2,3,3,2,1,1,2,1,1,5,1,1,2,3,4,2,4,2,3,1,0,3,2,0,5,0,5,1,1,3,3,1,6,0,1,0,3,1,2,4,2,1,3,1,2,4,4,3,0,2,2,1,1,0,2,3,1,1,2,1,1,0,2,2,5,4,2,3,3,2,0,2,4,5,4,5,2,1,5,4,5,6,7,5,1,1,1,0,3,2,1,3,2,3,1,2,5,1,1,3,3,1,5,3,5,4,0,3,5,5,2,6,2,2,7,0,4,3,1,2,3,2,4,4,1,0,1,2,2,6,2,3,3,4,2,2,3,4,0,8,1,4,1,3,5,3,4,1,1,4,2,2,0,4,5,3,2,6,1,3,3,4,2,2,4,1,0,6,5,1,0,6,0,1,3,3,2,3,1,6,6,6,2,7,2,1,1,4,8,5,5,0,8,3,6,2,0,4,8,8,5,2,4,2,5,2,7,2,1,2,8,1,6,2,5,3,4,2,0,3,2,2,4,1,1,6,0,1,3,3,3,7,1,6,2,7,0,5,6,2,3,2,3,7,5,1,1,4,8,6,5,4,2,5,5,1,5,3,4,2,7,5,1,1,4,1,3,5,7,5,2,1,2,5,4,4,2,1,4,6,8,5,1,7,4,1,0,3,2,0,4,5,1,4,3,2,4,4,5,5,3,3,7,3,3,0,6,4,5,4,1,8,4,7,3,2,2,5,4,4,1,3,5,5,8,4,3,5,1,2,7,2,4,2,2,4,5,4,5,3,6,7,4,4,4,7,3,5,5,4,1,5,5,6,2,1,1,6,5,4,6,4,4,1,1,2,4,1,1,7,3,4,4,3,0,5,4,5,4,4,6,2,5,3,5,4,4,5,5,1,3,6,4,5,4,6,7,6,5,4,4,6,7
90bbd822,1,1,2,1,3,3,3,2,0,1,0,1,1,2,4,0,4,1,2,3,1,2,3,0,1,3,2,1,3,2,3,4,0,2,1,3,3,2,2,0,2,3,3,2,3,2,2,2,1,1,2,2,1,0,1,3,3,5,2,2,1,0,1,3,2,4,5,2,1,4,2,4,3,2,3,3,2,2,2,5,2,3,1,1,2,2,0,1,2,1,2,0,1,4,1,2,2,3,4,2,2,1,2,3,2,2,1,1,1,4,2,3,4,1,2,2,2,0,2,2,5,5,6,4,0,2,1,3,3,2,3,2,3,1,1,5,1,1,4,3,1,2,1,4,3,1,6,1,1,1,2,1,1,2,3,4,3,4,2,2,2,1,2,0,1,2,3,3,1,3,2,0,1,2,5,4,4,1,2,1,5,4,3,5,2,3,1,3,6,2,2,3,3,1,6,0,4,3,3,1,2,3,3,4,1,1,2,4,2,1,3,7,1,1,3,1,2,6,3,2,2,3,0,0,1,3,2,1,2,4,1,0,5,1,4,2,4,3,4,2,4,2,3,6,2,3,2,2,1,4,4,4,2,4,7,4,5,2,1,4,1,3,3,4,5,2,3,2,2,2,3,1,4,6,4,3,0,5,3,3,1,1,2,3,1,2,2,1,3,3,4,4,1,0,1,2,2,5,3,4,5,3,2,2,2,4,0,2,2,6,3,4,3,1,3,5,5,2,4,3,3,5,3,4,3,5,2,2,2,6,2,4,3,3,3,6,1,2,3,2,5,4,5,1,6,1,3,2,5,0,5,2,5,5,2,4,5,3,3,5,3,4,3,5,2,5,5,3,2,3,3,6,3,2,4,5,2,4,4,3,4,5,3,3,3,4,5,3,5,3,4,5,5,6,3,5,2,2,3,6,2,2,3,3,3,5,5,2,4,4,3,3,2,3,5,4,6,2,3,7,4,4,4,2,2,4,5,4,5,5,5,4,3,3,5,3,5,5,4,5,6,1,4,3,5,2,4,3,6,4,3,4,4,2,4,4,2,4,3,2
919dd4b1,4,2,0,1,0,1,3,1,2,1,1,1,3,0,4,1,0,2,3,1,1,2,1,1,0,2,1,3,2,2,3,3,2,1,0,0,0,2,0,2,2,4,3,1,2,1,2,1,1,1,2,1,2,2,3,2,5,3,3,2,5,2,0,1,4,0,2,3,3,1,1,2,5,2,2,4,5,2,1,4,1,4,0,2,1,2,0,4,2,1,0,1,4,2,1,3,0,2,7,5,1,2,4,3,4,4,0,1,1,5,3,1,2,4,0,1,1,3,6,3,7,3,4,7,0,4,2,6,1,4,5,3,1,3,2,4,2,1,3,2,1,0,0,1,3,1,3,2,3,6,1,1,2,3,4,1,4,5,2,1,4,1,4,1,3,1,1,3,0,5,2,1,2,1,4,4,4,3,1,3,2,4,5,3,5,4,3,2,4,2,3,5,4,4,6,1,4,7,3,3,2,8,6,3,2,1,3,4,2,2,2,4,1,5,2,0,2,8,8,6,3,2,2,1,2,1,1,3,2,4,2,3,8,2,6,0,5,2,4,4,2,5,4,7,3,4,4,3,1,4,2,3,5,3,5,5,3,1,1,5,2,4,1,1,8,2,2,4,2,2,3,0,3,8,4,2,5,0,2,2,2,0,1,3,2,5,4,3,2,2,2,7,2,3,2,2,3,5,5,4,5,2,3,3,2,3,1,3,4,10,2,4,3,2,4,6,9,2,6,1,6,8,4,2,3,3,1,2,3,6,3,5,3,2,3,6,1,1,5,0,5,2,6,2,5,5,5,2,5,0,5,2,4,8,1,3,3,2,3,4,3,6,6,5,3,5,3,3,2,4,2,4,2,2,4,4,4,4,3,3,3,3,4,6,3,5,4,2,5,1,9,4,4,5,3,2,4,2,1,4,3,1,3,1,4,3,3,3,2,3,3,4,1,3,3,3,4,1,1,3,7,8,4,2,4,5,2,3,3,4,6,6,1,3,3,2,3,2,3,2,5,2,1,2,3,2,4,1,3,3,2,2,1,2,2,2,2,2,2,1
970b8574,1,1,0,1,1,1,2,1,0,1,1,0,1,1,4,0,1,0,1,2,4,2,1,1,2,2,0,1,2,3,3,2,0,1,1,1,0,1,1,1,1,1,3,0,4,1,3,1,0,1,2,2,2,4,0,1,0,3,4,1,2,0,2,2,0,1,6,1,1,1,3,3,1,0,1,5,1,0,5,3,1,0,1,3,0,2,2,0,3,5,1,1,2,1,0,0,0,2,1,1,1,1,2,3,1,2,5,0,1,3,0,1,1,3,0,1,0,0,1,1,3,3,3,2,7,0,2,3,4,2,0,2,6,0,2,1,6,5,6,3,5,1,2,1,1,2,1,1,4,1,5,0,0,2,2,3,1,1,0,2,3,1,0,0,3,4,5,0,3,1,0,4,0,6,2,5,0,2,0,3,3,5,1,2,2,0,2,1,2,3,4,1,3,1,3,0,4,1,3,4,4,3,2,5,1,1,6,4,6,0,5,0,0,2,4,0,1,2,1,1,1,5,0,0,2,2,0,1,5,3,1,0,1,0,3,1,4,3,3,1,4,3,2,3,1,3,1,4,1,3,0,5,2,4,3,2,4,4,0,3,0,5,4,4,2,2,1,3,2,2,3,6,0,2,1,2,3,2,0,3,0,0,1,2,0,3,1,6,3,6,2,1,1,0,7,3,2,1,2,0,3,3,0,0,5,2,5,5,2,2,5,2,1,5,1,5,2,3,1,3,6,2,1,2,4,4,6,0,1,1,6,1,1,0,1,3,2,3,2,1,1,2,2,0,1,2,2,6,5,1,1,6,1,1,6,3,3,0,2,5,2,2,3,3,1,2,3,3,2,1,3,2,0,6,5,4,3,1,0,4,1,2,3,0,2,4,2,3,6,0,1,0,0,1,4,3,3,4,2,1,3,4,1,3,0,2,3,0,2,1,2,0,0,1,3,6,1,4,1,4,1,3,4,0,0,0,2,3,4,1,2,3,4,7,3,2,5,2,1,2,4,3,2,3,5,4,1,4,1,3,4,2,2,3,3,5,1,2,2,1
9b6f7fd5,0,1,0,1,3,1,0,2,1,3,1,1,1,2,0,1,1,1,1,1,2,1,0,0,1,2,1,0,2,1,2,0,2,3,1,2,0,1,2,2,3,0,0,1,1,1,2,3,1,3,2,4,0,2,2,3,1,1,2,1,0,2,1,1,2,1,3,0,1,3,0,4,1,1,2,1,1,2,3,0,3,1,1,3,0,0,3,1,0,2,2,2,1,2,0,2,2,1,1,0,2,2,2,3,1,1,1,1,1,0,2,3,3,1,1,0,2,2,0,0,1,2,1,2,3,1,0,0,1,1,0,1,2,2,1,2,3,3,3,5,1,2,3,1,3,2,3,2,4,0,3,2,3,2,1,1,1,0,1,2,2,1,2,3,4,3,3,1,1,4,0,3,2,3,2,0,2,2,2,1,3,0,1,0,1,1,4,5,3,2,3,1,1,1,2,3,2,1,1,1,2,3,0,3,3,2,2,0,3,3,4,2,2,0,5,1,1,2,3,1,0,4,1,3,1,5,2,3,3,0,3,3,2,1,1,3,4,4,2,2,4,0,1,4,3,3,4,3,4,3,4,2,0,1,4,3,6,4,3,4,5,3,1,2,2,1,4,2,4,4,1,2,1,2,2,4,3,2,3,0,2,1,6,3,2,3,5,1,4,3,4,3,1,2,4,4,5,1,1,3,3,5,3,4,4,4,2,2,5,2,4,1,4,4,3,2,1,5,4,1,1,2,2,3,3,5,5,2,5,2,3,2,5,3,5,1,4,3,3,3,3,4,4,2,3,2,3,4,4,3,4,1,2,2,3,6,2,3,1,4,5,3,1,4,3,6,5,4,4,2,5,3,3,1,2,2,2,5,5,5,2,5,4,1,6,2,1,5,4,4,3,3,2,3,4,4,4,3,7,2,3,4,5,5,2,1,5,3,4,5,2,4,2,4,6,5,2,5,4,6,3,1,4,4,3,4,3,3,2,2,3,0,6,3,4,6,2,3,4,5,3,3,5,4,5,2,3,6,3,3,4,4,4,6,3,5,5,4,4,4
be719093,1,1,6,4,4,2,1,7,1,5,7,7,1,5,0,7,4,6,2,5,1,1,5,4,5,6,4,1,4,0,0,1,6,6,7,4,6,1,4,5,4,0,0,6,2,5,4,6,2,6,6,4,2,1,4,4,4,0,0,5,1,7,6,2,2,3,2,2,7,3,3,1,2,0,6,1,2,7,0,2,7,1,6,1,5,2,1,4,5,0,5,5,1,2,6,5,5,4,3,1,8,7,3,1,4,0,3,6,8,1,3,4,4,0,6,9,5,6,1,2,3,0,1,1,2,0,3,1,4,3,2,1,1,4,1,0,0,1,0,2,0,6,5,6,5,2,1,6,2,2,2,5,4,1,3,4,3,0,5,2,1,0,1,8,3,1,1,3,2,5,5,1,4,0,3,3,4,1,3,1,3,1,6,3,2,5,3,3,1,3,0,2,1,2,1,7,1,4,3,0,0,2,0,0,5,6,0,3,1,9,2,3,6,1,1,5,4,1,1,3,2,1,6,8,1,3,4,5,2,2,6,4,2,1,0,6,2,2,1,0,1,2,1,3,0,1,2,0,7,1,5,2,1,3,3,0,0,1,6,2,8,2,4,1,2,4,4,2,8,3,3,2,5,1,3,1,1,2,0,2,0,7,2,3,6,1,5,2,1,0,1,5,2,5,0,2,7,2,2,5,2,2,7,8,2,2,1,2,4,2,2,2,7,2,4,0,1,2,0,6,0,1,6,6,2,0,2,3,5,3,0,2,3,8,8,1,1,2,1,7,1,3,4,8,2,0,7,1,1,7,2,0,6,3,0,0,2,7,2,0,5,3,1,2,7,4,1,8,1,1,2,3,7,3,1,2,2,6,6,2,4,1,2,4,4,2,4,1,1,5,3,3,4,3,2,1,3,1,1,2,4,2,1,4,3,1,4,9,3,3,2,5,8,7,2,2,3,2,5,1,3,0,2,5,6,5,1,4,1,3,2,1,2,1,2,3,1,1,2,3,4,2,4,3,1,2,5,2,1,2,1,2,2,3,1,1,5,4,3,3
c06d1086,2,2,7,4,6,3,1,6,1,4,8,7,2,7,0,8,5,5,1,6,0,2,6,4,6,5,4,2,3,1,0,1,5,6,7,4,7,1,6,6,5,1,1,6,4,8,5,6,2,6,6,5,1,0,4,4,2,2,0,5,1,7,6,3,2,7,2,2,7,5,4,2,3,2,7,0,1,6,2,2,6,2,6,0,6,3,1,2,7,0,5,4,1,2,6,4,6,6,2,3,5,5,3,1,2,1,3,8,6,0,3,5,4,0,8,7,7,6,3,2,0,1,1,1,0,2,2,1,2,1,2,0,1,4,1,2,0,1,1,1,0,10,4,6,3,1,2,8,2,2,0,8,4,1,1,5,2,3,3,4,1,1,2,8,3,1,2,5,0,3,4,0,6,0,0,1,2,1,6,2,2,0,3,1,3,6,0,3,3,4,1,2,1,0,2,8,1,3,3,1,2,0,1,3,5,5,1,0,1,7,0,2,8,1,1,9,5,0,0,4,3,1,7,9,1,3,7,7,1,1,6,4,2,3,0,8,0,3,1,2,1,0,0,1,1,1,1,2,6,1,6,1,2,2,3,1,1,2,6,1,7,1,5,1,1,5,5,0,6,3,4,1,3,0,3,1,1,0,0,1,7,0,3,3,6,1,4,1,1,0,2,2,3,7,0,1,5,3,1,2,1,2,6,6,2,1,0,1,2,0,3,1,6,1,3,1,0,1,1,7,0,1,5,7,1,1,1,6,4,3,0,1,2,8,6,1,1,2,0,7,2,3,2,6,1,0,4,0,1,6,2,0,6,0,0,1,1,7,3,1,3,1,1,2,4,1,2,5,1,2,2,2,7,2,2,1,1,4,4,1,5,1,1,0,2,2,4,1,1,5,1,3,3,2,1,2,2,1,2,2,3,1,1,5,3,1,2,8,3,2,2,5,7,6,2,3,3,1,5,2,2,0,1,6,5,3,2,5,2,3,2,0,2,0,2,1,2,2,3,3,4,1,4,2,1,2,4,1,2,3,2,2,4,1,1,2,3,4,3,3
c17bfb65,1,0,1,1,2,1,1,0,0,1,1,1,0,2,0,1,2,0,2,1,1,2,2,2,2,0,1,0,2,0,1,2,2,1,3,0,2,1,3,1,0,1,2,2,1,1,4,1,2,1,0,2,1,0,1,1,1,3,2,1,0,2,4,1,2,2,3,1,1,2,1,3,1,3,2,2,0,3,2,2,1,2,2,1,1,2,1,0,2,4,2,2,0,3,1,2,4,2,0,1,0,0,2,1,0,0,1,3,1,1,1,3,1,0,3,2,4,2,0,1,0,3,2,0,1,2,1,0,1,3,2,2,3,1,0,3,1,3,3,3,3,2,3,2,2,0,1,0,4,0,1,3,3,2,0,2,1,2,1,4,0,4,2,3,3,1,2,3,3,3,3,3,3,2,0,1,3,0,4,3,3,1,0,1,1,3,1,5,2,2,3,1,1,1,2,4,5,0,3,0,2,3,1,3,2,1,2,0,1,3,1,4,4,0,5,3,2,1,3,0,1,3,0,3,3,5,5,1,5,0,1,3,4,2,0,3,5,5,3,0,4,1,0,2,3,5,4,3,2,3,6,2,0,0,4,5,5,3,4,3,5,4,2,3,2,3,4,4,2,6,2,3,3,1,4,6,2,1,1,6,2,3,0,2,1,2,3,2,3,1,6,2,4,1,2,4,4,2,3,4,2,7,3,3,4,4,2,2,7,1,6,2,3,3,3,2,1,5,3,1,0,3,2,3,5,4,4,3,4,4,3,3,4,5,3,3,6,6,1,3,4,7,2,3,3,1,1,2,3,3,3,3,4,1,2,4,2,6,3,6,6,2,1,4,3,4,5,2,5,3,4,4,5,3,3,1,3,4,3,6,3,5,3,1,4,2,2,3,3,5,3,5,4,4,4,4,4,6,7,6,6,3,4,4,4,3,3,3,5,4,5,3,5,3,6,6,4,4,6,5,2,1,3,5,3,3,5,3,4,3,4,0,6,2,4,6,4,5,4,6,3,5,5,4,5,4,2,4,5,3,6,6,5,4,4,5,6,6,6,7
c6f0d5d4,1,1,1,0,1,2,3,2,0,2,2,3,1,3,4,2,5,2,5,3,0,2,4,3,2,4,2,2,4,3,2,3,2,4,1,4,4,1,4,3,4,4,5,2,3,3,2,4,2,4,5,5,2,1,5,2,4,6,3,2,0,4,2,3,8,4,1,1,5,1,2,3,6,3,2,2,4,4,2,5,2,4,1,0,3,3,1,4,3,1,2,4,1,2,1,5,0,5,7,3,3,3,5,2,4,1,4,3,3,4,7,1,3,2,3,1,4,4,4,1,4,3,3,6,1,3,4,2,1,4,2,1,2,3,2,5,2,3,1,0,1,3,2,2,3,1,4,3,5,2,0,3,6,1,2,4,6,3,5,2,3,4,3,5,3,3,2,5,0,3,2,0,4,3,2,2,6,2,5,3,3,4,3,4,4,3,1,7,5,5,1,7,1,0,4,5,1,6,3,1,1,2,4,4,5,4,3,2,1,3,2,2,2,0,0,4,4,2,3,5,5,1,4,4,3,1,5,4,0,5,4,4,3,2,3,4,3,1,2,3,0,1,1,6,4,1,4,2,3,0,4,0,5,6,4,1,1,5,3,5,3,2,2,1,3,3,2,0,4,1,4,0,5,2,4,0,3,3,2,3,3,3,2,0,6,7,2,0,2,1,3,4,2,4,2,1,4,5,4,6,1,4,4,3,4,0,0,0,3,4,3,1,4,1,4,1,2,1,1,1,3,3,3,2,2,2,2,4,5,6,1,6,4,2,3,4,1,1,1,2,2,2,8,2,5,1,4,0,1,2,2,3,4,3,1,2,1,2,3,2,4,3,3,1,4,3,1,4,0,3,1,6,1,0,1,2,2,6,4,4,3,0,5,2,2,5,5,1,3,2,4,6,5,3,2,4,6,3,1,6,4,1,0,3,2,3,1,3,1,2,2,4,3,4,1,3,4,2,2,2,6,2,7,2,4,6,3,3,4,3,4,1,2,0,0,3,4,4,6,1,2,2,2,1,3,2,7,1,4,5,4,2,1,3,3,2,2,1,1,1
cb00f1e6,3,2,5,5,4,4,2,6,2,3,5,4,2,4,1,5,6,7,3,3,1,2,4,1,5,4,6,4,3,2,0,2,3,5,4,6,6,3,4,7,4,1,3,4,3,4,2,5,3,5,5,5,4,1,7,5,6,2,0,3,2,5,3,5,5,6,1,2,5,3,3,2,5,3,4,0,3,5,1,2,5,3,3,1,8,2,2,6,3,0,4,4,1,3,4,6,2,4,6,4,5,5,4,1,6,1,4,4,7,3,5,2,5,1,4,4,3,4,4,3,2,1,1,3,1,4,2,2,2,1,2,1,0,7,1,3,0,2,0,1,0,6,3,3,3,2,4,6,2,4,1,5,7,1,1,5,5,3,7,1,1,2,3,6,3,2,1,3,1,3,3,1,7,1,1,2,5,3,6,1,2,2,4,4,3,2,2,5,3,6,0,4,0,1,2,7,0,5,2,1,1,2,2,2,5,3,1,2,1,5,0,2,4,2,1,6,4,0,1,6,4,2,5,7,5,1,6,7,1,3,5,4,2,4,0,5,1,2,3,3,1,1,0,3,3,1,3,1,5,1,4,1,2,3,3,0,0,2,4,3,5,1,2,2,2,1,2,2,5,1,2,1,4,0,2,1,1,2,0,2,6,6,1,6,0,4,3,1,2,0,2,6,2,7,0,2,3,3,1,5,1,2,5,5,2,1,1,1,2,3,1,1,5,2,6,0,0,2,0,3,0,1,5,3,1,0,2,7,4,3,0,3,5,4,5,2,1,2,1,4,1,2,6,3,3,0,5,1,0,4,1,1,4,4,0,0,2,3,1,0,3,3,1,0,5,3,0,5,1,4,1,4,3,0,0,1,4,4,6,2,4,1,4,3,3,3,3,1,1,3,3,4,6,3,1,2,4,1,1,3,2,2,1,2,4,3,3,5,2,3,2,3,4,5,1,1,3,2,3,1,5,1,4,3,4,5,2,2,3,5,1,0,2,1,1,3,3,3,5,2,1,2,3,2,1,1,6,2,2,4,1,2,1,3,2,1,3,2,2,2
cf007308,3,1,0,2,0,2,3,1,0,2,1,2,1,2,3,1,2,2,4,2,1,4,2,1,0,3,1,2,4,2,3,1,3,3,0,2,2,2,2,3,3,5,4,2,4,3,2,3,3,3,4,3,3,1,5,3,6,5,4,2,1,4,0,3,6,1,3,2,5,0,2,5,7,4,2,4,4,2,3,2,1,6,0,2,2,3,2,4,2,3,0,2,1,2,0,3,1,4,7,6,2,3,4,3,3,1,2,3,1,5,5,0,4,3,2,0,3,4,4,2,4,3,3,7,2,5,2,3,2,5,4,1,4,3,2,6,4,5,2,2,3,1,0,0,1,1,3,3,6,3,1,1,4,4,2,1,5,5,2,4,4,4,4,3,5,4,3,4,2,2,2,2,2,4,2,1,2,3,1,4,2,4,3,2,6,3,3,3,4,3,3,8,1,1,6,2,4,7,3,1,2,6,6,7,4,2,6,1,3,1,3,2,2,1,2,1,3,3,5,6,3,3,4,2,5,1,1,3,1,3,4,3,4,3,4,2,5,3,2,4,2,2,1,4,6,2,2,4,1,2,1,1,5,4,4,3,3,6,1,3,1,3,3,0,3,2,1,4,2,4,3,1,1,3,2,3,2,5,3,3,1,1,2,7,4,0,2,0,2,2,1,4,3,3,4,2,2,4,3,2,2,4,1,1,4,2,2,2,3,5,4,2,1,1,4,2,3,2,2,0,4,6,2,0,3,4,3,2,2,2,3,4,2,0,1,3,2,2,2,0,4,1,6,0,4,2,3,1,3,0,1,3,1,4,2,4,1,0,3,3,2,3,2,3,2,4,3,3,2,3,3,3,0,0,3,2,2,3,1,4,2,2,5,4,3,2,2,3,3,0,5,2,3,2,2,3,4,3,1,4,3,1,2,1,3,2,1,1,1,2,0,2,0,1,2,3,3,3,0,2,4,3,4,0,1,3,2,1,2,2,4,1,3,1,2,3,2,3,4,1,1,2,1,1,4,2,4,1,3,3,4,1,1,4,2,2,3,1,1,2
d5326924,0,0,4,3,5,1,0,6,1,6,5,5,0,6,1,5,3,4,3,5,1,0,3,3,4,6,3,1,4,1,1,1,6,7,5,3,3,1,5,5,6,1,1,4,2,6,5,7,3,7,6,6,2,0,5,5,2,2,1,7,2,7,4,1,5,3,1,0,6,6,1,2,4,2,7,1,2,5,0,2,7,2,5,2,2,1,0,5,5,1,5,5,1,3,5,5,3,5,4,1,6,7,5,1,3,1,1,6,4,1,5,8,3,2,5,4,3,8,2,0,3,2,1,3,0,3,3,0,2,3,2,1,0,5,0,3,1,1,2,4,0,5,6,4,7,0,2,7,3,3,2,6,6,2,0,3,2,1,4,5,1,2,3,6,3,0,0,5,0,9,3,2,4,0,0,1,3,2,4,4,1,1,5,0,4,6,3,5,2,1,3,4,1,1,2,5,2,5,2,1,1,4,1,2,7,4,3,1,2,6,0,2,7,2,3,3,6,3,5,3,3,3,6,6,2,5,4,6,2,2,8,8,2,4,2,6,4,4,4,2,3,1,1,2,3,4,7,3,7,3,5,1,3,2,1,3,4,0,7,7,8,2,4,1,2,5,7,2,7,3,5,3,2,3,5,3,2,4,1,5,5,4,3,2,3,2,0,2,3,2,6,2,4,5,2,2,6,5,1,3,2,2,5,7,3,2,1,5,4,4,1,1,6,2,3,4,3,3,4,5,1,2,4,5,1,3,2,4,8,3,2,4,5,6,8,3,2,1,3,6,3,1,3,6,2,3,6,3,4,6,2,0,5,4,0,2,2,6,2,4,4,1,1,3,5,4,5,5,3,5,2,1,5,2,5,0,2,5,5,3,6,3,2,2,7,3,3,2,3,5,3,4,2,1,1,1,4,1,3,1,3,1,3,6,1,2,2,6,2,2,1,5,4,6,4,2,1,1,4,2,4,2,2,8,6,6,1,6,1,1,1,1,2,3,4,3,1,1,3,1,5,2,4,2,2,2,4,2,1,2,1,1,3,2,1,2,3,2,2,2
db7849ca,1,1,1,1,0,0,0,1,3,0,2,1,1,0,4,1,1,1,1,0,4,0,1,3,3,0,0,4,0,2,1,3,1,0,4,1,2,4,0,1,1,2,3,2,2,0,4,0,0,0,0,0,4,4,0,2,1,2,4,2,5,1,2,1,1,0,3,1,1,1,4,1,1,0,0,4,4,1,2,3,0,3,1,3,2,1,1,2,3,4,0,1,3,2,3,0,2,0,1,1,1,1,2,2,3,3,5,1,3,3,1,2,1,3,1,3,1,2,2,3,3,4,3,3,5,1,4,3,3,0,3,5,2,0,2,2,2,5,6,4,2,0,2,0,1,4,1,0,3,4,4,1,1,1,2,1,2,2,2,1,2,1,4,1,3,3,3,2,2,1,3,5,2,4,3,8,2,4,1,4,5,5,1,3,2,2,3,1,1,2,4,1,4,3,2,1,2,1,1,5,3,2,2,1,0,1,4,6,2,1,2,3,2,5,2,0,2,3,3,1,2,5,0,1,4,3,2,1,7,3,0,2,2,1,4,0,1,3,6,2,4,6,3,1,1,5,3,4,0,4,2,6,3,2,1,3,2,1,2,3,2,4,2,6,3,4,1,3,1,2,4,7,2,3,2,3,1,3,6,1,2,1,2,0,1,0,2,0,4,3,2,3,4,1,5,4,2,1,3,1,4,1,0,0,4,2,4,5,3,2,3,5,0,5,0,5,3,5,3,2,4,1,0,1,2,1,4,1,1,1,3,0,2,1,0,3,1,3,4,0,2,3,0,2,1,4,1,6,3,2,2,4,2,3,4,0,5,1,2,3,2,3,4,3,2,2,1,0,3,2,3,2,1,7,3,5,4,1,0,1,1,3,1,3,2,3,2,2,4,2,2,1,1,3,2,1,2,1,2,0,2,4,2,1,2,3,2,1,2,2,4,2,1,0,2,5,0,3,4,1,1,4,2,2,1,1,1,2,3,2,1,4,2,7,2,1,3,1,0,3,3,4,1,3,1,3,0,3,0,1,1,2,1,2,2,2,2,3,2,1
dbd3a428,0,2,2,1,1,2,1,1,3,0,0,0,1,1,3,0,3,2,2,1,4,0,2,1,1,0,2,1,0,4,2,4,1,0,3,2,3,1,1,1,0,1,1,3,1,2,2,0,3,0,0,1,3,3,3,1,4,2,3,3,2,1,1,1,2,2,2,0,1,1,4,1,2,3,2,2,1,0,5,3,0,3,0,4,2,0,4,4,1,3,0,1,1,2,1,3,2,2,2,2,1,2,4,3,4,1,5,2,2,1,1,2,1,2,1,2,1,1,0,1,4,4,3,1,5,3,2,0,2,2,4,3,5,3,2,4,6,5,4,6,2,1,1,1,0,3,2,1,3,2,4,1,3,2,2,2,4,2,2,3,5,4,5,0,4,4,4,3,3,2,1,7,1,2,3,3,3,3,3,3,5,2,0,2,2,2,5,2,3,5,5,2,3,3,2,0,6,1,3,2,3,3,2,4,1,1,3,4,3,0,4,4,3,2,6,1,3,2,3,2,3,4,1,0,5,3,2,0,5,1,1,3,2,2,2,1,3,4,8,2,4,1,2,3,5,7,6,6,0,6,4,4,3,2,2,5,6,3,2,5,2,4,1,6,2,1,2,5,1,5,2,4,4,3,2,7,3,2,3,4,1,1,3,2,2,2,3,4,0,2,6,2,6,0,7,3,3,4,1,3,7,4,1,1,5,6,5,5,2,3,5,3,1,6,3,5,2,4,5,1,2,4,1,3,3,5,5,3,1,3,5,4,5,2,1,5,3,6,5,1,5,3,3,0,2,3,0,5,6,1,4,1,3,5,2,5,5,2,2,5,2,4,0,5,3,2,3,0,7,5,7,5,2,2,5,4,4,3,3,2,6,6,5,2,4,3,3,7,2,4,1,3,4,3,4,5,2,3,5,3,2,5,6,4,4,6,2,1,4,4,5,1,1,1,3,6,4,4,5,2,2,1,4,4,1,2,5,3,5,5,3,0,5,4,4,2,5,4,4,3,3,3,3,3,1,4,2,4,4,6,4,3,3,5,4,5,2,3,4,4
e46012d4,3,4,1,2,1,2,3,2,4,1,0,1,4,1,3,0,2,1,2,2,9,3,1,2,2,3,2,3,3,5,7,2,0,2,0,2,1,5,1,0,2,4,3,0,4,1,3,2,1,1,2,2,3,5,0,3,0,3,1,2,4,0,1,2,1,2,4,4,1,3,1,4,2,1,1,5,1,1,4,3,2,1,3,5,2,2,4,1,3,4,3,0,5,1,3,0,0,2,2,2,2,1,1,5,1,7,2,0,0,4,1,3,2,7,1,0,0,1,3,3,3,3,3,2,4,2,3,2,4,2,1,2,5,0,5,2,6,2,4,4,4,1,2,2,3,4,1,1,1,3,8,1,0,5,3,2,0,3,2,1,3,1,2,0,5,2,4,1,4,2,3,3,2,4,2,3,2,4,1,2,0,4,3,3,3,1,3,1,2,1,7,2,5,4,3,0,3,2,2,5,6,3,2,4,1,0,5,2,7,0,4,2,0,4,5,0,2,3,2,1,2,3,0,0,0,2,1,2,3,4,1,1,2,2,4,1,3,2,2,5,3,2,7,1,1,2,1,5,1,2,0,3,4,3,2,1,4,3,1,3,0,4,3,1,3,2,2,1,2,1,3,3,1,3,1,1,3,2,6,3,0,0,1,1,0,2,2,3,2,0,1,0,1,1,5,2,0,2,4,0,0,1,0,0,2,2,4,4,2,2,3,2,1,5,1,4,3,2,4,2,3,1,2,1,4,4,3,1,2,2,5,1,0,0,1,2,2,2,3,1,1,1,1,2,3,6,3,5,6,0,4,4,2,1,4,3,0,0,3,3,1,1,4,4,0,3,2,3,2,1,2,0,0,2,5,1,2,0,0,3,1,1,1,2,2,4,3,2,5,0,2,1,0,0,5,1,3,4,2,1,2,3,3,1,0,0,4,0,1,4,0,1,0,1,3,3,1,1,1,3,2,3,1,1,1,1,1,3,2,0,1,6,3,4,2,2,3,1,0,1,3,2,2,1,4,2,1,4,1,1,2,1,1,1,1,5,1,1,1,1
ec315772,0,0,2,1,4,1,1,2,0,2,1,1,0,4,1,1,5,1,2,3,0,0,3,3,3,2,3,0,2,2,0,3,2,3,3,3,3,0,5,2,2,0,2,3,1,4,3,3,3,3,2,4,1,0,4,1,2,4,1,4,1,3,4,1,5,5,3,0,2,4,2,2,2,4,5,0,0,3,2,4,3,2,2,2,2,1,0,3,2,3,4,3,0,3,1,5,2,5,3,1,2,3,6,1,3,0,3,4,2,1,3,5,1,1,3,2,2,3,1,0,2,3,2,1,1,3,2,0,1,3,2,2,2,4,0,4,2,1,3,5,2,3,5,4,4,0,2,3,4,2,2,3,6,1,0,5,3,1,3,6,2,6,3,2,2,1,2,5,2,6,1,4,3,2,0,1,4,1,5,4,3,1,1,2,1,4,2,7,3,4,3,2,1,2,2,3,5,2,5,0,1,3,2,3,5,2,3,1,2,2,1,3,5,1,5,3,5,2,3,2,5,3,2,2,5,5,5,2,4,2,4,5,2,3,1,4,6,5,6,1,4,0,0,2,4,6,8,4,3,4,6,2,2,2,2,6,7,1,4,8,4,2,2,5,1,3,4,4,3,3,3,4,4,2,5,6,4,2,2,4,1,2,6,3,2,1,6,2,6,1,0,1,5,1,3,2,4,5,1,5,4,5,3,3,3,5,3,4,4,3,3,1,4,2,2,5,2,3,4,3,1,3,2,5,3,6,3,4,5,5,4,6,6,4,4,6,4,4,2,4,4,3,3,2,2,2,2,3,5,3,2,3,4,3,2,3,4,5,1,8,5,1,0,4,4,2,5,2,6,7,4,4,3,3,5,1,3,4,4,5,6,4,3,0,5,3,3,4,2,4,1,6,5,3,2,4,4,4,6,5,4,2,3,6,2,6,2,2,2,2,5,2,4,4,5,4,3,2,4,3,3,1,4,5,3,4,5,5,5,3,2,0,3,3,4,3,5,5,5,2,4,3,4,1,3,3,3,2,4,5,4,3,5,2,4,5,1,2,3,3
f08490a6,3,2,2,3,1,1,2,3,2,2,2,2,2,1,2,2,2,4,1,1,1,2,1,0,1,2,2,4,2,0,1,3,2,2,2,2,2,3,1,3,1,2,2,2,2,1,0,2,1,2,2,1,2,2,3,2,6,1,2,1,3,2,1,2,3,1,2,2,2,0,3,2,3,1,2,2,5,3,0,2,2,4,1,1,3,2,1,3,0,0,1,2,1,2,1,3,1,1,5,4,3,3,1,1,4,1,1,1,3,4,3,0,4,2,1,3,3,1,3,4,4,1,2,5,1,2,2,5,3,2,4,4,0,3,2,2,0,2,1,1,0,2,1,2,2,3,3,2,2,4,1,1,3,0,4,1,5,3,3,0,2,0,4,3,2,2,1,1,1,3,2,1,2,1,5,4,6,3,1,0,3,3,3,6,2,2,2,3,4,3,0,3,2,3,4,3,2,5,2,1,0,4,4,1,2,2,0,4,1,4,1,4,1,3,2,2,1,5,4,5,2,2,2,3,3,1,1,3,3,3,2,1,6,0,3,2,3,2,4,2,2,4,2,6,2,3,2,0,3,3,4,3,2,3,7,2,1,1,2,2,4,3,1,2,7,1,2,4,3,2,2,1,4,5,4,2,4,7,1,3,5,2,2,4,6,4,2,3,2,0,1,0,1,3,0,3,4,3,4,6,5,4,5,5,3,3,1,2,4,6,2,4,5,3,5,3,5,3,2,2,3,5,5,4,3,1,3,2,3,4,1,3,4,4,5,4,2,3,4,2,4,4,7,2,5,1,4,2,2,2,4,2,3,7,0,1,3,3,2,2,4,8,4,2,6,6,2,4,2,3,2,7,4,2,1,5,4,5,5,3,2,3,4,6,3,3,3,2,4,3,7,5,7,8,3,2,4,2,2,5,3,3,2,2,7,4,6,5,4,5,5,4,3,5,3,3,5,3,3,3,5,5,5,2,4,6,2,2,4,7,5,3,3,3,3,4,4,3,5,4,4,3,3,4,3,2,6,3,3,3,2,4,2,4,2,2,4,4,4,3
f36016a5,1,1,3,3,2,2,1,2,3,1,1,1,0,3,2,1,4,3,4,2,3,1,1,4,0,1,1,3,3,4,2,5,2,2,4,2,3,3,4,3,3,4,3,4,3,4,3,2,3,2,2,3,4,1,3,5,5,5,3,5,3,3,3,1,4,3,3,1,3,3,5,3,4,4,4,3,3,3,2,4,1,6,1,4,2,3,2,4,4,4,2,3,1,3,3,4,4,5,3,4,2,3,4,4,5,1,3,4,1,2,2,4,4,2,3,3,3,4,2,2,3,5,4,3,2,5,5,0,3,5,7,3,4,2,1,6,3,5,5,6,3,3,3,3,3,2,2,3,4,3,3,4,4,4,1,2,5,5,3,6,4,6,6,2,3,4,3,4,4,4,6,5,2,1,2,2,3,4,5,8,3,2,2,2,5,5,5,3,1,4,4,4,3,2,4,3,5,4,4,2,3,4,3,4,4,2,5,3,1,1,2,4,5,3,3,4,7,2,4,3,5,4,3,2,6,6,4,3,3,1,3,7,3,4,3,3,4,5,6,3,5,3,2,0,5,8,6,6,1,6,2,5,4,0,1,5,4,4,4,5,2,4,3,5,2,3,3,5,2,4,4,5,5,3,4,7,1,2,1,1,2,3,4,2,2,3,4,4,6,1,5,1,0,3,4,4,2,3,4,2,5,4,2,1,4,4,4,6,4,2,3,5,2,4,2,4,2,5,4,2,1,3,1,3,2,3,3,4,3,3,2,3,3,2,1,5,3,5,4,2,5,3,0,2,2,3,2,3,4,2,3,2,2,4,1,2,3,2,5,5,2,2,1,4,3,3,2,0,5,4,4,3,2,2,6,3,4,0,1,3,4,5,3,4,3,1,3,4,1,4,2,3,2,2,1,3,3,4,3,3,4,2,5,3,4,5,1,1,3,3,5,2,3,2,4,3,3,3,4,1,1,1,2,5,3,1,4,4,2,3,2,1,3,3,3,3,2,3,1,2,4,5,2,2,1,4,0,1,3,3,4,3,4,4,3,2,2,2,3,4
f3945e07,2,1,5,4,4,2,0,5,2,3,6,5,1,4,1,6,3,6,3,3,1,2,2,4,3,4,4,3,3,2,1,1,3,5,3,3,3,2,4,7,7,2,2,3,3,5,3,5,1,5,5,6,3,0,5,6,3,2,0,4,2,5,3,2,4,5,0,1,5,5,3,1,4,2,4,1,4,5,2,2,5,2,3,2,5,3,1,5,5,0,4,4,2,2,5,4,3,4,5,3,4,4,3,2,5,2,2,4,4,2,4,4,4,1,4,3,3,6,5,1,2,1,1,3,1,4,3,1,1,2,2,0,0,5,0,2,0,1,1,1,0,7,3,4,5,0,3,7,2,4,1,8,4,2,0,3,2,4,5,2,1,1,2,6,2,1,0,3,0,5,4,0,7,0,0,1,3,2,6,4,0,1,7,0,6,4,2,4,2,4,2,3,1,0,2,7,0,6,2,2,2,3,2,2,5,6,2,1,0,5,0,1,4,2,0,8,5,2,2,5,4,1,7,7,2,3,6,10,0,2,5,6,3,5,1,5,1,1,1,3,1,1,1,2,2,1,3,3,5,1,2,1,3,1,1,0,0,2,5,3,5,2,2,0,3,3,4,1,5,0,3,1,3,1,3,0,0,3,0,2,5,7,1,4,7,3,5,1,0,1,1,3,3,0,0,3,4,2,2,4,0,1,7,6,2,1,0,2,3,3,1,1,6,2,4,1,1,3,1,4,0,1,6,4,2,0,1,7,6,3,1,2,4,4,5,1,1,1,1,4,0,1,4,5,2,1,7,1,1,5,2,0,4,3,1,1,0,4,3,0,3,2,2,1,4,3,0,4,1,3,0,1,3,1,2,0,3,3,4,2,2,0,3,3,2,3,3,1,2,4,4,3,3,1,1,2,4,1,2,1,3,2,1,3,2,0,1,6,1,2,1,6,4,6,2,1,1,2,3,1,5,2,2,5,8,4,1,4,1,2,1,1,1,1,0,2,1,1,3,1,3,3,2,1,1,2,3,1,1,3,2,2,3,2,1,1,2,1,1,1
fc15fb84,1,3,0,0,0,2,1,0,2,0,0,0,2,0,4,0,0,1,2,1,5,2,1,1,1,1,1,0,1,4,4,1,1,0,1,0,0,1,0,1,0,2,3,1,2,1,3,0,2,0,1,1,2,3,2,0,2,1,5,1,2,1,0,1,1,0,4,1,2,0,2,3,2,2,1,6,0,0,6,3,0,1,0,4,0,1,4,2,1,6,0,1,2,0,0,2,1,2,2,3,0,1,4,5,2,3,4,1,0,2,0,1,0,4,0,0,0,1,1,1,4,4,3,2,6,2,2,1,2,3,2,3,6,2,4,3,8,6,6,5,4,0,1,0,0,3,1,1,4,2,4,0,2,4,3,1,2,2,0,2,6,3,3,0,6,4,6,1,3,1,0,8,0,6,2,3,0,3,1,5,2,4,1,1,3,1,5,1,2,2,7,2,4,3,3,0,6,2,4,5,5,4,3,5,1,1,6,3,6,0,6,0,2,2,4,0,1,2,3,3,2,5,1,0,4,2,0,0,4,2,1,3,1,1,4,0,4,3,4,3,2,2,4,2,4,5,4,7,0,4,1,4,4,3,2,4,6,5,1,4,1,6,2,4,2,1,0,5,2,3,3,5,1,3,0,5,1,2,7,4,0,0,2,2,0,4,2,5,7,5,3,0,4,0,0,3,2,2,3,0,4,3,0,0,6,4,7,4,2,2,5,2,0,6,2,4,2,4,4,1,5,3,1,1,4,5,5,1,0,1,7,3,3,0,0,3,3,4,4,0,4,1,2,0,1,5,1,5,6,2,3,4,1,2,6,5,3,0,3,5,2,2,2,5,1,1,2,2,5,2,5,1,0,4,4,3,2,1,1,3,4,4,4,1,3,3,3,5,4,1,1,0,0,0,6,3,3,4,4,1,2,5,4,2,1,2,1,0,2,2,2,0,0,0,2,6,2,4,2,2,1,1,3,2,0,0,3,2,3,1,2,2,3,4,2,1,3,2,1,1,2,3,1,3,3,5,1,4,2,4,4,1,1,4,4,5,1,1,2,2
004d185e,1,0,2,2,1,2,1,1,2,0,0,0,0,0,2,0,1,1,2,0,3,3,0,2,0,0,0,2,1,2,2,2,0,0,1,2,1,4,0,0,2,2,3,2,1,0,2,0,1,0,0,0,3,1,0,4,2,2,2,2,2,0,0,2,1,0,4,1,0,2,3,3,2,1,0,4,3,0,3,1,0,4,0,6,1,2,2,2,1,3,0,0,1,3,2,0,2,0,1,1,1,1,1,4,3,1,3,0,1,2,1,1,3,1,0,1,1,1,1,2,1,3,3,2,5,2,2,1,3,1,3,1,3,0,0,3,2,4,4,5,3,1,0,0,1,2,1,0,2,2,4,3,0,4,0,0,1,2,2,2,1,2,2,1,1,4,3,1,4,2,3,4,2,4,2,3,4,4,2,5,2,3,2,1,3,1,6,1,2,3,3,2,1,1,3,1,4,1,3,2,2,5,0,2,0,3,5,3,2,1,3,5,0,2,3,2,2,4,3,0,2,3,1,1,4,5,2,2,4,1,0,1,4,3,2,1,4,2,4,2,8,4,1,2,1,5,3,4,2,7,2,5,1,0,4,4,4,5,2,3,2,7,1,3,3,1,3,6,1,5,1,4,3,3,2,6,2,2,3,4,2,1,4,1,2,2,2,4,3,2,2,3,4,3,3,0,3,3,3,4,4,5,3,3,5,6,4,6,6,2,6,4,2,7,4,4,2,10,3,0,1,2,3,3,6,4,8,2,3,3,5,2,3,2,2,3,6,7,5,2,3,5,2,2,5,1,2,7,4,3,4,3,3,3,6,5,6,2,4,3,4,3,3,5,4,7,2,2,5,4,6,3,2,2,4,2,7,2,3,6,1,4,5,3,3,4,2,7,6,4,4,3,3,4,4,7,6,5,6,3,4,8,6,4,5,4,5,2,5,6,5,5,1,2,7,4,3,10,3,5,4,3,4,3,4,3,6,5,4,4,3,1,6,7,4,6,3,6,3,6,4,10,5,6,6,6,3,6,5,4,7,6,6,8,7,5,6,5,5,6
028e70b9,0,0,3,1,3,0,0,4,0,4,5,5,0,4,0,5,1,3,1,3,0,0,3,4,4,4,2,0,2,1,0,0,5,5,4,1,3,0,3,4,3,0,0,3,1,3,3,5,1,5,4,5,0,1,3,2,2,0,1,3,0,6,4,0,3,1,2,0,5,3,2,0,2,1,5,1,1,6,2,2,5,0,5,1,2,1,1,2,4,1,3,4,0,2,4,4,2,2,3,0,4,4,4,2,4,0,4,5,4,1,4,4,2,0,5,5,5,6,1,0,2,0,1,1,2,1,2,0,1,2,1,0,2,3,0,0,2,1,1,1,1,4,3,3,5,0,2,4,5,1,1,5,3,0,1,1,1,0,2,4,3,2,0,7,2,2,1,4,1,6,3,1,4,1,2,2,4,0,3,2,2,1,4,1,2,6,2,4,3,4,0,2,1,1,1,6,3,4,3,0,0,4,0,1,4,6,1,1,0,8,3,3,5,0,1,3,2,2,2,2,3,0,4,7,1,4,4,4,3,2,5,4,3,1,0,5,4,1,2,0,2,1,1,5,2,2,5,1,6,2,6,2,1,4,3,2,2,3,5,4,8,4,2,1,3,5,5,3,5,4,3,2,3,2,5,2,2,3,2,5,7,5,4,4,3,2,6,2,3,0,4,4,2,4,2,3,0,3,2,5,4,6,6,8,5,3,1,3,7,3,5,1,6,3,3,2,2,3,1,4,1,3,5,7,4,2,4,3,6,4,2,3,6,8,8,3,4,3,1,5,1,3,6,7,3,0,5,2,3,5,3,1,6,3,1,2,3,8,2,2,8,4,1,4,8,4,3,5,2,4,4,4,7,5,3,2,3,9,6,4,3,1,5,2,4,3,4,3,2,5,4,5,4,3,3,4,5,3,4,3,6,3,1,8,2,2,3,8,3,3,3,6,6,6,5,5,3,4,5,2,4,1,5,6,6,7,3,6,3,2,4,1,3,2,2,3,3,3,5,3,6,3,4,3,2,4,5,2,2,5,4,2,4,5,3,3,5,4,3,3
030ef8d6,1,1,3,0,2,2,3,2,1,1,2,2,1,3,4,2,3,1,3,4,1,2,5,2,3,3,2,2,1,3,3,4,2,2,3,2,4,2,2,1,2,3,5,3,2,4,5,2,2,2,3,1,2,0,3,1,3,5,2,5,2,3,2,3,6,3,2,1,4,3,1,2,7,3,4,3,2,1,2,6,2,5,2,2,2,2,0,4,5,1,1,1,2,4,3,3,1,4,7,3,2,3,5,2,3,2,2,4,3,5,6,4,1,4,3,3,3,4,4,1,5,5,5,5,0,4,3,3,1,3,4,1,2,3,1,7,2,1,3,3,1,3,1,2,2,0,2,3,1,4,1,4,4,3,2,4,3,4,4,3,2,2,5,2,2,0,2,7,0,4,1,1,3,2,1,3,6,3,4,3,3,5,3,3,4,6,3,3,6,3,4,7,3,1,6,1,4,6,4,2,3,4,3,4,2,2,3,3,2,2,1,5,4,2,3,2,4,5,5,4,5,1,3,2,3,2,4,2,1,6,3,3,5,3,4,3,3,3,6,4,4,2,2,4,3,4,5,4,3,5,6,2,5,6,5,4,4,1,5,6,3,3,3,2,4,5,4,2,3,5,7,0,5,5,6,3,5,5,1,1,2,3,2,5,3,4,5,1,4,2,5,3,3,2,2,3,3,0,3,4,3,3,2,3,3,3,1,3,2,6,4,3,2,2,4,6,5,2,5,3,3,5,3,4,2,4,2,4,3,7,3,7,3,4,3,7,2,3,4,4,5,3,6,3,6,3,3,3,5,2,4,3,7,5,2,5,4,4,5,4,2,2,4,5,4,3,4,3,3,8,4,5,3,0,5,2,3,5,3,3,7,3,4,2,4,6,7,4,5,4,4,7,6,4,2,5,6,2,2,6,2,2,5,5,4,6,1,3,4,4,3,5,2,2,3,3,5,2,3,4,7,5,5,5,3,7,5,7,6,5,4,2,3,3,5,2,5,6,7,3,5,3,5,3,3,3,8,2,6,6,4,3,3,2,4,4,3,4,4,4
0400dd2f,4,4,0,2,0,4,4,0,4,0,0,0,3,0,4,0,1,1,5,1,4,4,1,3,2,1,2,3,3,4,5,4,0,0,0,1,0,5,1,1,1,7,6,0,4,0,2,0,3,0,1,1,5,3,1,2,4,5,5,1,4,0,1,3,3,1,4,4,1,1,0,4,4,4,1,7,3,2,1,7,0,4,1,2,1,5,2,2,2,5,2,2,4,3,2,3,1,2,4,6,0,0,1,5,3,5,0,0,0,7,2,1,2,5,0,1,2,1,5,5,5,6,7,4,0,5,6,4,2,5,6,5,3,1,5,4,3,3,4,1,4,1,2,2,3,4,2,0,1,5,2,2,1,5,6,2,3,6,2,1,5,4,3,1,1,2,3,2,3,3,5,1,3,2,5,4,6,2,4,4,1,6,3,5,4,3,2,3,3,1,3,4,6,4,4,2,4,4,3,5,4,4,5,3,1,1,3,4,1,2,4,4,0,4,0,2,2,6,5,4,4,0,0,1,1,3,3,2,1,6,0,3,7,3,7,1,4,0,1,4,2,6,7,4,4,3,3,2,1,2,2,4,6,5,4,3,1,5,2,3,1,6,3,2,8,3,2,3,2,1,4,2,6,7,4,2,3,5,2,1,2,1,3,4,1,3,1,3,1,4,1,4,4,2,3,3,2,3,0,4,3,4,3,2,3,1,2,2,5,4,3,7,3,3,4,3,6,3,3,2,4,5,4,2,5,1,2,3,3,6,1,4,2,2,2,4,4,3,4,1,5,2,4,4,7,5,4,1,3,1,6,4,4,4,2,1,0,2,7,2,3,6,7,3,2,5,0,3,0,1,0,4,2,2,3,5,3,3,3,4,2,1,4,6,0,4,7,0,4,1,7,5,3,4,4,3,4,6,1,6,4,1,2,1,5,1,3,2,2,3,4,3,3,3,4,2,6,2,1,2,4,5,3,3,4,4,4,3,2,3,6,6,2,1,0,3,2,3,2,1,4,4,1,2,4,4,3,1,5,3,4,2,2,3,4,2,2,1,2,3
05ba9d7c,0,0,3,1,1,1,2,3,1,1,2,2,0,1,2,2,4,3,3,1,1,2,2,2,2,2,2,1,2,1,1,4,1,2,2,3,3,1,2,2,2,1,3,2,1,1,1,2,1,2,2,3,2,1,3,2,5,3,1,2,1,2,2,1,5,3,1,0,2,1,2,1,3,3,2,2,4,4,1,5,2,2,1,2,3,3,1,4,1,1,2,3,0,2,2,5,0,2,5,1,3,3,4,1,5,0,3,1,4,3,4,1,3,0,1,3,2,2,2,2,4,2,3,2,2,2,4,1,2,4,3,3,0,3,0,2,0,2,0,1,1,2,2,3,4,1,3,2,2,3,1,3,4,0,2,3,5,1,5,1,1,3,2,3,1,1,0,3,2,5,3,2,3,1,3,4,8,1,4,2,3,3,4,5,3,3,2,7,3,4,1,3,1,3,2,4,3,4,4,0,0,3,2,1,3,4,0,4,0,4,1,5,1,1,3,4,3,4,3,3,4,1,3,3,3,1,4,3,3,4,2,3,4,2,1,2,5,2,3,0,2,3,1,6,2,3,5,1,3,2,5,2,2,4,4,2,2,1,2,5,4,3,0,3,4,2,2,4,3,2,2,2,7,3,5,3,4,4,0,3,5,2,4,6,5,2,3,1,3,0,5,6,2,4,0,4,5,4,4,0,3,4,7,6,2,5,2,2,5,5,2,3,6,3,4,1,3,4,1,2,1,3,5,4,5,2,3,3,5,7,3,7,5,4,5,4,3,4,3,2,2,4,7,3,5,0,4,2,2,3,3,2,5,6,2,2,3,5,2,3,6,5,2,2,7,6,1,4,4,3,2,7,3,2,1,3,4,7,6,5,3,2,4,4,4,5,5,3,3,5,5,7,8,6,4,4,5,4,4,7,5,4,2,3,4,4,4,5,3,4,5,5,4,6,3,2,5,4,4,2,6,2,5,3,7,7,4,3,4,5,4,1,3,2,2,5,4,4,5,3,3,5,4,3,4,3,6,3,5,4,4,5,3,4,4,3,4,3,4,4
234a703c,1,2,2,1,2,2,0,1,3,0,0,0,1,1,2,0,2,2,1,1,2,0,1,1,0,0,1,3,0,2,1,4,1,0,2,2,2,3,1,1,1,2,0,4,0,2,1,0,2,0,0,1,2,3,2,2,4,1,3,3,4,1,1,1,1,1,4,1,1,2,4,1,1,2,3,2,3,1,3,3,0,5,0,4,1,0,3,3,1,2,0,1,1,3,1,3,2,2,2,3,1,2,2,4,4,1,3,2,1,1,0,1,2,2,1,3,1,1,1,2,4,3,4,4,3,2,2,2,1,2,6,4,4,2,2,3,4,3,5,5,2,1,0,2,1,4,3,1,4,3,2,1,1,3,3,1,4,3,1,3,6,3,4,0,1,6,4,2,3,3,2,4,0,2,7,3,3,4,2,2,5,1,1,3,1,3,5,0,5,4,2,1,4,4,5,0,6,2,4,2,2,4,4,3,1,1,2,4,1,1,5,5,2,4,4,1,3,6,3,3,3,3,1,0,3,3,1,0,4,1,1,2,4,1,5,1,4,4,6,3,5,3,3,4,3,7,4,3,0,8,2,7,3,2,5,6,5,4,1,3,1,4,1,6,5,1,2,6,0,5,1,2,4,7,3,7,5,5,3,3,2,1,2,1,1,2,2,4,7,0,4,5,5,0,4,4,4,3,3,3,0,5,2,2,3,7,4,4,3,4,4,6,2,4,2,6,5,4,5,2,4,6,2,4,3,5,4,2,1,3,3,3,3,3,2,6,3,5,6,1,6,4,3,1,3,2,1,3,5,0,6,2,3,6,2,5,6,3,2,5,3,7,2,6,4,4,4,1,5,4,7,6,3,3,4,8,3,3,4,2,4,7,4,4,3,1,3,7,2,3,3,3,4,7,3,5,2,3,4,3,2,3,6,4,5,6,5,2,5,5,7,2,2,2,5,5,4,5,3,4,1,3,4,3,2,2,5,3,4,5,5,3,4,4,5,2,4,4,3,5,5,3,3,4,2,3,1,2,4,5,4,4,4,6,4,3,2,4,5,4
2374aaca,1,0,1,1,2,1,1,0,0,1,0,0,0,2,0,0,2,0,2,1,1,2,1,2,1,0,1,1,2,1,1,2,1,1,1,0,1,2,3,1,0,1,3,1,1,1,2,1,2,1,0,3,1,1,1,1,2,3,2,1,0,1,3,2,3,2,5,1,0,2,2,2,2,2,3,3,0,3,4,3,1,3,1,2,0,2,2,0,1,3,2,2,0,5,0,3,2,2,2,1,0,0,1,3,2,0,2,2,0,3,2,2,1,1,2,2,3,1,0,1,1,2,3,1,3,2,1,0,1,2,3,0,5,1,0,3,3,3,3,3,3,2,2,3,3,0,1,0,5,0,2,3,3,2,1,2,1,2,2,4,3,4,2,2,1,3,3,2,3,4,3,2,2,3,2,1,5,1,4,3,2,3,1,3,1,3,2,3,4,4,2,2,2,1,4,3,6,2,5,0,2,5,0,4,2,2,3,1,1,3,4,4,2,0,3,3,2,2,2,0,4,1,0,2,3,5,4,1,3,2,1,2,5,2,0,3,6,2,4,1,5,2,1,4,3,5,4,3,2,4,4,4,0,3,6,4,4,5,4,3,3,6,2,2,3,2,4,5,1,5,2,2,4,2,6,5,3,2,3,5,2,2,7,4,2,4,2,1,4,1,5,4,4,1,3,5,6,3,4,4,5,0,4,4,6,5,2,3,8,2,7,3,4,4,3,3,2,5,2,2,1,5,3,5,6,4,6,3,4,5,3,2,4,5,4,6,6,6,1,3,3,5,5,3,5,0,2,3,5,2,4,4,4,2,2,4,2,5,3,5,7,4,1,5,5,5,4,3,4,5,5,7,5,3,4,3,4,5,4,6,2,3,5,2,2,2,3,5,3,3,4,7,5,5,4,6,6,6,6,7,5,4,3,6,4,5,4,3,4,6,5,2,5,4,8,6,5,6,3,4,2,1,6,4,4,5,5,4,5,3,6,1,6,3,3,5,5,6,6,4,5,6,4,3,4,4,3,3,4,5,8,5,5,6,4,5,4,4,4,5
2bea832e,1,1,5,3,4,2,1,5,0,4,6,6,1,4,0,6,4,5,3,4,0,2,3,4,3,5,3,0,5,0,0,1,4,5,4,3,3,0,5,5,5,0,1,4,2,5,2,5,2,5,5,5,1,0,4,3,3,1,0,3,0,5,5,2,3,5,2,1,5,3,3,1,1,0,5,1,2,7,1,3,5,0,4,1,3,4,0,3,3,0,5,6,0,2,3,6,4,5,3,1,5,5,2,1,3,0,1,4,4,1,2,3,3,0,4,5,3,4,1,1,2,0,1,1,1,0,3,1,2,3,1,0,0,4,1,0,0,0,0,0,0,6,5,7,6,1,1,6,2,1,0,5,5,0,2,4,3,0,4,1,1,1,0,6,2,0,1,1,0,7,4,0,3,0,1,1,5,0,4,3,0,1,6,3,3,3,1,4,2,2,1,1,1,1,1,7,2,4,5,0,0,3,0,0,6,6,0,1,1,7,1,2,4,0,1,8,4,3,2,3,4,0,7,6,0,2,4,6,1,2,5,5,3,2,0,5,4,0,1,0,1,1,1,4,0,2,4,1,6,1,4,1,1,2,4,1,1,1,4,4,7,3,3,0,3,2,4,2,6,1,2,1,4,2,5,1,2,3,0,3,7,6,3,4,5,1,5,0,1,0,3,5,2,7,0,3,6,2,3,7,2,4,0,9,3,3,0,2,5,3,2,1,10,2,5,1,2,3,1,6,0,2,8,7,4,1,2,3,7,5,2,4,4,7,8,3,2,2,1,5,2,3,5,5,3,0,6,1,2,6,3,1,5,3,1,2,1,6,2,2,6,3,1,2,6,4,1,6,2,2,1,4,6,2,2,1,2,5,7,4,4,1,3,2,3,3,3,2,2,5,4,5,4,3,3,3,5,3,3,4,5,3,1,4,3,2,4,9,2,3,3,6,7,10,3,2,4,3,4,2,4,1,4,5,10,5,2,4,2,3,3,1,2,1,1,4,2,2,3,2,4,4,3,2,2,3,5,2,2,3,4,4,4,3,2,2,3,2,2,2
2ccd39ed,1,1,6,3,5,2,1,6,0,6,6,6,1,6,0,6,3,5,2,5,0,2,4,2,5,6,4,0,4,0,0,0,6,7,5,3,4,0,5,6,4,0,0,4,2,5,3,7,3,7,6,5,1,0,5,3,3,0,0,4,0,7,5,2,3,3,2,1,6,4,3,1,2,1,7,1,2,7,1,2,7,0,6,1,3,3,0,3,4,0,5,6,0,3,4,6,3,4,3,1,6,6,3,1,3,0,1,6,5,1,4,5,3,0,6,6,5,6,1,1,2,0,1,1,1,1,2,1,2,2,1,0,0,5,1,0,0,0,0,0,0,6,5,5,6,1,2,6,2,1,0,7,5,0,2,3,2,0,3,3,1,1,0,8,2,0,1,3,0,7,3,0,4,0,1,1,4,0,4,2,0,1,6,2,3,5,1,4,2,2,1,2,1,1,1,7,2,4,4,0,0,3,0,0,6,6,0,1,1,9,1,2,6,0,1,6,3,3,2,3,2,0,7,8,0,3,4,5,1,2,7,5,3,3,0,7,3,1,1,0,1,1,1,4,1,1,4,1,8,1,6,1,1,3,4,1,1,1,6,3,9,3,4,0,3,4,6,2,7,2,3,1,3,2,5,1,2,3,0,4,8,6,3,3,5,1,7,0,1,0,3,5,1,6,0,3,8,3,2,6,2,4,9,0,3,3,0,2,5,3,2,1,8,2,5,1,2,3,1,6,0,2,8,7,4,1,2,4,7,4,2,3,5,9,10,2,3,2,1,7,2,2,5,7,3,0,6,1,2,8,3,0,6,3,1,2,1,8,2,1,6,3,1,2,7,4,3,7,2,3,1,3,8,3,2,1,2,7,8,3,5,1,3,2,4,3,4,2,2,6,4,5,4,3,3,3,4,2,4,3,4,3,1,6,3,1,4,9,3,3,2,5,7,8,4,2,4,3,4,2,4,1,3,7,8,7,2,5,2,3,3,1,2,1,2,3,2,2,4,2,5,3,4,3,2,3,6,2,2,3,3,3,3,3,2,2,4,3,3,3
34693494,2,1,1,2,1,2,2,1,0,1,1,1,1,1,3,1,0,1,2,2,1,2,1,2,0,2,0,1,3,2,1,0,1,1,2,0,0,2,1,1,1,2,4,1,4,1,2,1,1,1,2,2,1,1,0,2,1,2,5,1,0,1,1,3,1,0,3,2,2,1,3,3,3,1,1,4,0,1,4,1,1,2,1,1,0,3,1,0,2,4,1,1,1,2,1,0,3,2,2,2,1,1,3,2,1,1,4,1,0,3,1,2,2,2,1,1,2,1,1,1,2,3,2,2,4,1,1,1,4,3,1,1,5,0,1,4,4,5,3,2,3,2,2,1,1,0,0,1,2,0,2,2,2,2,1,1,0,2,1,3,3,2,2,2,3,2,2,0,2,2,2,4,1,4,1,2,3,2,1,6,2,5,2,1,4,1,1,2,4,3,3,3,1,0,2,2,5,3,2,2,1,4,1,4,1,3,5,2,3,2,3,2,2,0,2,2,1,2,4,1,2,3,1,2,5,5,1,2,4,2,1,2,4,1,1,2,4,1,5,2,3,2,1,4,3,3,3,4,2,2,3,1,2,3,4,5,4,5,4,4,4,7,3,2,3,1,3,4,4,3,4,6,1,2,3,4,2,2,5,4,2,2,4,4,2,4,3,4,5,2,3,3,4,2,6,5,5,3,3,2,3,6,3,3,0,2,2,6,4,2,7,1,3,5,4,4,2,6,3,1,3,4,4,4,6,3,7,1,3,3,5,2,4,3,3,4,4,5,2,2,4,2,5,2,5,2,3,4,4,4,3,3,3,1,3,3,3,3,4,4,3,3,2,3,5,3,1,2,3,3,3,4,3,4,6,1,5,3,2,5,3,2,6,1,2,5,2,3,5,4,4,3,3,3,5,6,5,5,4,5,6,5,1,5,3,3,2,3,2,3,3,3,2,3,4,7,4,6,5,3,3,2,6,4,3,3,5,5,6,2,5,1,5,4,1,3,6,6,4,2,5,5,2,3,5,8,4,4,4,5,6,2,5,5,6,5,3,2,2,3
3708e9fa,0,1,3,1,2,1,0,1,2,0,0,0,1,1,0,0,2,1,0,1,3,2,1,1,0,0,0,1,0,2,2,2,1,0,2,2,2,2,1,0,1,0,0,4,0,2,2,0,1,0,0,0,1,2,1,2,3,1,0,3,2,1,1,1,1,1,5,0,1,2,4,2,1,2,3,2,2,1,5,2,0,4,0,7,1,1,3,2,1,3,0,0,1,3,1,2,2,2,2,1,1,2,3,5,3,1,2,2,1,1,0,1,2,2,1,3,1,1,0,1,2,2,3,2,5,1,1,0,1,2,4,2,3,1,1,3,4,2,4,7,3,1,0,2,1,3,1,1,3,2,4,2,1,3,2,1,2,1,1,4,4,3,4,0,3,4,5,2,4,3,2,6,0,5,3,2,3,4,1,3,3,1,2,2,2,3,6,1,3,3,5,1,3,5,5,0,7,2,6,1,3,5,2,3,1,2,3,2,3,1,5,5,2,2,7,2,3,5,2,1,3,3,2,0,4,3,1,0,5,1,1,1,3,2,2,1,6,5,5,3,6,2,2,2,1,6,3,6,0,7,2,6,1,1,5,6,8,3,1,3,1,4,1,5,2,1,2,7,0,5,1,3,3,4,3,8,4,3,2,4,2,1,4,0,1,2,2,2,6,2,5,3,4,1,4,6,3,3,1,5,7,5,3,3,2,0,6,4,4,3,4,4,2,5,1,4,3,6,5,2,1,4,3,4,6,8,4,1,1,3,7,3,2,3,2,5,4,6,5,1,4,4,2,1,3,2,1,5,7,1,5,3,3,4,6,7,5,4,1,6,4,3,0,8,5,5,4,2,9,4,8,4,3,3,4,4,3,2,3,4,3,6,2,2,4,1,2,9,2,4,2,3,5,6,5,5,3,4,8,4,3,6,7,3,3,5,5,2,4,7,5,2,2,2,6,4,3,6,3,4,1,1,2,2,3,2,5,3,4,3,3,1,4,4,5,3,4,5,2,5,4,5,4,3,4,3,1,4,4,3,5,5,5,5,4,6,3,4,5,5
3741ca58,0,3,1,1,0,1,2,1,4,0,0,0,2,0,2,0,1,2,1,0,6,2,0,1,1,0,1,2,0,5,5,3,1,0,1,1,1,2,0,1,0,2,2,2,0,1,1,0,3,0,0,0,3,5,2,1,3,0,3,2,4,1,1,0,1,0,3,1,1,0,2,1,1,4,1,4,2,0,3,2,0,2,1,6,1,0,5,3,1,6,0,1,2,0,1,2,0,1,1,2,1,2,3,4,3,3,4,1,1,1,0,0,1,5,0,1,0,1,0,3,2,2,2,1,6,2,3,0,3,4,4,5,4,2,4,1,6,4,4,5,6,0,0,0,0,4,1,1,3,3,5,0,1,3,3,0,3,1,1,3,5,4,4,0,3,4,5,1,7,1,1,8,0,6,2,3,1,5,1,3,1,2,0,2,1,1,6,1,0,3,4,1,4,6,2,0,5,1,3,5,5,3,3,2,1,1,4,3,5,0,4,1,1,4,6,0,2,1,2,2,2,4,1,0,5,1,0,0,4,2,1,2,0,2,3,0,4,4,3,2,3,4,4,1,2,5,3,4,0,5,0,5,2,1,1,3,5,3,0,2,0,4,1,5,1,1,0,7,0,3,1,5,2,2,0,6,0,1,5,2,1,0,2,0,1,2,1,4,5,4,3,1,4,0,7,4,1,1,2,2,4,2,0,0,2,6,0,5,2,1,2,3,0,7,1,2,2,4,2,1,5,1,0,1,3,5,4,1,0,0,7,3,2,0,0,2,5,5,6,0,2,2,0,0,0,4,0,5,4,1,2,4,0,3,6,3,4,1,3,4,2,2,2,4,3,2,2,1,7,2,5,1,0,4,3,3,4,0,1,3,2,4,2,2,3,2,2,5,2,1,0,0,2,2,5,1,2,5,4,1,3,5,5,1,2,3,2,0,3,3,4,0,0,0,2,2,2,4,1,1,0,0,1,1,0,0,3,1,2,2,1,2,2,4,3,2,3,2,0,2,1,4,2,4,4,4,0,4,2,2,2,2,2,4,4,4,2,2,4,4
45392b06,1,0,2,4,2,1,2,3,2,2,1,1,0,2,3,1,2,2,2,2,4,1,0,3,0,2,0,2,3,3,2,3,2,2,2,2,1,3,2,1,3,2,3,3,4,3,1,2,2,2,2,2,3,2,1,5,3,3,2,5,3,2,2,1,2,1,3,1,2,3,4,2,3,2,3,4,2,1,2,1,2,4,2,5,1,2,1,3,3,2,2,1,1,2,3,1,2,3,2,2,3,4,2,2,3,1,5,2,1,2,1,3,4,3,1,2,1,3,1,2,3,2,2,2,5,3,3,0,7,4,4,1,4,1,0,3,4,4,2,5,3,2,2,2,3,1,0,3,2,3,6,2,1,3,0,1,2,2,2,5,2,3,3,1,2,2,1,2,4,5,4,5,1,2,1,4,3,5,1,6,1,4,2,1,5,3,4,1,1,3,3,3,1,2,2,1,5,3,2,2,1,5,1,4,3,2,7,4,5,1,1,4,2,3,6,1,5,3,4,1,3,5,2,1,5,5,1,3,4,1,3,3,3,3,2,2,5,3,6,2,6,4,1,1,2,5,4,4,2,5,1,3,3,0,1,4,4,2,2,5,2,6,3,2,2,2,4,6,2,4,2,7,2,3,3,5,2,3,5,2,2,1,2,0,1,2,5,5,5,4,4,2,6,2,4,6,3,3,2,2,4,3,2,2,6,4,5,0,4,3,4,3,3,7,2,6,3,6,3,2,3,3,2,4,4,4,7,1,4,2,6,2,2,2,3,4,3,5,6,2,3,2,1,2,3,2,3,7,6,2,2,1,2,4,2,2,5,2,3,4,2,2,1,4,4,5,3,1,4,4,4,2,2,4,9,1,7,1,1,4,2,3,3,3,4,5,1,4,5,3,3,2,2,2,3,3,3,4,2,2,5,5,4,4,3,4,3,2,2,3,3,3,1,3,5,3,2,5,4,2,2,2,2,3,3,2,3,5,3,2,2,1,5,7,4,4,4,3,1,2,5,6,3,3,5,6,1,5,2,2,3,2,5,4,4,4,3,2,2,3
4c0a6a48,1,0,0,1,1,1,1,1,1,2,2,2,0,1,1,2,1,1,4,0,2,2,1,4,2,1,1,1,3,2,2,2,3,2,1,0,1,2,2,2,2,2,3,1,1,0,3,2,2,2,1,3,2,0,2,3,3,3,1,1,1,3,3,1,4,1,4,1,2,2,1,2,3,2,2,4,2,5,2,3,2,2,2,3,1,2,1,2,2,3,2,3,1,4,2,4,2,1,3,1,1,1,2,4,4,1,2,2,2,3,3,2,2,1,2,2,3,4,1,1,3,2,3,2,2,3,2,0,1,3,3,0,3,2,0,2,2,2,3,3,3,1,2,2,5,0,2,1,6,1,3,3,3,3,1,1,2,2,3,3,2,4,1,4,3,2,2,3,3,6,5,2,4,2,1,3,5,1,4,4,1,3,3,2,3,4,4,4,1,2,2,3,2,1,3,5,5,3,4,1,2,7,0,2,3,3,4,2,1,5,3,5,2,1,2,2,2,3,4,1,4,1,1,4,2,5,5,3,4,2,2,4,5,3,1,2,7,1,3,1,5,3,2,4,2,5,6,3,3,4,4,4,1,1,4,3,3,4,3,5,5,7,1,1,4,3,4,5,2,4,1,2,4,3,5,4,2,4,2,5,4,2,7,3,2,3,4,3,2,2,4,4,4,3,2,6,7,2,5,5,3,8,5,5,4,4,2,4,0,4,6,3,5,5,4,3,3,6,2,1,0,3,3,4,6,3,5,3,6,5,3,3,5,5,5,5,6,5,2,2,2,5,4,5,5,1,4,4,5,2,4,3,5,4,2,2,3,5,3,4,9,3,2,6,5,7,3,4,3,4,4,4,5,4,4,1,5,6,5,7,1,2,5,4,3,3,3,3,4,2,6,6,3,3,4,4,7,6,5,5,7,4,3,4,3,3,4,5,3,5,4,5,5,5,8,5,4,5,3,3,4,2,5,4,6,6,4,4,3,2,4,2,4,4,2,6,3,4,3,4,5,7,3,3,4,4,3,3,3,3,6,4,4,6,4,4,6,4,3,4
5054c359,3,1,0,1,0,2,4,1,1,1,1,1,2,0,5,1,1,2,4,1,1,2,2,1,1,2,2,2,2,3,3,4,2,1,0,1,1,1,0,2,2,3,4,1,2,1,2,1,2,1,2,1,3,1,4,2,6,4,2,2,4,2,0,2,5,1,2,2,3,1,1,2,6,3,2,4,4,2,1,5,1,3,0,2,2,2,0,5,2,1,0,1,3,3,1,4,0,2,8,4,1,2,5,3,5,3,1,1,2,6,4,1,2,3,0,1,1,3,5,2,8,4,5,6,0,5,2,5,1,4,4,2,1,4,1,5,2,1,3,2,1,0,0,1,3,0,4,2,3,5,1,1,3,3,3,2,5,4,3,1,3,2,3,1,3,1,1,4,0,5,2,1,3,1,3,5,5,2,2,3,3,5,5,4,5,4,3,3,3,3,3,6,3,3,6,1,4,7,3,2,2,8,5,3,2,1,3,5,2,2,2,5,1,4,2,0,2,7,7,5,4,2,2,1,3,1,2,3,2,5,2,3,7,3,5,0,5,2,5,3,2,4,3,8,4,4,5,3,1,4,3,3,4,4,5,4,3,1,1,6,2,4,1,2,7,2,2,4,2,2,3,0,4,7,4,2,6,10,2,2,2,0,1,4,3,5,4,2,3,2,3,6,2,3,2,2,3,6,4,5,4,2,3,3,2,3,1,3,4,0,2,3,3,2,5,5,8,2,5,1,5,7,4,2,3,3,1,3,3,7,3,6,4,2,3,7,1,1,4,0,4,2,7,2,6,4,5,2,5,0,4,2,5,9,1,3,4,2,3,4,3,5,5,5,3,5,3,3,2,5,2,5,2,2,4,3,5,5,4,3,4,3,5,5,3,6,5,2,5,1,8,5,5,4,3,3,4,2,1,5,3,1,3,1,3,4,3,3,2,3,2,4,1,3,3,3,5,1,1,3,8,7,5,2,4,6,3,3,4,5,5,5,1,3,3,2,4,3,4,2,5,2,1,2,3,2,5,1,4,4,2,2,1,2,3,2,2,2,2,1
54e53b7e,2,1,1,1,1,2,2,0,0,0,1,1,1,1,2,1,1,0,2,2,2,3,3,2,1,1,0,0,2,2,2,1,1,0,2,0,2,1,1,0,0,2,2,2,3,1,4,0,1,0,1,1,1,1,0,1,1,3,3,1,0,1,2,2,0,1,5,2,2,1,3,3,2,1,1,4,0,1,6,2,0,2,1,2,1,2,2,0,3,4,0,0,1,2,1,0,3,2,1,2,0,0,2,3,1,1,4,2,1,2,0,1,1,1,2,2,3,1,1,1,2,3,3,1,4,1,0,2,2,2,2,0,7,0,1,3,5,4,4,3,4,2,0,1,0,0,0,0,4,0,3,2,0,3,1,2,0,3,0,3,3,2,1,2,4,3,4,2,3,1,2,3,2,3,1,2,2,0,2,3,3,3,1,0,3,2,3,1,4,4,4,2,2,0,3,2,7,1,4,1,3,5,1,6,0,2,5,1,3,2,4,4,2,0,4,2,1,2,3,1,1,2,0,2,2,4,3,1,5,1,0,0,5,1,1,2,5,2,4,1,6,1,1,4,2,4,2,5,2,5,4,3,2,2,5,5,5,6,2,3,3,7,3,2,3,2,3,4,2,7,2,3,2,2,2,5,3,2,5,4,2,3,6,3,1,4,1,3,5,3,3,2,3,1,5,6,5,4,3,2,4,7,2,2,7,4,2,4,6,2,0,2,2,5,5,6,2,5,3,1,2,5,3,4,7,5,8,2,2,4,5,3,3,4,2,4,6,8,1,3,4,6,4,2,4,1,2,5,6,1,4,4,5,1,4,6,4,4,5,5,5,3,3,6,3,4,3,3,4,4,7,4,4,3,6,2,4,4,2,7,3,3,7,1,2,4,3,6,6,3,4,3,3,3,5,8,6,6,5,5,6,6,4,6,5,4,3,3,5,4,5,4,3,2,6,9,5,7,5,6,4,3,6,3,2,2,7,6,7,4,6,1,8,5,4,5,6,7,5,6,5,6,5,4,5,7,4,5,6,7,9,5,6,7,6,8,6,6,5,6
57e3f0c7,2,2,2,2,2,3,2,1,4,0,1,0,1,1,3,0,2,2,3,1,4,2,1,1,2,0,1,3,1,2,3,5,0,0,3,2,2,6,1,2,2,5,4,3,3,1,3,0,2,0,0,0,6,4,1,4,5,5,5,3,4,0,2,3,2,1,6,2,0,3,2,3,3,3,2,6,4,1,1,7,0,7,0,3,1,3,2,3,3,4,0,2,3,6,2,2,3,1,3,4,1,1,0,4,4,3,1,1,2,6,2,2,4,3,1,4,2,1,3,5,4,8,9,4,2,4,6,3,3,3,8,5,3,1,3,5,1,5,6,4,3,1,1,2,2,6,3,0,0,5,2,2,0,4,5,2,3,6,2,2,3,2,5,0,0,3,5,3,3,2,4,2,1,3,6,6,4,4,3,2,5,6,2,4,3,4,4,1,4,2,3,3,7,4,5,0,4,3,2,5,5,3,3,3,0,0,2,6,0,1,4,7,1,4,2,1,3,5,4,3,2,1,0,0,2,4,2,1,2,5,0,2,6,2,6,1,2,2,3,3,6,8,5,2,3,4,2,2,0,5,2,8,4,4,4,4,2,3,2,1,0,4,4,6,5,5,2,4,0,3,5,4,6,6,5,5,4,4,2,1,2,1,2,1,1,2,1,5,3,2,1,4,5,1,2,4,1,3,7,3,6,3,1,1,1,4,3,3,3,3,2,0,1,3,2,3,4,4,4,4,3,5,1,2,2,2,2,3,1,4,0,2,1,2,1,3,2,4,6,1,6,2,2,2,5,3,2,3,3,0,6,2,3,5,3,2,2,2,6,1,1,5,4,4,2,6,1,1,2,2,3,4,2,3,3,9,3,2,3,1,2,4,2,7,1,2,6,3,2,2,5,4,4,6,2,3,1,2,2,4,1,1,5,1,6,2,3,1,3,5,4,3,2,1,5,1,5,3,2,2,2,4,0,3,2,3,4,2,1,4,5,4,3,3,2,2,1,3,2,3,3,3,2,2,3,2,1,1,5,2,2,2,3,4,3,1,2,2,3,4
59e6e5bf,1,1,4,4,5,2,1,6,0,5,6,6,1,5,0,6,5,5,3,5,0,1,3,4,3,6,3,0,6,0,0,1,4,6,4,4,3,0,6,5,6,0,1,4,3,6,2,6,2,6,6,6,1,0,4,4,3,2,0,4,0,5,5,2,3,6,3,1,5,4,2,2,1,0,6,1,1,7,0,3,6,0,4,0,3,3,0,3,3,0,6,6,0,2,3,6,4,6,3,1,6,6,2,1,3,0,1,4,4,1,2,4,4,0,4,5,3,4,1,1,2,0,1,1,0,0,3,1,3,3,1,0,0,4,1,0,0,0,0,1,0,7,6,8,7,1,1,7,2,1,1,4,5,0,2,5,3,0,4,2,1,1,0,6,2,0,1,1,0,8,4,0,3,0,1,1,5,0,4,2,0,1,5,3,2,3,1,5,2,2,0,1,1,1,1,7,2,4,4,0,0,3,0,1,7,5,1,1,2,7,1,2,4,0,2,7,5,2,2,3,4,1,6,6,0,3,4,7,1,2,6,5,3,1,0,6,5,1,1,0,2,1,1,4,0,2,4,0,7,1,4,1,1,2,4,1,2,1,4,5,7,3,4,0,3,2,5,2,7,1,2,2,4,2,5,1,3,3,1,4,7,6,3,4,5,1,6,0,1,1,4,5,2,6,0,2,6,2,3,6,2,4,10,8,3,2,0,3,5,3,2,1,0,2,5,2,2,2,1,7,0,2,7,8,3,2,3,3,8,5,1,4,4,7,9,3,2,2,1,6,2,3,5,5,3,0,7,2,3,5,3,1,5,3,0,1,1,6,2,3,6,3,1,2,6,5,2,7,1,2,1,4,6,2,3,1,2,5,7,5,4,1,3,2,4,3,3,1,3,4,4,5,4,3,3,2,5,3,2,4,5,2,1,5,3,2,5,9,2,3,3,6,7,11,4,2,4,2,4,3,4,1,4,5,9,5,2,5,2,3,3,1,3,2,2,5,2,2,3,2,5,3,4,2,3,3,5,3,2,3,3,3,5,3,2,3,3,2,2,2
5c0da4a4,0,2,1,1,0,1,1,1,4,0,0,0,1,0,4,0,1,2,2,0,7,1,0,2,0,0,1,2,0,5,5,4,0,0,1,1,1,2,0,1,1,2,2,1,1,0,2,0,1,0,0,0,3,3,1,2,2,1,2,2,2,0,1,0,1,0,2,0,0,1,3,1,1,1,0,5,2,0,4,2,0,2,1,6,1,0,4,3,2,3,0,1,2,1,2,1,0,0,1,1,1,1,1,5,4,2,5,0,1,1,1,1,1,3,0,1,1,1,1,1,3,2,2,1,7,2,3,0,4,2,3,2,5,1,2,1,6,5,4,5,4,1,0,0,1,3,1,0,2,2,7,2,0,3,2,0,2,2,2,1,3,2,3,1,3,4,4,1,5,2,2,7,2,4,2,4,4,5,3,3,1,3,1,1,2,1,6,1,1,4,4,1,3,2,2,1,5,1,2,4,4,4,1,2,0,2,5,5,5,1,4,3,0,2,6,1,2,2,2,1,2,4,0,1,3,3,2,2,5,1,0,2,3,1,2,1,3,2,5,2,5,3,3,2,1,6,4,5,1,6,2,5,3,0,3,2,4,4,2,3,2,8,0,3,4,1,3,6,1,3,1,4,4,3,2,5,1,2,5,4,2,1,3,1,2,1,2,5,6,5,2,3,4,2,6,7,3,2,3,3,4,4,2,2,5,5,7,7,5,2,5,3,2,0,3,4,2,7,3,0,2,1,2,3,5,4,7,3,3,3,7,2,4,2,2,3,5,7,7,1,2,4,2,2,3,2,2,8,6,2,5,2,3,4,4,3,4,2,3,3,4,4,2,5,4,5,2,2,5,3,5,3,2,3,5,2,7,2,3,4,2,4,4,3,3,6,3,5,6,3,3,3,3,3,7,3,5,6,5,2,4,8,6,3,4,3,4,2,5,6,5,3,1,2,5,5,3,6,4,3,3,2,3,4,3,3,4,4,4,4,2,1,5,7,3,4,5,3,2,4,4,7,4,6,5,6,2,7,3,4,4,4,3,6,5,6,4,4,5,5
5cfc74fc,4,3,2,4,2,6,4,3,1,3,3,3,2,2,3,3,3,5,6,3,1,3,4,0,3,4,5,0,5,3,2,2,3,3,2,3,3,1,2,5,2,3,3,2,3,2,2,3,5,3,4,2,5,0,6,3,6,3,3,1,0,3,2,5,2,3,3,3,4,1,1,3,4,3,2,3,1,3,1,3,3,1,2,0,4,3,1,5,2,3,2,4,1,3,1,5,3,3,4,5,3,3,3,2,4,1,1,2,4,4,2,1,3,1,2,2,2,2,2,2,4,4,4,2,0,4,1,4,2,4,2,1,3,6,3,3,2,2,2,0,3,3,2,2,2,2,3,3,1,1,0,2,4,3,3,4,4,4,3,1,2,3,0,4,3,1,3,1,2,3,2,1,4,1,1,1,3,0,4,2,1,3,4,2,3,0,3,3,2,3,1,4,2,0,1,4,4,3,2,2,2,5,3,2,3,2,2,2,2,4,2,3,2,0,1,3,1,2,4,5,1,0,3,4,3,2,3,4,1,2,3,3,5,3,2,3,4,0,2,1,3,1,2,5,4,2,4,1,5,3,4,1,2,2,4,3,2,4,2,4,5,5,4,2,5,0,3,4,5,3,1,1,3,3,1,3,3,4,1,3,4,3,3,4,6,4,3,0,3,1,2,5,2,4,2,4,3,4,4,4,2,3,5,5,4,1,1,2,4,5,5,2,5,3,0,3,2,3,2,2,1,4,6,3,4,2,4,5,4,4,2,6,6,4,5,3,5,5,2,4,5,3,6,2,5,1,5,2,2,3,4,2,5,5,2,3,3,3,5,2,3,4,3,2,3,4,1,5,1,4,2,3,4,0,3,1,5,4,7,6,6,2,9,4,2,4,4,2,4,2,6,3,4,2,4,6,5,5,2,5,5,3,3,3,7,3,3,5,4,2,4,4,3,5,3,3,7,4,2,4,7,4,6,4,4,4,7,4,5,7,4,1,4,2,2,5,4,6,5,3,3,4,3,4,4,6,7,3,7,7,5,3,4,6,7,4,5,3,4,5
5e861944,2,2,1,1,2,1,1,1,2,1,0,0,2,2,4,0,2,0,2,3,2,1,2,2,0,2,0,3,2,3,2,3,1,1,1,1,1,2,2,0,2,3,2,2,3,3,3,1,1,1,2,1,1,1,1,2,1,4,2,4,4,1,1,1,2,2,4,2,2,3,4,2,3,1,3,3,3,0,4,3,1,4,0,3,0,1,0,2,3,2,1,0,3,2,1,1,1,4,3,3,1,2,3,3,2,3,2,2,0,2,1,3,1,4,1,1,1,2,3,1,5,3,3,5,2,2,1,4,2,2,4,2,4,1,2,4,4,1,5,5,2,2,1,2,2,1,1,2,3,3,4,2,1,3,2,3,2,4,1,4,4,2,4,0,3,2,3,3,1,4,1,3,1,2,2,3,2,3,2,4,2,3,2,1,4,3,4,1,4,2,5,3,4,2,5,0,6,3,4,3,3,5,4,5,2,1,6,3,4,0,2,3,2,4,5,1,4,6,5,3,3,4,1,0,2,4,2,2,4,2,2,2,5,2,5,2,5,4,7,4,6,2,3,3,1,6,4,6,2,7,2,4,5,1,4,6,6,2,2,6,1,5,3,3,5,2,4,3,2,4,3,3,2,6,3,4,5,6,5,2,0,1,2,1,0,2,4,5,5,4,5,3,4,1,4,4,2,6,3,1,6,3,1,1,4,4,2,6,3,5,6,3,2,4,3,0,6,3,6,2,4,5,2,4,4,6,5,2,3,4,5,4,2,2,2,7,3,5,4,3,5,4,2,1,3,4,3,6,8,0,5,4,4,4,3,5,5,2,4,7,2,3,5,6,2,3,5,2,4,6,5,3,2,3,8,3,3,1,1,5,4,4,4,2,3,4,3,5,7,2,4,3,2,4,3,5,5,3,3,3,3,4,5,5,4,6,3,1,4,3,6,3,1,2,5,6,3,3,3,6,4,6,5,3,2,2,5,7,7,4,4,4,5,7,6,3,6,5,3,4,7,4,4,3,3,5,3,4,4,5,5,4,5,3,4,7,2,4,4,3
5ef3d210,4,4,0,1,0,2,5,0,4,0,0,0,5,0,4,0,0,0,2,1,2,4,1,2,1,1,1,5,1,4,5,3,1,0,0,1,0,3,0,0,1,6,3,1,3,1,2,0,3,0,1,0,2,4,1,1,3,3,4,2,7,1,0,2,3,0,2,5,2,1,1,3,4,4,2,4,5,1,1,4,0,4,1,3,1,3,2,2,2,3,1,0,6,2,2,2,0,2,5,5,0,1,3,4,2,6,0,1,0,5,2,1,1,6,0,1,1,2,6,5,6,3,4,6,0,4,3,6,1,3,6,5,1,1,4,4,3,1,3,2,3,0,1,1,2,2,2,1,2,6,2,1,1,4,6,1,3,4,1,1,6,2,5,0,2,2,1,3,2,4,3,1,2,1,5,4,5,3,1,3,2,4,3,4,4,4,2,1,4,1,3,4,5,6,6,0,4,5,3,4,3,6,6,3,1,0,3,4,2,1,3,4,1,7,2,0,2,9,8,4,4,2,1,0,1,1,1,1,3,6,1,2,7,4,7,0,4,2,4,5,2,6,6,7,3,4,3,3,0,4,2,3,6,4,5,5,3,2,1,4,1,4,1,1,8,2,2,3,1,2,3,0,3,9,4,2,5,9,2,1,1,0,1,2,0,3,3,3,2,3,2,5,2,1,2,2,2,5,6,3,5,2,2,2,2,3,2,3,3,8,2,4,2,2,2,6,0,2,6,1,7,7,4,2,4,3,1,1,2,6,3,4,1,2,2,6,3,1,5,0,5,2,4,3,6,7,3,2,5,0,5,3,4,6,1,3,3,2,4,4,2,6,8,5,2,4,3,2,3,3,2,4,2,2,4,4,3,3,2,2,3,3,2,4,2,5,4,2,5,1,7,4,3,5,3,2,3,3,1,4,2,1,3,1,3,3,4,2,2,3,3,3,1,2,3,3,5,1,1,3,5,8,3,2,3,4,2,3,3,3,7,8,1,3,3,1,3,2,2,2,5,2,1,2,3,2,3,1,3,2,2,2,1,1,2,2,1,2,2,1
6190474d,1,0,2,2,1,2,1,1,2,0,0,0,0,0,2,0,1,1,2,0,3,3,0,2,0,0,0,2,1,2,2,2,0,0,2,2,1,4,0,0,2,2,3,2,1,0,3,0,1,0,0,0,3,1,0,4,2,2,3,2,2,0,0,2,1,0,4,1,0,2,3,4,2,1,0,4,3,0,3,1,0,4,0,6,1,2,2,2,1,4,0,0,1,3,2,0,3,0,1,1,1,1,2,4,3,1,3,0,1,2,1,2,3,1,0,1,1,1,1,2,1,4,3,2,5,2,2,0,3,1,3,2,3,0,0,4,2,5,5,6,3,1,1,0,1,2,1,0,2,2,4,3,1,4,0,0,1,2,2,2,1,2,3,1,2,4,3,1,4,2,3,5,2,4,2,3,4,4,2,6,3,3,2,1,3,1,5,2,2,3,4,2,1,1,3,1,4,1,3,2,2,5,0,2,0,3,5,3,2,1,3,5,1,2,3,2,2,4,4,0,2,4,1,1,5,6,2,2,5,1,0,2,4,3,2,1,4,3,5,2,7,4,1,2,2,6,4,5,1,6,3,5,1,0,4,5,5,5,3,4,3,7,1,4,3,1,3,6,2,4,2,5,3,3,2,7,2,2,3,5,2,1,5,1,2,2,3,5,4,2,3,3,5,3,4,10,3,2,3,4,4,5,3,3,6,6,4,6,6,2,5,4,2,7,3,3,2,0,4,0,1,2,3,3,6,4,7,2,3,3,5,1,4,2,2,3,5,6,5,1,4,4,2,2,5,2,2,6,4,4,4,2,3,3,5,4,5,2,3,4,4,3,2,5,4,7,2,2,6,3,5,3,2,2,4,2,7,2,3,5,2,5,4,3,4,4,2,6,5,5,4,3,3,4,4,6,5,5,7,3,4,7,5,3,4,3,5,2,4,6,4,4,1,2,7,5,3,9,4,4,3,2,3,4,4,3,5,4,3,3,3,1,5,6,3,5,3,5,2,5,4,9,4,5,6,5,2,5,4,3,6,5,5,7,6,4,5,4,4,5
6f9fa232,4,4,1,0,2,2,2,0,4,0,0,0,5,1,2,0,1,0,2,2,3,1,2,1,0,1,0,3,1,3,3,2,1,0,2,1,1,4,1,0,2,3,2,3,1,2,4,0,1,0,1,0,1,4,1,2,1,3,3,3,5,1,1,2,2,1,3,4,2,3,1,3,3,1,2,2,2,0,3,3,0,5,0,4,0,1,2,2,3,2,0,0,6,3,1,1,3,3,3,3,0,1,4,4,1,6,0,2,0,2,1,3,1,6,1,1,1,2,4,2,3,5,4,5,1,2,1,3,0,2,4,2,2,1,4,6,3,1,5,6,1,1,1,1,1,4,1,1,1,4,2,2,2,5,3,2,1,4,1,2,4,1,6,0,5,1,4,3,0,3,1,3,1,3,2,1,2,6,2,4,3,2,2,0,3,3,4,1,5,2,7,3,6,5,5,0,4,3,3,5,5,5,3,3,1,0,3,1,4,0,3,4,3,5,4,1,3,6,7,3,2,2,1,0,2,4,2,1,2,2,1,3,6,2,5,1,3,3,5,7,4,3,5,3,2,5,4,6,0,5,3,3,4,1,4,8,7,2,3,5,2,3,2,3,4,2,3,2,2,3,4,1,2,6,3,5,4,6,1,4,0,1,3,1,0,2,4,3,5,4,4,2,4,1,4,3,1,5,3,1,5,2,1,1,3,5,2,3,2,5,3,4,1,3,2,6,6,4,0,1,4,6,2,2,2,6,1,2,2,5,4,3,2,2,1,5,1,2,6,1,7,2,2,1,4,8,2,3,6,1,8,1,4,3,3,6,3,2,3,5,1,2,4,7,1,3,3,1,5,4,5,2,2,0,5,3,3,1,2,2,5,5,2,2,3,4,3,5,3,3,5,3,2,4,4,4,3,2,5,3,2,2,6,2,3,3,3,1,2,6,3,3,1,1,4,4,3,2,3,4,4,5,2,4,2,2,4,4,3,2,5,5,2,2,3,1,3,4,2,3,4,2,2,1,3,2,2,2,4,3,3,2,3,2,3,4,1,2,2,2
78b8ac63,1,1,6,4,6,2,1,6,0,5,7,6,1,7,0,6,5,4,1,7,1,1,5,3,6,6,3,0,4,0,0,1,4,6,7,4,5,1,6,5,5,0,1,5,4,8,5,6,2,6,6,4,3,2,3,3,2,3,1,6,1,5,6,3,1,6,6,1,5,5,3,2,1,0,8,2,0,5,1,5,6,1,5,0,3,3,0,2,6,2,5,5,1,4,4,4,5,6,2,1,6,6,2,1,2,1,1,6,5,3,2,6,3,1,6,8,4,4,1,2,1,3,4,0,1,0,4,2,3,1,2,1,1,3,2,1,0,1,3,2,1,8,6,8,5,3,0,7,0,2,1,5,3,0,3,6,1,1,2,4,1,0,1,5,1,0,4,3,0,5,3,0,2,2,1,3,2,0,3,1,2,3,4,3,1,5,0,2,2,2,2,1,4,2,2,4,2,3,4,2,3,1,0,2,5,4,1,2,2,6,2,2,6,1,2,6,5,1,0,2,3,1,6,5,0,3,3,5,1,4,6,3,2,1,1,7,2,3,1,0,3,3,2,1,0,1,1,1,6,1,4,4,1,5,3,1,2,0,5,2,5,1,8,3,1,6,5,1,6,2,6,4,3,1,5,1,3,1,3,1,6,7,1,1,3,0,5,2,1,2,3,2,2,4,1,0,4,3,2,2,2,2,6,6,1,2,1,2,1,1,1,4,7,0,2,2,1,0,1,0,1,2,5,8,1,2,1,3,4,3,0,1,1,7,7,2,0,1,0,7,2,1,2,5,1,1,5,2,3,5,2,2,5,1,2,1,0,6,3,2,2,1,1,2,4,2,3,6,1,2,1,2,6,4,3,4,0,3,4,1,5,1,0,1,3,1,5,1,1,4,1,3,3,2,1,1,1,0,1,2,1,0,1,5,2,1,3,7,2,2,1,3,6,7,3,1,3,0,3,2,1,1,0,5,5,3,1,5,1,2,2,2,2,2,3,1,1,1,2,1,5,0,4,1,1,1,3,1,1,2,1,1,4,0,0,2,1,2,2,2
79064bc9,3,3,0,0,0,1,5,0,2,0,0,0,4,0,4,0,0,0,1,1,2,3,1,0,1,1,0,3,1,3,4,3,1,0,0,0,0,2,0,0,0,4,4,1,2,1,1,0,2,0,1,1,1,6,1,0,2,2,6,1,6,1,1,1,2,0,2,4,2,0,1,2,3,3,1,4,4,0,2,3,0,3,1,2,0,2,2,1,2,3,0,0,4,0,0,1,0,2,3,4,0,1,3,1,0,5,3,1,0,3,1,0,1,6,0,0,1,1,4,5,4,3,3,5,3,2,2,5,3,4,4,5,3,1,4,3,4,3,3,1,3,0,0,0,0,2,2,1,3,5,1,0,1,2,4,1,3,3,0,1,5,1,4,0,2,2,2,2,2,1,0,2,0,3,4,4,1,4,0,3,3,4,1,3,3,2,1,1,4,3,3,3,4,5,4,0,2,3,2,5,3,3,5,4,1,0,3,3,4,0,2,1,1,6,2,0,1,5,6,4,1,3,1,0,2,0,0,0,1,4,1,1,4,2,6,0,2,2,2,3,0,6,4,6,3,2,1,2,0,2,1,2,4,4,3,4,2,2,0,2,0,2,2,2,4,2,0,2,1,2,3,2,1,5,1,1,3,6,6,1,0,0,0,3,0,4,1,4,2,3,1,3,1,0,5,1,1,3,4,1,4,1,0,0,3,1,5,3,0,5,2,3,0,2,1,4,7,1,4,1,0,6,1,0,1,2,2,0,0,3,4,3,0,0,0,3,1,0,5,0,4,1,3,0,2,6,1,1,2,1,2,3,1,3,3,3,3,0,4,3,0,4,7,2,0,1,2,1,2,1,2,3,0,3,3,5,3,2,0,1,2,2,2,2,1,5,3,2,4,0,4,1,1,3,2,2,1,2,0,2,2,1,1,1,2,2,1,0,1,0,2,1,0,0,0,3,3,2,0,2,3,5,3,0,0,1,1,1,2,2,6,6,1,2,2,0,3,1,2,1,2,1,0,2,4,2,2,1,2,2,2,1,0,1,2,1,0,1,1,0
7b5ab7f2,5,2,1,2,1,2,4,0,1,0,0,0,3,1,2,0,1,1,2,2,0,3,2,0,0,1,1,1,2,1,2,2,1,0,1,0,1,2,1,1,0,4,3,2,3,2,2,0,2,0,1,1,2,3,2,1,5,4,5,2,3,1,1,2,2,1,4,4,2,1,1,3,4,3,3,4,2,1,3,4,0,5,0,1,1,3,1,2,2,2,0,0,3,3,0,2,2,3,5,6,0,1,3,2,2,3,1,2,0,5,1,1,2,3,1,2,2,1,5,4,4,4,5,4,1,4,1,5,2,4,6,2,4,2,2,5,3,3,2,2,2,1,0,2,1,1,1,1,2,5,0,1,1,3,4,2,2,6,0,3,5,2,4,0,2,1,2,3,1,3,2,1,1,1,4,2,3,2,1,3,3,4,3,2,4,4,1,1,6,4,3,4,4,4,5,0,6,5,4,2,2,7,5,6,1,0,3,2,2,1,3,5,2,3,3,1,2,6,7,5,2,1,1,0,3,2,1,1,1,3,1,1,9,2,4,1,5,2,3,3,3,5,3,6,5,3,2,3,0,3,3,2,4,4,5,7,4,3,1,3,1,4,3,1,6,2,2,5,1,5,3,1,3,6,4,4,5,8,2,2,1,1,3,3,1,6,2,1,4,1,3,5,3,1,3,2,3,5,5,3,6,5,2,2,4,4,1,3,3,7,5,5,2,1,4,5,7,2,6,2,6,0,4,3,4,4,3,2,1,6,3,4,2,3,2,5,2,3,4,1,7,2,6,1,5,4,3,1,5,0,5,1,4,5,1,5,2,3,4,4,2,6,4,5,2,4,3,2,3,4,4,5,3,1,5,5,4,4,2,3,4,3,5,5,2,4,4,4,3,2,8,4,5,5,3,5,2,3,2,6,3,1,3,3,6,3,2,2,2,3,3,2,2,2,4,4,6,3,2,3,5,6,3,2,2,3,4,3,3,4,9,4,4,1,3,2,3,4,5,2,4,2,2,1,4,3,3,1,5,5,5,2,3,3,3,3,2,2,2,3
873619c6,4,3,5,5,4,4,3,4,1,3,4,4,3,4,1,4,3,5,2,5,1,4,4,3,4,5,5,1,4,2,2,0,3,4,4,4,3,1,4,5,3,2,1,4,4,4,3,4,3,4,5,3,3,1,4,2,3,1,1,3,1,4,4,4,1,3,3,3,5,3,3,3,1,1,5,2,1,5,2,3,4,0,5,2,5,5,1,3,4,2,5,4,2,2,4,4,3,5,4,4,4,4,2,3,3,2,1,4,3,4,1,3,2,2,4,5,3,3,4,2,2,1,2,1,1,2,3,4,2,2,1,1,1,4,3,1,2,0,1,0,2,5,5,5,4,2,0,4,0,3,1,5,3,2,4,4,1,2,2,1,3,1,0,5,2,1,2,1,1,5,4,0,5,1,2,1,5,0,3,3,0,2,7,3,3,3,0,2,3,3,2,1,2,2,2,5,3,5,5,1,1,4,3,1,4,4,1,1,2,6,3,2,4,1,1,6,3,5,2,4,3,0,5,5,1,2,3,5,2,4,4,3,5,3,2,5,3,0,1,2,1,1,3,4,2,1,2,2,5,1,4,1,3,4,5,2,2,3,4,3,6,4,4,0,6,2,4,3,6,1,3,1,3,4,4,1,3,4,1,2,6,5,2,3,5,2,4,0,1,2,2,5,1,6,1,3,5,3,4,5,2,3,8,8,4,3,0,2,3,4,3,1,7,2,6,2,4,3,2,5,1,4,0,6,6,2,2,4,5,5,3,3,4,7,7,3,3,2,1,5,3,2,6,6,5,2,7,1,3,6,4,2,6,3,2,3,1,6,3,2,4,5,3,3,5,3,1,6,2,3,1,3,6,2,3,1,3,4,6,3,5,1,4,2,2,4,4,2,3,5,5,4,5,3,4,4,4,4,3,4,4,3,1,4,4,1,5,7,2,3,2,4,6,7,3,3,5,3,4,3,5,4,3,5,7,4,3,5,3,4,4,3,2,1,1,2,3,3,4,2,5,3,3,2,3,4,5,2,3,5,4,3,3,2,3,3,2,2,2,2
877bc844,1,1,5,3,5,1,1,5,0,4,5,5,1,6,0,5,4,3,0,6,0,1,4,4,3,5,2,0,3,1,0,1,3,5,5,3,4,0,5,3,4,0,0,4,3,7,3,5,1,5,5,3,0,0,2,2,2,2,0,5,0,4,4,1,1,5,5,1,4,4,4,2,1,0,7,1,0,4,2,3,5,1,4,1,2,2,0,1,4,1,4,3,0,2,3,3,4,5,2,1,5,5,3,2,3,0,2,5,3,1,2,5,3,0,5,6,5,3,1,1,1,1,2,0,1,0,2,1,3,1,2,0,2,2,1,1,1,0,2,3,1,8,4,7,4,1,0,6,1,1,2,5,2,0,2,4,1,1,1,5,2,1,1,5,1,1,3,3,1,5,2,1,2,1,1,1,4,0,3,2,1,1,3,2,1,5,1,3,3,4,1,1,2,1,2,4,4,3,5,0,1,3,0,2,4,6,2,1,2,6,2,3,5,0,3,6,4,2,1,2,4,1,5,5,1,5,3,5,2,2,5,2,4,0,0,7,4,3,3,0,4,1,1,3,0,3,3,2,6,3,6,3,1,3,5,3,4,2,5,4,6,4,5,2,3,4,6,3,6,3,4,3,4,2,5,3,4,2,2,3,6,7,3,2,3,0,5,1,3,1,5,4,3,4,1,3,7,4,2,4,4,5,7,7,4,4,1,4,4,2,4,2,8,3,3,4,2,3,2,8,0,3,6,0,4,4,4,3,5,5,2,2,4,8,8,4,3,4,1,7,3,3,4,5,3,0,5,3,5,5,4,1,6,2,1,2,2,7,3,4,5,3,1,4,7,4,4,6,3,4,3,4,7,3,5,2,3,5,5,4,5,2,3,1,4,3,5,3,3,6,3,5,5,4,3,4,4,3,4,4,4,3,2,8,4,3,5,8,4,4,4,5,6,8,6,4,5,3,5,4,3,1,3,6,6,5,4,8,4,4,4,1,4,3,4,3,4,4,4,3,8,3,6,3,3,4,5,3,3,5,4,3,7,3,3,5,3,4,4,4
9226aa22,3,2,1,2,0,3,3,0,1,0,0,0,2,0,2,0,0,0,2,1,3,5,1,2,1,1,1,1,2,3,3,0,0,0,0,1,0,2,0,0,0,3,2,0,4,0,2,0,2,0,1,0,2,1,0,1,2,2,2,0,1,0,0,3,0,0,5,3,1,0,3,4,2,3,1,5,1,1,5,2,0,1,1,4,1,4,2,0,1,6,1,0,2,2,1,1,1,1,2,3,0,0,3,5,2,2,2,0,0,4,0,0,1,2,0,1,1,0,2,2,3,2,3,1,4,2,1,2,2,3,2,2,5,0,2,2,5,3,3,2,6,1,1,1,1,1,0,0,2,1,4,2,0,4,3,1,0,2,0,3,4,4,0,1,3,3,3,0,5,2,3,4,2,4,2,2,4,0,1,4,0,4,3,2,4,1,2,2,2,2,4,2,2,3,3,1,8,2,5,1,2,6,3,4,0,3,5,2,3,2,5,3,0,1,4,2,0,5,3,1,3,2,1,1,3,3,1,1,6,3,0,0,5,3,2,1,7,2,3,2,4,2,3,4,2,3,2,5,1,3,2,3,3,3,5,5,5,6,1,3,2,8,2,2,5,0,2,6,2,3,1,4,2,4,2,5,3,3,4,3,2,1,5,2,1,3,1,2,3,4,3,3,2,2,4,6,4,2,5,5,3,6,4,4,6,6,3,4,6,3,7,2,3,5,4,4,4,6,2,1,1,4,6,4,0,5,6,1,2,4,7,3,3,3,3,4,7,7,1,1,3,3,4,3,6,2,3,4,6,2,4,5,4,2,5,4,2,4,3,5,5,4,3,5,5,5,2,4,5,2,3,3,3,4,5,1,4,3,3,7,2,2,5,2,2,4,3,4,5,3,5,3,4,4,7,6,5,8,6,6,6,6,2,3,3,2,5,3,3,4,4,2,2,3,6,6,5,6,3,4,3,3,4,2,4,3,6,4,6,2,5,3,5,4,2,4,6,6,2,3,5,6,3,3,6,7,3,4,5,4,7,4,5,5,6,7,4,3,4,5
9efa1d25,1,2,1,1,3,2,1,1,1,2,0,1,2,3,2,0,3,0,2,4,2,2,3,2,0,3,0,0,3,3,3,1,2,2,1,3,2,1,3,0,3,2,1,4,2,4,3,2,2,2,3,1,1,1,2,2,1,4,1,4,1,2,1,2,2,2,6,1,3,3,3,4,2,2,3,2,1,0,5,2,1,4,0,5,0,1,2,2,2,4,1,1,2,2,0,1,2,5,2,2,2,3,4,5,1,2,1,3,0,1,1,2,2,3,2,1,2,2,1,0,2,3,3,4,3,1,1,1,1,3,2,1,4,1,3,4,5,1,5,7,4,2,1,2,1,3,1,2,4,1,4,1,1,4,2,3,2,2,0,6,4,4,3,1,4,4,7,3,3,3,0,5,0,7,1,0,1,3,1,3,2,1,1,0,2,2,5,2,4,2,5,3,3,3,5,0,7,2,5,2,4,5,4,5,3,2,6,0,5,0,5,3,2,1,7,1,4,4,3,2,2,3,2,0,3,4,1,1,4,1,3,1,3,1,4,3,7,5,4,4,6,0,2,2,1,5,3,6,1,6,2,4,3,1,5,7,10,5,1,5,1,4,4,4,2,2,4,5,2,4,2,3,1,4,2,7,5,3,4,5,0,1,4,2,0,4,3,1,5,4,6,1,3,0,5,4,2,4,1,2,5,4,1,1,3,8,5,4,3,3,5,2,2,4,2,6,3,4,6,2,2,4,2,4,5,0,4,1,3,3,7,4,2,2,2,5,4,5,4,2,5,3,2,0,3,3,2,5,8,0,5,4,3,2,6,7,4,3,2,8,3,1,1,8,3,4,6,3,7,4,7,2,2,2,6,2,2,1,2,6,4,5,3,0,4,2,2,7,4,2,2,2,3,4,5,5,4,5,7,4,4,4,6,4,2,4,4,1,3,5,4,2,1,2,6,5,3,4,2,6,2,2,3,2,1,1,6,5,5,2,3,1,4,4,5,3,5,6,2,4,5,3,4,2,6,4,2,4,5,4,5,3,6,4,5,8,2,3,4,4
a26fb8aa,1,0,1,3,1,1,1,2,1,1,0,0,0,1,2,0,2,1,1,1,3,2,0,1,0,1,0,1,2,1,1,1,0,1,1,2,1,2,1,0,1,1,2,1,3,1,1,1,1,1,1,2,2,2,0,3,2,2,3,2,1,0,0,1,0,1,4,1,0,1,3,3,1,1,1,4,1,0,4,0,1,2,0,3,1,1,3,1,0,3,1,0,0,1,1,0,1,1,0,1,2,2,1,2,2,0,5,0,1,1,0,1,3,0,0,1,1,0,0,2,1,1,1,0,6,1,1,1,5,1,2,1,5,0,0,1,4,6,2,4,3,2,1,1,1,1,0,1,3,1,5,1,0,2,0,1,1,1,1,3,2,2,1,1,2,4,2,0,4,2,2,5,1,3,2,3,3,2,1,3,2,3,0,1,2,0,4,2,2,4,2,1,0,1,1,1,5,0,2,1,1,4,0,5,1,2,6,3,4,1,3,3,0,1,5,1,2,1,2,0,1,5,0,1,4,4,1,2,5,0,1,0,3,1,0,2,5,3,4,0,7,3,0,3,2,4,2,3,3,5,2,3,1,1,3,3,4,5,1,3,2,7,2,2,2,0,3,6,2,6,0,6,2,1,1,5,2,1,6,5,2,1,4,2,2,3,2,4,5,3,3,3,3,1,5,8,4,2,2,3,4,6,2,2,7,4,4,7,5,1,8,2,3,7,4,5,1,7,1,1,2,3,2,4,6,4,0,1,3,2,5,2,3,2,3,2,6,8,3,3,2,5,3,1,3,0,2,8,5,2,2,3,2,2,4,4,5,2,3,4,4,4,2,3,4,6,3,3,4,3,6,4,2,3,5,2,6,3,2,7,1,3,6,2,4,4,1,6,7,3,3,2,3,3,5,6,5,5,4,3,4,8,4,6,5,4,5,2,5,4,5,3,1,3,6,6,3,9,4,5,3,2,5,2,2,2,5,5,5,4,4,0,9,8,5,7,4,5,4,5,4,8,6,6,6,7,3,8,4,5,7,5,6,8,6,7,6,5,5,6
a53649b7,2,2,4,3,5,4,1,3,3,2,3,2,1,5,3,3,5,5,4,3,2,1,4,2,5,2,7,3,1,4,2,4,2,4,3,4,5,2,5,7,4,3,3,3,2,4,4,4,4,4,3,5,5,0,7,4,4,4,1,4,2,4,4,3,5,6,1,1,3,6,2,1,4,5,5,2,2,4,2,5,4,3,3,1,6,1,2,6,5,1,4,4,2,5,4,6,2,4,5,4,2,2,3,3,6,2,3,5,4,3,5,5,2,1,5,3,4,5,5,1,3,4,4,2,0,7,3,1,0,1,4,1,2,7,1,4,1,2,3,2,1,6,3,3,4,1,5,4,2,4,1,8,5,3,1,5,3,6,5,3,2,4,3,5,1,2,2,6,1,4,3,1,9,0,1,2,4,2,10,2,2,2,4,1,3,5,2,5,3,6,2,3,3,0,3,6,2,4,2,3,4,2,3,3,4,2,2,3,0,4,1,3,5,2,1,6,5,1,1,5,4,1,3,6,3,4,9,7,0,3,4,6,4,6,2,6,0,2,3,3,2,1,2,2,5,3,5,3,4,3,5,3,4,2,2,1,1,3,6,3,4,3,2,3,4,4,5,2,3,1,3,0,6,2,4,2,2,2,0,2,3,6,3,4,7,2,4,1,3,1,4,2,4,7,1,2,3,4,3,3,2,3,3,4,1,1,1,1,3,3,2,3,3,3,5,2,1,2,2,3,0,2,4,3,1,1,1,0,5,5,0,3,6,5,4,3,3,3,2,5,2,2,4,5,3,1,5,1,2,4,4,0,6,4,0,1,1,5,4,1,3,3,2,2,2,2,2,3,1,6,1,3,4,1,2,2,4,4,6,1,5,2,4,3,1,4,6,1,2,3,3,6,5,2,2,3,3,2,3,3,1,1,3,4,4,2,1,3,3,3,3,3,5,3,4,2,4,1,3,2,5,2,2,7,4,5,4,4,3,5,2,1,2,1,1,1,3,3,6,2,3,2,3,2,1,2,3,1,4,6,2,2,2,2,3,2,1,2,3,3
a6103274,0,0,3,3,5,1,0,5,1,6,4,5,0,6,2,4,5,4,5,5,1,0,3,5,3,6,3,1,6,1,1,2,5,7,3,4,3,1,7,5,7,2,2,4,2,5,3,7,3,7,6,7,3,0,5,5,1,4,0,6,1,6,5,1,6,4,1,0,5,6,2,1,2,1,5,1,3,6,0,3,6,2,4,1,2,2,0,5,4,0,6,7,1,3,4,5,2,6,3,0,6,6,2,1,3,1,1,5,3,1,5,6,3,1,5,3,4,7,2,0,2,1,1,3,0,2,5,0,2,3,1,0,0,4,1,1,0,0,1,2,0,5,6,5,8,1,2,5,4,2,2,6,5,1,0,4,3,1,5,4,0,3,1,7,1,1,1,4,0,9,4,0,5,1,0,1,5,1,6,3,0,1,5,1,3,4,2,6,2,2,1,3,1,0,1,7,1,4,2,1,1,3,1,1,8,5,3,1,1,6,0,2,4,1,2,5,7,2,3,2,3,1,5,6,0,5,6,7,1,2,7,7,3,3,2,7,4,1,2,1,3,1,1,3,1,3,6,1,7,2,4,1,3,1,2,1,2,2,6,6,7,3,4,0,3,5,8,1,6,1,3,2,4,2,6,1,2,3,1,5,5,4,4,5,4,2,8,1,1,2,5,3,3,6,0,3,6,3,3,5,1,4,7,7,3,1,0,4,6,3,2,1,8,3,4,3,2,3,2,4,0,1,5,5,2,3,3,5,0,5,1,4,5,6,8,3,3,2,2,6,1,3,4,6,3,1,7,3,3,5,3,1,5,3,0,1,1,6,3,3,6,2,2,2,5,5,4,5,1,4,1,3,5,2,4,0,3,5,6,5,3,1,3,2,4,4,3,1,4,4,4,6,3,2,2,2,6,3,3,3,5,2,2,6,2,2,3,6,2,3,3,6,6,8,5,2,2,2,4,3,5,2,4,7,8,6,2,6,2,2,2,1,3,3,2,5,2,2,4,2,5,4,4,2,3,3,4,3,2,3,3,3,4,3,2,3,3,2,2,2
a83b47fa,2,1,2,0,2,2,4,1,1,0,1,1,2,2,4,1,4,1,4,3,1,2,4,3,2,2,2,1,2,3,3,5,0,1,2,2,3,1,3,1,2,3,5,2,2,2,4,1,1,1,2,2,2,1,2,1,3,6,2,3,2,1,3,2,5,4,3,2,2,3,1,2,4,2,3,4,2,3,2,8,1,3,1,1,2,3,0,3,4,1,2,2,3,4,2,4,1,4,6,2,1,1,4,3,4,3,2,2,2,5,4,3,1,2,2,3,3,2,5,2,5,5,6,3,0,3,4,3,1,3,4,1,2,2,1,5,1,1,3,2,1,3,2,4,4,0,2,1,1,4,1,4,3,2,3,5,3,4,4,1,2,2,3,2,1,0,2,5,0,5,3,0,4,1,2,4,8,1,6,3,3,5,4,4,3,5,1,5,5,5,3,4,4,2,5,3,4,5,5,2,3,5,2,3,2,2,2,4,1,3,2,6,2,2,2,4,4,5,5,3,5,0,1,2,1,3,6,3,1,6,1,3,8,2,3,3,4,1,4,2,3,4,3,7,2,4,5,3,2,3,6,3,4,5,6,4,3,2,4,6,3,5,2,2,6,4,4,2,3,2,5,0,8,5,7,2,6,6,1,2,3,3,4,6,3,2,3,1,3,2,5,4,3,3,1,3,4,7,6,7,3,5,5,4,3,3,0,2,5,7,4,4,5,3,4,4,6,3,5,3,3,6,5,5,4,3,2,5,5,0,2,6,4,5,4,7,2,3,3,3,4,4,7,4,7,3,5,2,5,2,6,2,8,5,1,3,2,5,5,4,5,4,5,5,4,5,2,4,2,5,2,7,4,1,4,3,5,6,5,4,5,2,4,3,2,8,8,2,5,4,7,9,7,5,4,5,6,4,3,8,4,2,3,4,4,4,3,4,3,5,4,5,5,5,5,4,7,2,4,4,8,5,5,5,6,7,5,6,5,5,7,4,3,2,2,3,5,5,6,3,6,4,4,2,4,3,6,2,6,6,5,4,3,2,4,4,2,3,3,3
a8567629,1,2,1,0,0,1,2,0,1,0,0,0,2,0,3,0,0,0,1,1,4,3,1,1,0,1,0,0,1,4,4,1,1,0,0,0,0,0,0,0,0,1,2,1,2,1,2,0,1,0,1,0,0,2,1,0,1,1,2,1,1,1,1,1,1,0,3,1,2,0,3,2,2,2,1,4,1,0,6,1,0,1,1,6,0,2,2,1,2,4,0,0,2,0,0,1,0,2,2,2,0,1,4,4,1,2,4,1,0,1,0,0,0,4,0,0,0,1,1,0,3,1,1,2,7,1,0,1,3,4,1,1,5,1,2,2,7,3,3,4,5,0,0,0,0,1,0,1,3,1,5,1,1,3,2,1,1,1,0,3,4,3,2,0,5,2,4,1,4,2,0,7,0,6,0,2,1,4,0,5,0,3,2,0,4,1,4,1,2,2,6,2,2,3,3,0,7,2,5,3,3,5,3,4,1,2,6,2,7,0,4,1,1,1,7,1,1,4,3,2,2,4,2,0,4,1,0,0,5,1,1,1,2,2,2,0,6,3,4,3,3,1,2,2,1,4,3,7,0,4,1,2,3,1,3,5,7,3,0,4,1,6,1,2,2,0,1,6,1,3,1,4,0,3,1,5,2,3,6,3,0,0,3,1,0,3,2,3,5,5,4,1,2,1,7,5,2,3,1,3,3,3,2,2,5,7,7,6,3,3,5,0,1,7,2,5,3,5,4,0,4,3,3,2,7,7,5,0,1,2,0,4,2,1,1,4,4,5,5,0,3,2,2,0,2,3,1,6,7,2,3,4,2,2,7,6,4,2,1,6,3,1,1,6,3,2,3,2,7,3,5,1,1,4,6,0,4,1,1,5,3,3,3,0,3,5,1,6,5,2,2,1,2,2,7,4,4,6,6,3,5,7,4,2,1,3,2,1,2,3,3,1,0,1,3,5,2,5,2,3,2,2,3,1,2,1,4,3,5,1,2,1,3,5,3,2,6,4,1,2,3,5,2,3,6,6,2,5,3,3,5,3,3,3,5,7,2,2,3,3
a8f21b9f,1,2,1,0,1,3,3,2,1,1,2,2,1,1,4,2,3,3,5,2,1,2,3,2,2,3,3,0,3,3,3,4,2,2,1,2,2,0,2,3,2,3,4,2,2,2,2,2,3,2,3,3,2,0,5,1,5,4,3,2,1,3,2,2,6,3,1,1,4,1,0,2,5,5,2,3,2,3,1,6,2,2,1,1,2,3,1,5,2,3,2,4,1,1,1,6,0,4,6,4,2,3,6,2,4,1,2,2,3,3,4,1,2,2,1,1,1,3,3,1,6,4,4,4,0,4,4,3,1,7,3,3,2,5,2,4,3,2,2,1,3,1,2,2,3,1,4,3,3,3,0,1,5,3,3,4,6,3,4,2,3,5,2,2,3,1,2,4,2,5,1,3,2,2,2,2,5,1,4,3,2,3,3,3,4,3,4,6,4,2,2,5,2,2,3,3,5,5,4,2,2,4,5,3,4,2,2,3,2,2,2,3,2,1,3,2,3,4,5,6,4,1,3,2,3,0,3,2,2,4,3,5,3,2,4,1,6,2,3,2,2,1,2,5,4,4,7,2,3,4,4,1,5,4,3,4,4,2,1,7,3,3,1,3,4,2,1,4,3,3,3,1,5,5,4,4,4,5,1,2,2,1,3,6,3,4,4,0,4,1,6,3,3,2,3,2,3,7,4,7,3,2,4,3,2,3,3,2,3,6,3,2,4,2,6,4,4,1,3,1,3,4,3,2,3,4,2,3,4,6,4,0,5,2,3,5,4,4,4,2,5,3,6,1,4,2,3,2,3,1,3,4,4,6,3,4,4,3,4,5,4,3,3,3,4,3,2,3,3,5,3,4,1,1,3,2,2,5,5,6,6,3,6,3,4,5,5,3,4,2,4,5,5,3,4,4,6,5,2,6,5,2,4,3,4,5,1,3,3,1,5,5,2,4,1,2,5,2,2,3,7,4,6,3,4,5,6,4,5,5,3,1,2,2,3,4,4,5,5,2,2,3,3,3,4,5,7,2,7,6,4,3,3,4,6,4,3,2,4,4
b6a1cdf9,1,1,1,1,2,2,1,2,1,2,2,2,0,2,2,2,2,4,3,1,1,0,2,2,3,2,5,0,1,3,1,2,2,3,2,2,2,0,2,5,2,1,1,1,0,1,2,3,3,3,2,3,3,0,6,1,4,1,2,1,0,3,2,1,4,2,1,0,2,2,1,1,2,3,2,1,1,3,1,3,3,0,2,1,3,0,1,5,1,3,2,4,0,2,1,5,1,1,4,2,2,2,5,2,6,0,3,2,3,2,4,3,1,0,2,1,2,3,2,0,3,3,2,1,1,4,2,1,0,2,1,2,2,6,1,2,2,2,3,2,2,2,3,1,3,1,5,2,3,2,1,3,5,1,1,2,3,2,3,2,2,4,1,4,2,2,2,3,2,4,0,3,5,1,1,1,4,0,5,2,2,1,3,1,1,2,3,6,2,5,1,2,1,0,0,4,3,3,2,1,1,4,2,0,3,5,1,2,0,4,2,2,3,0,1,2,1,1,3,4,3,2,2,4,4,4,4,4,3,2,3,5,3,2,1,3,3,1,4,0,2,0,1,4,5,4,8,2,4,3,6,2,2,2,2,3,3,3,4,6,6,4,0,4,4,2,3,4,4,1,2,2,4,2,3,4,3,3,1,5,3,2,4,4,5,2,5,2,5,0,6,4,3,4,3,3,6,3,2,5,3,4,4,5,4,2,2,2,5,4,3,1,4,4,6,2,1,4,2,1,0,2,4,4,3,2,3,6,5,4,2,5,0,4,5,3,5,4,2,3,3,3,6,3,3,1,4,2,2,4,3,1,4,5,1,1,4,4,2,3,7,4,1,2,5,3,3,3,3,6,2,3,3,2,2,1,5,6,7,4,5,4,7,3,5,4,4,2,2,5,4,5,5,2,3,4,5,4,5,3,4,4,2,5,4,4,2,4,4,2,4,4,3,4,4,4,4,3,5,3,6,2,5,6,4,6,5,4,4,5,2,0,2,2,2,4,4,4,6,3,3,3,4,4,2,4,5,3,4,7,3,3,3,5,5,3,4,3,3,3
b70afb45,1,1,6,3,6,2,1,5,0,5,6,6,1,7,0,6,4,4,1,6,0,1,6,3,6,5,4,0,3,0,0,1,6,6,7,3,6,0,6,5,3,0,0,6,2,6,5,6,3,6,5,4,1,0,4,2,2,1,0,5,0,7,7,2,2,4,3,1,6,5,3,1,1,1,8,1,0,7,1,3,6,1,7,0,4,2,0,2,6,0,5,5,0,4,5,5,5,5,2,1,5,5,2,1,2,0,2,8,5,1,3,6,2,0,8,8,7,6,1,1,1,1,2,0,0,1,2,1,2,1,2,0,1,4,1,1,0,0,1,1,0,7,5,6,5,1,1,5,2,1,0,7,4,0,2,4,1,1,2,4,1,1,1,8,2,0,2,5,0,6,4,0,5,0,1,2,4,0,5,1,2,1,4,2,1,7,0,3,3,3,1,1,2,1,2,7,3,3,4,0,1,2,0,1,5,4,0,1,1,9,1,4,8,0,2,6,4,2,1,2,2,0,5,8,0,4,6,4,2,2,6,4,4,2,0,8,2,2,2,0,2,1,1,3,1,2,3,1,7,2,8,2,1,3,5,2,2,1,7,2,9,3,5,1,3,6,7,2,6,4,4,1,4,2,6,2,3,2,0,3,8,8,5,2,4,0,6,1,2,0,4,4,2,4,0,2,8,4,2,4,3,5,7,9,3,3,0,2,5,2,4,2,7,2,4,2,2,2,2,7,0,3,7,8,3,2,2,5,6,5,1,2,4,0,9,3,3,3,1,8,3,4,4,8,3,0,5,1,3,7,4,0,8,2,0,2,2,10,3,2,6,3,1,4,6,3,4,6,2,4,3,4,10,4,3,2,2,7,7,2,6,2,2,1,3,3,5,2,2,6,3,6,5,4,3,3,3,2,4,4,4,2,2,7,4,2,4,9,4,4,3,5,9,7,5,4,5,2,6,3,3,1,2,8,6,6,3,6,3,4,4,1,3,1,3,2,3,3,5,4,6,2,5,3,2,3,5,2,3,4,3,3,4,2,2,3,4,5,4,4
b85a5126,1,1,5,4,6,2,1,7,0,7,6,6,1,7,0,6,4,5,2,6,0,1,4,2,5,7,4,0,5,0,0,0,6,8,5,4,4,0,6,6,5,0,0,4,3,6,3,8,3,8,7,6,1,0,5,4,3,1,0,5,0,7,5,2,3,4,3,1,6,5,2,2,2,1,8,1,1,7,0,2,8,0,6,0,3,2,0,3,4,0,6,6,0,3,4,6,3,5,3,1,7,7,3,1,3,0,1,6,5,1,4,6,4,0,6,6,5,6,1,1,2,0,1,1,0,1,2,1,3,2,1,0,0,5,1,0,0,0,0,1,0,7,6,6,7,1,2,7,2,1,1,6,5,0,2,4,2,0,3,4,1,1,0,8,2,0,1,3,0,8,3,0,4,0,1,1,4,0,4,1,0,1,5,2,2,5,1,5,2,2,0,2,1,1,1,7,2,4,3,0,0,3,0,1,7,5,1,1,2,9,1,2,6,0,2,5,4,2,2,3,2,1,6,8,0,4,4,6,1,2,8,5,3,2,0,8,4,2,1,0,2,1,1,4,1,1,4,0,9,1,6,1,1,3,4,1,2,1,6,4,9,3,5,0,3,4,7,2,8,2,3,2,3,2,5,1,3,3,1,5,8,6,3,3,5,1,8,0,1,1,4,5,1,5,0,2,8,3,2,5,2,4,8,10,3,2,0,3,5,3,2,1,9,2,5,2,2,2,1,7,0,2,7,8,3,2,3,4,8,4,1,3,5,9,0,2,3,2,1,8,2,2,5,7,3,0,7,2,3,7,3,0,6,3,0,1,1,8,2,2,6,3,1,2,7,5,4,8,1,3,1,3,8,3,3,1,2,7,8,4,5,1,3,2,5,3,4,1,3,5,4,5,4,3,3,2,4,2,3,3,4,2,1,7,3,1,5,9,3,3,2,5,7,9,5,2,4,2,4,3,4,1,3,7,7,7,2,6,2,3,3,1,3,2,3,4,2,2,4,2,6,2,5,3,3,3,6,3,2,3,2,2,4,3,2,3,4,3,3,3
bd9553e6,1,1,1,0,1,2,2,0,1,0,0,0,1,1,4,0,3,0,4,2,1,1,3,3,1,1,1,3,2,4,2,5,1,0,1,1,2,2,2,0,1,2,5,2,1,2,3,0,2,0,1,1,2,0,2,1,3,5,1,3,3,1,2,3,5,3,4,1,2,2,3,1,5,2,3,3,2,2,3,6,0,4,0,3,1,2,0,3,3,2,1,1,2,5,1,4,1,4,6,2,0,1,4,4,4,2,2,2,1,5,3,2,0,4,1,2,1,2,2,0,6,4,5,5,1,3,2,2,0,3,4,1,3,2,1,6,3,0,5,4,2,1,1,3,3,0,2,1,4,2,2,2,4,3,2,4,4,3,4,3,4,4,4,0,2,2,3,4,1,5,3,2,2,3,2,4,6,3,4,5,3,5,3,5,3,4,3,2,4,3,4,5,4,2,7,1,6,5,6,2,3,6,3,3,2,1,4,4,2,1,3,5,2,3,3,2,4,6,4,2,7,2,1,0,4,3,4,1,3,5,1,3,5,3,4,1,6,3,8,4,4,2,3,5,2,7,6,5,0,6,3,5,3,4,6,5,5,2,3,7,1,5,2,4,5,2,3,4,1,3,4,1,5,6,6,4,6,6,3,1,1,1,3,4,2,3,3,3,5,2,6,4,5,1,3,3,3,7,4,4,6,6,3,2,4,5,2,4,5,7,4,3,3,3,3,7,6,3,5,2,3,5,3,4,4,5,2,3,3,7,4,5,3,3,2,0,2,3,3,1,4,4,5,2,6,3,3,3,7,0,5,5,6,6,2,4,5,3,3,7,4,3,3,7,4,3,4,2,4,7,4,7,3,3,6,3,4,3,3,4,5,4,4,2,2,4,5,4,4,2,4,7,5,5,3,5,6,4,3,7,4,2,4,3,2,8,3,2,3,5,5,2,3,3,5,5,5,2,2,4,4,4,7,3,4,5,5,5,7,4,4,4,2,4,4,2,7,6,4,3,7,4,2,2,2,3,4,1,4,5,5,4,3,2,4,4,1,3,3,2
cb11b429,2,3,0,2,1,3,3,0,3,1,0,0,2,1,1,0,0,1,2,0,3,4,0,2,2,0,3,2,1,4,4,1,1,1,0,1,0,2,1,2,0,4,1,0,2,0,1,1,5,1,0,1,3,2,2,1,2,1,3,0,2,1,1,2,1,0,3,3,0,1,1,3,1,6,1,3,1,1,2,1,1,1,2,3,1,2,4,1,0,7,2,2,2,2,1,2,1,0,0,3,0,0,2,4,2,2,1,1,0,2,1,1,1,2,1,0,2,1,1,3,1,2,2,0,2,4,2,2,1,3,3,4,4,2,3,1,4,3,3,2,7,1,2,0,1,2,2,0,3,1,3,2,1,4,3,0,1,2,0,4,4,6,1,2,1,4,3,1,7,2,2,4,3,3,2,0,3,0,3,2,0,1,0,1,1,1,4,3,1,2,1,1,2,3,1,2,6,0,2,2,3,4,3,2,1,2,3,1,1,2,4,2,1,2,3,1,0,2,3,1,2,1,0,2,3,4,2,1,5,2,1,2,3,4,2,2,5,2,2,1,5,2,3,3,4,4,4,2,3,5,3,3,2,1,3,4,4,6,2,2,3,6,1,3,4,1,3,6,1,4,0,3,2,3,2,6,1,1,2,4,1,1,6,1,1,2,2,1,3,2,4,2,3,1,3,6,4,2,4,3,3,6,2,3,4,4,5,3,6,1,6,2,2,5,5,3,3,5,1,0,1,2,3,3,7,4,6,3,3,2,4,4,5,3,3,2,0,8,2,3,3,4,2,3,4,2,1,4,3,2,3,5,2,2,4,3,3,4,5,4,5,4,4,3,4,4,3,2,5,4,4,2,3,3,3,1,4,3,4,7,2,3,6,2,2,2,2,4,4,2,3,3,3,3,5,5,5,8,6,4,5,5,4,5,5,3,4,2,5,3,6,3,2,2,6,4,5,6,2,4,3,3,4,4,2,3,7,4,5,4,4,2,5,4,3,5,4,6,4,4,3,6,4,5,5,7,3,4,6,5,6,4,6,7,7,6,5,4,6,7
cb64672e,1,1,2,2,1,2,1,1,2,0,0,0,0,1,2,0,2,2,2,1,4,2,1,1,0,0,1,1,1,2,2,3,0,0,2,1,2,2,1,1,0,2,1,2,2,1,2,0,2,0,0,0,3,1,1,2,3,2,2,2,1,0,1,1,0,1,4,1,0,1,4,2,1,3,1,4,1,0,4,2,0,3,0,3,1,1,3,2,1,5,0,1,0,2,1,1,2,1,0,2,1,1,2,3,3,0,3,1,1,1,0,1,2,0,1,2,2,0,0,2,2,3,3,0,4,2,2,1,3,3,4,3,6,1,1,2,4,5,4,4,5,2,0,1,0,2,1,0,2,1,4,2,0,3,1,1,2,3,1,4,2,4,2,1,2,4,4,1,6,1,2,6,1,3,2,2,3,1,3,2,2,2,0,1,2,1,5,2,2,4,3,1,2,2,2,1,8,0,3,1,3,4,2,4,0,2,4,3,2,1,3,4,1,1,6,2,2,1,2,1,1,3,0,1,4,4,2,1,6,0,0,1,4,1,1,2,5,4,5,0,7,2,1,2,2,6,3,4,2,7,3,5,2,0,4,5,5,5,2,2,2,7,2,5,3,1,3,7,1,6,1,5,4,2,2,8,2,1,3,3,2,2,6,1,2,2,1,3,6,2,4,3,5,1,4,7,3,3,3,4,5,6,2,2,5,6,5,5,5,1,8,4,2,7,5,5,1,6,2,1,0,3,2,4,7,5,8,3,2,3,5,4,4,3,2,3,8,0,3,3,4,6,2,1,3,0,1,6,5,1,4,4,3,3,4,4,4,4,5,5,4,4,2,4,5,5,3,2,6,4,6,4,3,3,5,3,5,2,3,7,3,5,6,3,3,3,3,6,5,4,3,3,5,5,6,6,5,7,6,5,5,7,6,5,7,5,4,2,7,5,8,3,2,2,6,6,5,7,5,5,3,2,4,4,2,2,8,5,7,6,4,0,8,6,5,6,6,7,4,6,4,7,6,6,5,8,3,6,7,6,7,6,7,8,7,8,6,6,8,9
d139daf9,1,3,1,1,1,2,2,1,5,0,0,0,2,0,4,0,1,2,2,0,5,1,0,1,0,0,1,3,0,4,5,5,1,0,1,2,1,4,0,1,2,4,3,3,1,1,1,0,2,0,0,0,3,4,2,3,4,2,4,3,4,1,1,1,3,0,1,1,1,2,1,2,3,3,1,4,4,0,1,3,0,6,1,6,1,1,3,4,2,1,0,1,3,2,2,2,1,1,3,4,1,2,1,4,3,3,3,1,1,2,2,1,3,5,0,1,1,2,3,3,4,4,4,5,4,4,4,2,4,4,6,4,2,2,3,4,4,4,3,5,2,0,0,0,1,5,3,1,1,5,4,1,1,4,4,0,4,4,2,1,4,2,6,0,2,3,3,3,3,3,2,5,1,3,5,4,4,8,2,3,3,3,1,2,3,3,6,1,4,2,3,3,4,4,4,0,3,3,1,5,3,3,4,2,1,0,3,5,4,0,3,5,1,4,5,0,3,6,5,4,2,3,1,0,3,2,1,1,2,2,1,3,4,2,6,0,2,2,4,5,4,5,4,2,3,5,4,3,0,6,2,4,5,1,3,4,4,2,1,3,1,4,0,3,5,2,2,5,0,3,2,2,4,7,3,5,3,5,2,3,1,0,1,1,1,2,3,4,5,3,2,4,4,1,4,5,1,4,4,3,6,1,1,1,2,5,6,6,2,4,1,6,1,7,2,4,5,5,6,0,5,4,1,1,1,4,3,2,2,3,5,4,2,1,1,3,2,3,0,0,6,2,2,1,4,4,1,5,4,1,6,0,2,6,3,4,5,1,3,2,1,5,3,5,2,5,2,0,4,3,5,3,1,1,4,5,5,2,3,1,3,5,2,5,3,5,3,5,4,2,4,3,3,5,4,2,2,3,3,2,2,4,7,1,5,3,3,1,3,5,4,4,0,1,3,1,3,4,2,2,3,4,1,3,2,3,3,2,1,4,3,2,2,4,3,2,2,2,2,3,2,4,2,4,5,3,2,4,4,2,1,2,2,4,4,2,2,2,3,3
d571df78,1,1,6,4,7,2,1,6,0,6,5,5,1,8,0,5,5,4,1,7,0,1,5,3,5,6,5,0,4,0,0,1,5,7,6,4,5,0,7,5,4,0,0,5,3,7,4,7,3,7,6,5,1,0,4,3,1,2,0,6,0,6,7,2,2,5,3,2,5,6,3,2,1,1,8,0,0,5,1,2,8,1,6,0,3,2,0,2,5,0,7,5,1,3,4,4,5,6,1,1,7,6,2,0,1,0,1,7,5,0,3,7,3,0,7,7,6,5,1,1,1,1,1,0,1,1,2,2,4,2,1,0,2,4,1,1,0,0,1,3,0,8,7,7,5,1,1,6,1,1,2,7,4,1,2,6,1,1,3,5,0,1,1,7,1,0,2,4,1,5,2,0,4,0,1,0,2,0,5,1,2,0,4,1,1,5,2,4,2,3,1,1,1,0,1,6,1,2,3,0,1,0,0,2,6,5,1,1,2,7,1,1,7,0,2,6,5,0,0,2,1,1,5,7,0,6,5,5,0,1,7,4,2,2,0,9,1,3,1,0,3,0,0,1,1,1,2,1,9,2,6,1,1,2,3,1,2,1,8,2,7,1,6,1,1,5,7,0,8,3,4,2,4,0,4,1,2,0,1,3,7,7,3,2,4,0,6,0,1,1,4,2,2,4,0,2,5,4,1,2,1,3,5,7,2,1,0,2,2,0,3,1,6,1,4,3,0,1,1,7,0,1,5,7,1,2,3,5,6,3,0,2,3,8,8,1,3,3,0,0,2,3,2,7,1,0,6,2,2,8,2,1,5,0,1,2,1,7,4,2,3,1,2,1,4,2,4,7,1,4,2,2,7,2,3,1,1,4,5,3,5,1,2,1,3,2,4,2,3,5,1,4,3,2,1,3,3,1,3,2,2,2,2,8,4,2,3,6,4,2,3,4,8,6,4,2,3,2,4,4,3,1,2,7,4,4,3,7,3,4,2,0,4,2,4,3,2,3,5,3,5,2,6,3,2,3,5,3,3,4,3,3,5,2,2,4,3,4,4,4
dbf053da,4,4,2,2,3,5,4,1,2,1,1,1,3,2,3,1,2,2,3,3,1,4,3,0,1,2,2,1,3,2,3,3,2,1,3,2,2,3,2,2,1,5,3,4,4,3,3,1,4,1,2,0,2,1,3,2,5,4,6,2,2,2,2,4,2,2,5,4,3,2,2,6,4,4,3,4,2,1,2,4,1,6,1,2,1,4,1,2,2,4,1,2,2,3,0,3,5,4,3,7,1,2,3,3,1,2,0,3,1,3,1,2,4,3,2,2,3,1,3,4,4,7,6,5,0,4,2,4,3,5,6,4,4,3,4,7,3,4,5,4,3,2,2,2,0,4,3,2,1,3,0,1,3,5,5,3,4,6,0,3,4,3,5,1,4,2,5,3,2,2,1,3,0,2,4,1,2,3,2,4,4,3,1,2,4,3,3,2,6,1,4,4,4,2,5,1,6,3,4,3,3,4,5,5,2,0,3,2,3,1,3,5,4,2,3,2,2,6,7,6,1,2,2,1,3,4,1,0,2,2,2,3,6,2,6,2,4,3,4,4,4,3,3,3,5,5,4,4,1,5,5,3,5,2,6,8,6,4,2,4,3,4,4,4,5,2,2,4,3,4,4,2,3,7,3,7,5,5,1,3,1,2,4,2,1,4,3,2,5,1,4,4,5,0,4,3,1,5,5,2,6,3,2,2,4,4,2,3,2,4,4,6,2,2,5,5,5,4,7,2,4,7,3,3,3,5,2,2,1,4,3,5,3,3,2,4,3,4,6,2,0,2,3,0,5,4,1,1,4,2,6,1,3,4,2,5,3,2,5,5,1,4,3,5,1,4,3,2,4,3,4,3,3,0,5,5,2,2,4,3,7,6,4,4,3,3,4,4,3,3,5,3,3,5,3,5,2,4,4,5,3,1,5,2,7,3,3,2,3,3,4,3,2,2,4,4,7,3,3,4,3,4,2,4,1,2,6,3,3,5,6,2,3,1,3,2,3,5,3,3,3,2,2,2,5,4,4,1,7,4,4,2,4,4,5,3,2,2,3,4
e6536124,0,0,2,1,1,0,0,1,1,0,1,1,0,1,1,1,3,1,1,1,2,1,2,2,1,0,0,2,1,0,1,4,1,0,3,1,3,1,2,0,0,0,1,3,0,1,3,0,0,0,0,1,1,1,0,1,1,2,0,2,2,1,3,0,1,2,2,0,1,1,3,1,0,0,1,1,2,2,2,2,0,2,1,2,2,1,2,1,2,1,1,1,0,1,2,1,2,2,0,0,1,1,0,1,1,0,2,2,2,0,0,1,1,0,2,3,3,1,0,1,1,1,1,1,2,0,2,2,1,1,2,2,2,0,0,1,1,2,3,3,1,2,1,2,1,1,2,0,4,1,2,2,1,1,0,2,3,1,2,1,0,1,2,2,2,3,2,2,2,2,3,2,2,1,2,3,4,1,3,1,4,0,0,3,0,2,3,2,2,3,2,0,1,1,3,3,3,0,3,0,2,2,1,2,1,2,1,2,1,2,1,4,2,2,5,3,3,2,1,0,1,5,0,2,1,2,4,1,5,0,0,1,3,0,1,2,3,5,4,0,5,1,0,3,0,6,2,2,2,6,4,4,0,0,5,2,3,2,2,2,3,3,1,3,3,2,3,3,1,7,1,1,4,2,3,4,4,2,2,4,3,3,7,2,2,1,1,3,3,1,3,4,3,1,1,5,3,3,2,4,4,5,3,2,2,4,2,2,5,2,6,2,3,4,3,4,2,4,2,1,1,2,2,3,3,3,5,2,3,4,2,3,3,4,2,4,4,6,2,3,2,0,2,2,2,0,1,4,3,1,3,4,4,3,2,5,6,4,3,5,6,4,3,4,3,4,6,2,4,3,6,6,4,2,2,3,3,3,2,5,2,7,3,1,5,2,2,5,5,6,2,4,4,5,3,4,5,4,4,4,4,6,6,4,5,7,5,3,9,5,7,4,4,3,4,6,3,5,7,8,3,3,5,3,3,2,4,4,5,6,3,1,7,5,8,8,4,4,4,10,4,6,8,8,3,3,3,7,4,4,6,10,4,5,3,5,8,10,8,7
f15f8b2b,2,1,1,1,1,2,3,2,0,1,2,2,1,1,3,2,2,3,3,2,0,2,3,1,2,3,3,1,2,2,2,2,1,2,1,2,2,1,1,3,2,2,4,1,2,1,2,2,1,2,3,3,2,1,4,1,5,3,3,1,0,2,1,3,5,2,2,1,3,1,0,2,5,2,2,3,2,3,2,5,2,2,1,0,3,2,1,4,2,1,1,2,1,3,1,4,0,2,8,3,2,2,4,2,5,1,3,1,3,6,5,1,2,2,1,2,2,2,4,1,5,3,4,4,1,3,2,3,1,3,2,1,2,4,1,4,2,2,1,0,1,2,1,2,3,0,3,2,2,3,0,2,4,1,3,3,3,3,4,0,3,1,2,3,2,1,1,3,0,4,1,0,4,2,3,3,7,1,3,1,3,5,5,4,3,3,1,5,6,5,1,5,2,1,4,3,3,7,3,1,1,5,3,3,2,3,1,3,1,4,3,4,1,0,1,2,1,4,4,5,4,0,2,3,3,1,3,4,1,6,2,2,6,1,2,2,4,0,3,2,1,2,2,8,4,1,4,1,3,1,5,1,3,7,6,2,2,3,3,5,4,4,1,1,6,2,2,3,4,2,4,0,5,4,5,1,5,6,2,4,4,2,2,8,6,6,3,0,3,1,3,7,0,4,2,2,6,6,4,7,3,5,5,5,5,2,0,1,4,7,4,2,5,2,6,2,4,2,2,2,3,6,6,4,4,2,3,4,4,7,2,6,6,4,5,5,2,2,2,2,3,2,0,3,7,1,6,1,3,2,4,2,6,6,1,3,2,4,3,2,5,6,3,3,6,5,1,5,1,5,2,7,3,1,2,3,4,8,6,4,4,1,7,4,3,6,6,2,4,3,7,7,8,5,4,5,6,3,2,7,4,2,1,4,4,3,3,5,2,4,2,5,3,5,3,4,6,3,3,3,8,4,7,3,5,8,4,4,5,5,6,2,3,1,1,3,5,5,8,2,4,2,3,2,4,3,8,2,5,7,4,2,2,4,4,3,3,2,2,2
f586779e,1,1,4,3,4,2,1,4,2,4,5,5,1,5,1,5,2,3,2,4,2,1,4,6,6,4,5,2,2,2,2,1,5,5,5,3,4,2,4,4,4,2,1,4,2,4,5,5,3,5,4,4,3,1,3,3,1,1,0,5,2,6,6,2,3,2,1,2,5,5,1,1,2,2,6,2,1,6,0,3,6,1,7,2,4,2,1,3,6,1,6,4,3,4,7,4,4,3,3,1,5,4,2,3,3,2,2,6,5,3,4,6,1,2,6,7,5,7,3,1,3,1,2,1,1,3,4,1,2,2,2,1,1,3,1,1,1,0,1,2,1,5,6,5,6,1,1,4,2,3,3,7,3,3,3,3,0,1,4,3,2,2,1,7,1,1,0,5,2,6,6,0,7,0,3,3,5,1,5,2,2,2,6,2,2,7,2,3,1,2,1,2,2,2,2,6,1,4,2,1,1,2,1,0,4,5,1,3,0,8,3,3,6,2,0,4,4,3,1,1,4,0,4,7,0,5,6,5,2,4,5,5,3,4,2,6,1,1,1,2,1,2,3,2,2,1,3,1,6,1,5,2,3,4,2,0,0,2,8,2,7,3,3,0,4,6,6,1,6,2,4,1,5,3,5,0,1,2,0,2,8,6,3,2,3,0,6,2,0,2,2,2,2,5,0,2,7,3,4,3,1,3,5,7,2,1,0,2,5,2,2,2,5,2,2,1,3,2,1,5,0,1,6,5,3,0,1,5,6,4,0,1,3,8,7,2,3,1,1,7,0,2,3,0,4,2,7,1,2,7,3,1,7,2,0,0,1,8,3,0,5,3,3,3,5,3,2,6,0,3,1,2,7,4,2,1,2,6,5,1,3,0,1,3,2,3,5,0,2,4,3,5,3,2,2,1,3,2,2,2,3,1,1,5,1,0,3,7,2,3,1,5,8,5,4,2,2,1,4,1,3,2,1,7,6,6,1,5,1,1,2,3,1,1,1,1,1,1,3,2,5,2,3,2,1,2,3,1,1,2,1,1,2,1,1,1,3,3,2,2
f8405304,3,2,0,2,1,5,5,0,2,0,0,0,2,0,4,0,1,0,4,1,2,4,2,2,2,1,2,3,2,4,4,3,0,0,0,3,1,5,0,0,2,5,6,1,4,0,2,0,3,0,1,0,4,1,1,3,4,5,3,1,2,0,0,6,4,1,4,3,1,2,0,5,6,4,1,5,2,1,1,5,0,5,1,3,2,4,1,2,2,3,1,0,3,6,2,2,2,1,6,4,0,0,2,5,3,3,1,0,1,8,4,1,3,4,0,1,2,1,4,3,5,6,7,5,0,5,3,3,2,3,4,2,2,1,2,7,2,2,3,2,3,1,1,1,2,2,3,0,0,3,2,2,2,5,4,2,2,4,3,1,3,3,3,1,1,2,2,3,2,3,4,0,4,3,4,4,8,3,3,3,3,7,3,5,4,3,2,3,5,2,2,6,3,2,6,1,4,5,2,2,2,5,3,3,0,1,3,4,1,2,4,7,0,2,1,1,1,7,5,2,5,0,0,1,3,4,3,2,2,7,0,1,7,4,5,1,4,0,4,5,4,4,4,6,4,2,3,2,1,3,4,3,4,6,7,4,3,5,3,4,2,6,2,2,7,2,3,3,2,2,4,1,5,7,5,3,6,5,1,3,2,1,3,5,3,4,2,1,2,3,2,5,2,2,1,5,3,6,7,5,3,5,3,3,5,3,0,3,5,6,4,5,3,3,5,3,6,5,4,1,2,5,5,3,6,3,3,3,3,7,2,4,3,3,3,6,4,3,4,1,5,2,7,4,0,3,4,2,4,1,6,3,6,5,2,3,3,3,5,2,3,5,5,5,4,7,1,3,1,4,2,6,3,1,4,3,5,5,5,4,3,2,5,4,1,6,6,2,5,2,7,7,6,6,4,6,5,5,3,8,4,2,3,2,4,3,5,3,2,6,2,5,2,3,6,3,7,4,2,4,6,5,5,3,4,7,6,4,5,4,6,4,3,2,1,3,5,7,5,3,5,4,2,2,6,4,6,2,7,4,4,2,4,4,6,3,3,2,2,3
fffea3e5,5,6,0,1,0,2,4,0,6,0,0,0,7,0,2,0,0,0,2,1,5,3,1,2,2,1,1,5,1,5,5,1,1,0,1,1,0,5,0,0,1,5,3,1,2,1,3,0,3,0,1,0,3,7,1,1,1,2,4,2,8,1,0,2,2,0,2,6,2,1,0,3,3,3,1,3,3,0,2,3,0,3,1,4,1,2,4,2,2,5,1,0,8,1,2,1,1,2,3,4,0,1,4,4,1,9,0,1,0,4,1,2,0,9,0,0,0,2,5,5,3,4,3,4,1,3,3,4,0,2,4,5,1,1,7,4,4,1,4,4,3,0,2,0,1,5,0,1,1,6,3,1,2,5,5,1,1,3,1,1,6,2,6,0,5,1,3,2,2,2,2,3,2,3,2,2,2,5,1,4,1,3,2,2,3,2,3,1,2,1,7,3,7,8,3,0,2,3,2,7,6,4,4,2,1,0,3,1,4,0,3,1,2,8,2,0,2,5,7,3,3,2,1,0,2,2,1,1,2,5,1,3,4,4,6,0,2,2,3,7,1,5,8,3,3,3,3,5,0,2,1,2,5,3,1,5,4,2,2,4,1,2,2,2,4,2,1,1,2,1,4,2,1,5,1,2,1,5,2,2,0,0,1,1,0,2,3,4,3,6,2,1,3,1,5,1,0,3,5,0,2,0,0,0,2,2,4,2,1,4,1,3,0,2,1,4,7,2,8,1,6,4,2,0,2,3,0,1,1,3,3,2,1,0,0,3,2,0,4,0,4,0,1,2,3,0,2,2,4,1,5,3,2,2,3,3,1,0,4,3,0,2,7,4,0,1,1,1,4,2,2,0,0,1,3,2,2,0,0,1,3,2,1,2,2,3,3,2,2,1,4,1,0,1,3,1,2,2,2,1,1,1,3,0,1,1,2,0,0,3,1,1,0,0,1,2,2,0,1,1,3,5,1,2,1,1,1,2,1,0,4,8,0,1,1,0,1,1,0,0,2,1,0,0,1,1,1,1,1,1,1,0,0,0,1,2,0,0,0,0
05e8ca6d,2,1,3,4,4,2,1,5,1,4,4,4,1,4,2,4,3,5,4,5,1,1,3,4,2,6,4,1,5,2,2,1,3,5,3,3,2,1,4,5,6,2,2,3,3,4,4,5,1,5,6,5,3,0,4,5,3,3,1,5,1,4,4,2,3,3,3,2,5,5,1,2,3,0,5,3,2,5,1,4,6,1,3,1,3,2,0,5,5,1,5,4,3,3,4,4,3,5,6,2,6,5,3,3,5,2,1,3,4,4,3,5,3,2,3,5,2,5,4,0,5,2,3,3,1,2,3,2,3,4,2,0,2,4,1,2,1,0,2,3,1,5,5,6,7,0,1,5,1,3,3,5,3,3,3,5,1,3,5,2,2,0,1,5,2,0,1,2,1,7,4,0,5,1,2,2,4,1,4,3,1,3,9,1,4,4,3,4,2,3,2,3,3,1,3,5,2,7,3,2,2,5,2,2,5,5,3,3,2,6,3,2,3,1,1,4,5,3,3,4,3,1,4,5,1,5,4,8,0,4,5,5,5,2,2,5,4,1,1,2,2,2,3,4,1,1,3,2,6,1,2,2,3,3,3,1,2,2,6,5,5,4,4,0,5,3,5,2,8,0,4,2,5,3,4,0,3,5,2,3,7,4,1,4,5,3,6,1,0,3,2,4,2,7,1,2,5,3,4,4,1,2,6,6,3,1,0,3,4,5,2,2,7,2,5,3,3,2,2,5,1,3,7,5,3,2,2,5,7,5,1,3,4,5,7,3,1,1,1,6,1,1,6,7,4,2,0,2,4,5,4,1,6,4,1,1,0,5,4,2,4,3,3,3,5,5,1,8,0,3,0,2,4,2,4,1,3,4,5,4,3,0,4,5,3,4,5,0,4,3,6,4,4,2,3,2,5,2,1,3,4,1,1,4,2,0,3,6,1,3,1,5,6,7,4,2,3,1,3,3,6,3,3,5,7,5,2,6,2,2,3,3,2,2,1,3,2,2,3,1,6,2,3,1,3,3,4,2,2,4,2,1,3,2,2,3,2,1,1,1
070a3904,0,1,1,2,1,0,0,2,3,1,1,0,1,1,3,0,2,1,1,1,5,1,0,2,1,1,0,2,1,3,3,2,0,1,2,2,1,2,1,1,2,1,2,1,3,1,3,1,0,1,1,1,3,3,0,3,1,3,2,3,2,0,1,1,1,1,4,0,0,2,3,2,1,0,1,4,2,0,4,2,1,2,0,5,1,1,3,2,2,3,1,1,3,2,2,0,0,1,1,0,2,2,1,4,3,2,4,0,2,2,1,2,2,2,0,2,0,1,1,1,2,2,2,1,7,1,3,2,4,0,2,1,3,0,1,1,4,5,4,6,3,1,2,1,2,3,0,1,2,2,7,1,0,2,2,2,1,1,2,2,2,1,3,0,3,3,4,1,3,3,2,6,1,5,1,5,3,4,1,3,2,4,1,1,2,1,6,1,1,2,4,1,3,2,2,0,4,1,2,4,4,4,0,3,1,1,6,5,5,0,4,3,0,2,6,0,3,2,2,0,2,5,0,0,3,3,1,2,6,2,1,1,2,1,1,1,4,3,5,2,8,4,2,1,0,5,3,5,2,6,1,5,2,1,2,2,5,2,1,4,1,6,2,3,2,2,3,5,1,4,2,6,2,2,3,4,2,2,6,4,1,0,2,0,1,1,3,6,5,5,3,2,3,1,5,7,2,3,1,2,3,3,1,1,4,5,5,7,4,2,5,3,2,8,2,6,2,6,3,2,1,1,1,3,4,5,8,1,3,2,6,2,2,1,2,3,4,6,5,2,1,4,1,1,2,2,2,0,7,1,3,4,2,3,6,4,5,1,2,4,3,2,2,5,3,5,3,2,5,4,6,2,1,4,5,2,5,1,1,5,1,3,3,2,4,4,1,6,7,2,2,2,2,2,5,3,5,3,4,1,2,8,6,4,3,4,4,1,4,5,4,3,0,2,5,4,1,6,3,4,3,4,3,2,2,2,3,5,4,3,1,1,6,10,5,5,3,3,2,4,4,7,5,5,4,5,2,8,2,3,4,4,4,5,4,7,4,4,4,4
07d65234,1,2,1,1,2,1,1,1,2,1,0,0,2,2,3,0,2,0,2,3,4,2,2,2,0,2,0,1,2,4,4,2,1,1,1,1,1,1,2,0,2,2,2,2,3,3,4,1,1,1,2,1,1,1,1,2,2,4,1,4,2,1,1,1,2,2,6,1,2,3,3,3,3,1,4,5,1,1,6,4,1,3,0,5,0,1,2,2,3,3,1,0,3,3,1,2,1,4,4,2,1,2,3,6,3,3,2,2,0,3,1,3,1,4,1,2,1,2,2,0,5,3,4,3,4,2,1,1,2,2,4,0,5,1,2,4,6,2,5,7,3,2,1,3,3,1,0,2,3,2,6,2,1,4,3,3,1,3,1,4,5,2,4,0,5,2,5,3,2,5,2,5,1,4,1,3,3,3,2,4,1,4,3,1,4,4,5,1,3,2,7,3,5,3,6,0,8,4,6,3,5,7,2,6,2,1,7,3,6,1,5,4,2,2,7,1,4,5,4,2,4,4,1,0,2,4,2,2,4,3,2,2,5,2,3,2,7,4,6,4,6,2,4,3,1,6,4,8,1,6,2,5,4,2,5,5,8,3,2,6,1,7,3,2,4,2,4,5,2,4,3,3,3,5,4,5,5,5,5,4,1,1,3,1,0,3,4,3,6,6,5,2,4,1,6,4,3,5,3,2,5,5,2,2,4,7,4,6,5,5,6,3,3,6,2,8,5,4,6,3,2,5,3,5,6,8,5,2,3,5,7,3,2,3,3,7,3,5,4,2,4,3,3,2,4,4,4,7,0,0,6,3,5,4,4,6,3,3,3,7,4,2,2,9,3,5,5,4,6,5,6,3,3,3,8,2,3,2,2,5,4,4,3,2,4,4,4,6,6,2,4,4,3,3,6,4,5,4,5,4,3,5,6,4,2,4,4,2,3,6,3,2,2,3,7,6,4,3,3,5,3,3,3,3,3,3,4,6,5,2,4,3,5,6,5,3,5,4,2,3,7,4,4,2,4,4,2,5,3,4,5,3,4,3,3,8,2,3,3,3
0a447501,1,1,6,3,5,2,1,5,0,5,5,5,1,6,1,5,3,4,1,5,0,2,4,3,5,5,5,0,3,0,0,0,5,6,6,3,4,0,5,5,3,0,1,4,2,5,4,6,3,6,5,4,1,0,4,2,1,0,2,4,0,6,6,2,2,3,1,2,5,4,3,2,1,1,6,1,1,5,1,1,7,0,6,1,3,3,0,2,4,1,6,5,1,2,4,4,5,4,1,1,6,5,3,0,1,0,2,6,5,0,3,6,2,0,6,6,5,5,1,1,1,1,0,0,3,1,2,1,4,2,0,1,1,4,1,1,0,2,1,2,0,6,7,5,4,1,1,5,1,1,1,7,5,1,2,4,1,0,3,3,0,1,1,7,2,0,1,3,1,4,2,2,4,1,1,1,2,1,4,4,2,1,5,1,2,4,1,4,1,2,2,1,0,0,0,6,0,2,3,1,0,0,0,0,5,6,1,2,2,7,1,0,7,0,0,6,3,1,1,2,1,2,6,7,2,5,4,4,1,1,6,5,1,3,0,7,0,2,1,0,0,1,0,1,2,1,3,2,7,0,6,0,1,2,2,1,1,1,8,2,8,2,4,1,1,4,5,1,8,1,4,3,3,0,3,1,0,0,1,3,7,6,3,2,4,0,6,2,1,0,3,2,2,5,2,3,5,2,1,3,0,2,6,8,4,1,1,2,2,0,1,0,5,2,3,0,0,4,1,5,1,0,6,5,2,0,2,4,5,2,2,1,4,7,7,0,2,1,1,8,2,1,2,7,1,1,5,1,0,0,1,0,4,0,2,1,1,6,2,1,3,1,1,0,4,1,2,6,2,2,0,1,6,3,1,0,2,4,5,1,5,1,1,1,3,3,3,1,2,6,1,3,2,1,2,2,2,1,4,1,2,3,0,5,2,0,2,6,2,1,1,3,7,5,2,2,2,3,4,1,2,0,1,7,5,4,1,4,1,2,1,0,1,1,1,1,1,1,3,1,3,3,3,3,2,3,4,2,1,2,2,2,2,1,2,1,2,2,2,2
0cf778df,3,5,1,0,2,3,1,0,5,0,0,0,4,1,3,0,1,1,3,2,4,1,2,1,0,1,1,3,1,4,4,3,0,0,1,1,1,4,1,1,2,4,2,2,1,1,3,0,1,0,1,0,2,3,1,2,2,3,3,2,3,0,1,2,1,1,4,3,1,3,1,2,2,1,2,4,2,1,3,5,0,4,0,3,0,1,3,2,3,2,0,1,5,4,1,2,2,2,3,3,0,0,1,6,3,5,0,1,0,3,1,2,1,5,1,2,2,1,3,1,4,5,6,4,1,2,2,2,0,2,5,2,3,1,5,4,3,1,5,4,2,2,0,2,2,5,2,0,0,2,2,3,0,5,5,2,1,5,1,1,5,1,4,1,3,2,5,2,1,3,2,2,2,3,4,2,4,5,4,2,2,3,3,1,2,3,4,1,5,2,5,2,8,4,5,1,5,3,3,6,6,4,3,2,0,1,2,3,3,2,5,5,1,3,3,2,2,6,4,3,2,0,0,1,0,4,3,2,1,3,0,2,7,1,5,2,3,1,3,6,4,3,7,4,1,4,3,4,1,5,3,5,4,2,6,5,5,4,3,3,2,6,2,3,7,2,4,3,2,2,3,0,5,7,4,4,5,5,1,4,2,2,3,2,1,1,2,2,4,4,2,4,3,2,3,4,3,4,6,3,6,4,3,3,3,5,2,2,4,4,4,6,3,5,4,5,5,4,8,2,2,5,4,4,4,5,2,4,3,6,3,3,3,4,3,5,3,4,6,2,6,3,4,3,6,5,4,3,6,1,0,1,6,4,3,5,2,4,5,3,3,5,4,7,3,5,2,3,3,3,4,4,4,1,4,5,3,3,5,3,4,4,4,4,1,4,6,4,4,3,6,5,4,6,7,5,4,4,5,5,3,3,6,3,5,2,5,3,4,8,5,4,3,3,6,4,6,3,3,5,4,4,3,5,4,4,6,5,4,4,6,5,3,2,2,2,4,5,3,4,6,3,3,3,4,4,3,3,6,5,4,3,4,4,5,5,2,3,4,4
10f0fdd3,2,2,0,1,0,2,2,0,1,0,1,0,2,0,2,0,1,0,2,1,3,3,1,3,3,1,1,3,2,3,3,2,0,0,1,1,0,3,1,1,0,2,4,0,3,0,3,0,1,0,1,1,3,3,0,0,0,3,2,0,3,0,2,4,2,1,5,2,1,0,2,3,2,2,0,3,1,1,3,4,0,1,1,3,1,4,2,0,2,7,2,2,3,2,1,1,0,2,2,2,0,0,3,4,1,3,1,0,1,5,1,0,0,4,0,1,0,0,2,2,2,3,3,3,3,1,4,5,0,3,0,4,3,0,3,2,4,2,6,2,6,0,3,1,1,3,1,0,4,2,3,0,2,3,3,3,2,1,2,2,3,4,1,0,2,4,5,0,4,1,2,3,1,7,2,3,3,1,1,3,2,4,1,5,1,0,3,2,2,1,3,2,3,3,4,1,4,2,4,3,4,3,4,2,1,1,3,2,2,0,5,0,0,3,2,1,1,3,1,1,4,2,0,0,3,1,1,0,6,5,0,1,1,1,4,0,5,3,3,3,4,2,3,2,1,4,2,3,1,4,0,5,2,5,4,3,4,4,1,3,0,3,3,5,3,2,0,3,1,2,4,4,1,3,3,3,2,2,6,1,0,0,3,3,1,3,0,4,1,4,3,2,2,0,4,3,1,3,4,2,2,4,1,0,3,3,4,1,3,2,4,2,1,2,2,4,3,2,1,2,3,1,2,1,5,4,3,0,1,2,4,4,1,0,0,5,5,4,0,1,1,4,2,1,3,3,1,4,3,0,1,0,1,1,7,3,3,1,3,6,3,2,5,3,3,1,2,2,3,3,3,3,0,5,2,3,1,0,0,6,1,2,3,0,1,1,2,3,4,0,1,2,2,3,3,3,6,6,3,4,4,3,2,2,1,5,3,0,3,2,5,1,1,1,2,4,1,3,0,4,2,5,6,0,1,1,4,3,6,2,1,4,2,5,3,3,5,5,2,3,3,4,2,3,3,4,3,2,3,3,5,4,3,3,4,5,2,3,4,3
13ddc856,1,1,4,1,3,3,2,3,1,2,4,4,1,4,3,4,4,2,4,5,1,1,7,3,5,4,3,1,2,3,2,3,3,3,5,3,6,1,3,2,3,2,3,4,1,4,7,3,2,3,4,2,3,0,3,2,2,4,1,5,1,4,4,3,3,4,3,1,5,4,1,1,4,1,5,3,1,4,2,6,3,2,4,1,4,1,0,4,7,1,2,2,2,5,5,4,3,4,5,1,3,3,4,3,4,2,3,5,5,4,4,5,0,2,5,6,4,5,3,0,4,4,5,2,0,2,2,1,0,1,3,0,2,3,1,4,1,0,3,2,1,5,2,4,4,0,1,3,1,2,1,6,3,2,2,5,1,3,4,2,2,1,2,5,2,0,2,6,0,5,4,0,6,1,1,4,6,1,6,2,3,4,5,2,2,6,1,3,4,4,3,4,4,1,4,4,4,4,4,2,3,4,1,2,2,3,2,3,1,6,2,6,5,1,2,4,4,4,3,2,4,0,3,5,1,3,7,4,2,5,3,3,6,3,2,5,3,2,4,2,3,2,3,5,1,3,4,3,4,3,7,3,3,5,5,3,3,2,6,5,6,5,4,2,5,5,6,2,5,4,5,0,6,4,5,2,5,4,1,2,6,6,4,4,4,1,5,2,3,2,4,3,2,4,1,3,6,7,4,5,3,4,5,6,3,3,0,2,5,5,5,3,5,3,5,4,4,3,4,5,1,4,6,6,4,3,2,6,5,8,2,4,4,8,6,6,2,3,2,5,3,4,6,7,6,2,6,2,5,4,6,1,0,4,1,3,3,8,4,3,5,3,3,6,5,4,3,6,2,5,3,5,7,2,4,2,4,7,6,3,7,2,4,2,3,6,8,2,4,5,5,7,6,4,4,5,5,3,3,6,4,2,3,5,3,3,3,7,4,5,3,5,6,5,5,5,6,2,5,4,6,3,4,7,6,7,5,7,5,4,5,3,3,2,3,2,5,5,5,4,7,3,5,3,3,3,6,2,5,6,4,3,3,2,4,4,4,5,4,4
13fe7b69,1,1,1,2,0,2,2,2,3,1,1,1,0,0,5,1,2,4,4,0,3,1,1,1,1,1,3,3,1,3,3,6,2,1,1,2,2,2,0,3,2,3,3,2,1,1,1,1,3,1,1,1,5,1,5,3,8,3,2,3,4,2,0,1,5,1,1,0,2,1,2,1,5,4,2,4,5,2,0,5,1,4,0,3,3,1,2,7,1,1,0,2,1,3,2,5,0,1,7,4,2,3,3,3,7,1,2,1,3,5,4,1,3,2,0,2,1,3,3,2,8,4,5,5,1,6,4,3,2,4,6,4,1,5,1,4,2,3,3,3,1,0,0,1,3,2,5,2,3,5,2,1,3,3,3,1,7,4,4,1,3,3,4,1,2,3,1,4,2,5,3,3,3,0,5,6,6,3,3,2,4,4,4,5,4,4,5,3,2,3,2,5,3,3,5,1,4,6,2,2,2,6,5,2,2,1,2,7,1,2,2,6,1,4,3,0,3,6,5,5,4,3,2,1,4,1,2,3,3,4,2,4,5,3,5,0,4,3,6,2,3,4,3,6,5,6,6,2,1,6,3,5,4,3,4,2,2,1,1,5,2,4,0,4,7,2,2,6,1,3,2,1,6,7,4,4,5,8,1,2,3,0,1,3,4,4,4,3,5,1,3,7,4,3,2,3,3,5,4,6,6,2,3,3,1,4,3,4,4,9,1,5,3,4,5,4,6,3,3,1,3,5,3,2,2,2,2,4,3,5,2,6,5,2,3,6,2,3,6,0,4,3,6,2,5,2,4,3,4,0,4,1,4,0,0,2,5,2,3,3,3,7,3,4,4,6,3,2,3,5,3,6,2,2,3,5,5,5,5,2,4,5,5,7,4,4,5,3,4,2,6,5,6,5,3,2,3,2,1,4,2,2,5,1,5,5,4,3,4,4,4,4,1,3,3,2,5,2,2,2,6,5,4,3,4,6,3,2,3,7,3,3,2,4,4,3,3,2,4,3,4,3,2,4,2,2,4,2,4,4,1,3,1,4,3,1,3,3,4,3
215f3907,1,2,1,0,1,2,1,0,1,0,1,0,2,0,2,0,0,0,1,1,3,3,1,1,2,1,0,0,1,3,3,0,0,0,1,1,0,2,0,1,1,1,3,1,2,0,3,0,0,0,1,0,2,3,0,1,0,2,3,0,1,0,1,3,0,0,6,1,1,1,2,3,1,1,0,4,1,0,5,3,0,1,0,5,0,3,2,0,2,6,0,1,3,2,0,0,1,1,1,1,0,0,3,5,1,3,2,0,1,3,0,0,1,3,0,1,0,0,1,1,1,4,4,2,6,0,2,3,1,2,0,2,3,0,3,2,4,3,6,4,5,0,1,0,0,4,1,0,2,1,3,1,0,3,3,2,0,1,0,2,3,2,1,0,3,3,7,0,3,0,0,5,0,9,1,3,0,3,0,4,2,4,2,1,2,0,5,1,2,1,5,1,4,3,3,0,4,1,4,5,5,3,2,2,0,2,4,2,4,0,6,1,0,1,3,1,0,3,1,1,1,2,1,0,3,2,0,0,4,3,0,0,1,1,3,0,4,2,1,3,5,3,3,1,0,2,1,5,1,4,0,5,1,3,3,4,6,4,0,2,0,4,3,5,1,2,0,4,1,2,3,5,0,2,1,4,2,1,6,3,0,0,2,1,0,2,0,4,2,4,2,0,1,1,6,6,1,2,2,2,2,2,1,1,3,6,6,2,2,1,4,3,0,4,2,3,1,5,3,2,3,1,2,1,5,6,4,0,0,1,7,3,1,0,0,2,4,4,3,1,2,2,1,0,2,3,1,6,4,2,3,7,1,0,0,6,4,1,3,4,2,0,3,5,2,2,1,2,5,2,5,0,0,5,2,3,2,0,1,5,1,2,3,0,1,2,2,6,4,1,1,0,1,2,5,5,4,4,6,2,3,6,4,2,1,2,2,0,2,3,3,2,0,0,3,3,1,6,0,4,2,3,3,0,1,0,5,3,4,1,1,2,2,5,2,2,3,5,1,3,2,5,2,3,5,5,2,4,4,3,5,3,4,4,6,6,2,2,3,3
247ed022,1,2,2,0,2,2,1,0,1,0,0,0,2,1,1,0,1,0,1,2,2,3,2,0,0,1,0,0,1,2,3,1,1,0,1,1,1,1,1,0,1,1,1,3,1,2,3,0,1,0,1,1,0,2,1,1,1,2,2,2,1,1,1,2,1,1,4,1,2,2,2,3,2,1,2,2,1,0,6,2,0,3,0,5,0,2,3,1,2,2,0,0,2,2,0,1,2,3,2,2,0,1,2,4,0,2,1,2,0,1,0,1,1,3,1,1,1,1,1,0,2,3,3,3,4,1,0,2,0,2,2,0,4,1,2,4,5,2,4,5,2,1,0,1,0,2,1,1,3,1,2,2,1,4,2,2,1,2,0,2,4,1,3,0,4,3,5,2,1,2,0,3,0,4,2,0,1,3,1,3,3,1,2,0,3,2,5,0,5,2,6,2,3,2,5,0,5,2,5,2,4,4,2,5,1,1,3,0,4,0,5,3,2,1,6,2,2,5,3,2,1,3,2,0,1,2,1,0,2,1,1,1,3,2,3,1,4,4,3,4,5,0,2,3,2,4,2,6,1,6,2,3,2,2,5,5,7,4,1,3,1,3,2,2,2,1,2,3,1,7,2,0,1,4,2,5,4,3,3,6,0,1,4,2,0,4,2,0,5,3,3,1,2,1,5,5,2,5,1,2,5,4,2,2,3,7,3,2,2,3,6,2,1,3,3,5,3,4,6,1,3,5,3,2,4,7,4,1,1,3,6,4,1,2,1,4,3,4,4,2,5,5,3,0,3,3,1,4,6,1,5,3,3,2,6,0,4,2,3,5,2,2,2,7,1,3,5,2,6,4,8,3,2,0,4,3,1,2,2,4,4,6,4,0,4,2,2,9,4,4,2,2,2,3,4,7,4,3,6,3,2,5,8,4,3,4,3,1,5,5,3,3,1,1,4,5,3,6,3,7,3,3,4,2,2,1,5,4,4,3,4,1,6,3,6,4,3,5,4,6,3,4,5,4,4,3,3,5,5,5,7,6,4,5,4,6,4,5,5,5
2979c05a,0,0,1,1,1,2,1,1,1,0,1,1,0,0,3,1,2,1,1,0,1,0,2,2,2,0,1,2,0,2,0,3,2,0,2,3,3,2,0,0,1,0,2,4,0,1,1,0,2,0,0,0,2,1,2,2,3,1,1,2,3,2,1,2,2,1,2,0,2,1,3,1,2,2,1,1,2,1,1,1,0,3,1,4,3,0,1,3,1,1,0,0,0,2,2,2,2,1,2,1,1,2,3,2,3,0,5,2,3,1,1,0,2,1,1,2,1,2,0,1,3,2,2,3,3,2,1,2,2,1,2,2,1,2,0,3,2,2,3,4,1,0,0,0,0,2,4,1,4,2,2,0,2,2,0,1,4,0,2,2,2,3,2,1,2,4,2,3,2,2,2,4,2,3,3,5,3,4,1,3,5,2,0,3,1,2,5,1,2,3,1,2,0,2,3,1,3,1,2,1,0,3,2,1,1,2,3,4,2,1,2,5,2,3,3,0,2,4,2,1,3,5,1,1,5,2,2,0,5,1,1,1,1,2,3,0,3,3,6,2,5,2,0,3,2,5,4,2,1,7,3,4,1,1,3,4,4,2,0,4,2,3,0,5,2,1,1,5,0,5,0,3,2,4,1,5,5,3,3,2,2,1,2,1,2,1,2,5,5,0,4,3,3,0,3,6,3,4,0,3,6,2,1,1,3,5,4,5,3,4,4,2,1,4,3,5,3,5,3,0,3,2,1,2,2,4,5,1,1,2,4,4,4,2,1,5,3,4,5,1,3,6,2,1,3,1,0,5,3,1,2,3,3,5,4,4,0,2,1,4,4,3,2,5,3,3,4,0,4,5,7,4,2,4,3,3,5,3,3,3,3,6,4,1,4,3,1,6,4,3,1,2,3,4,2,5,3,2,3,2,3,6,5,3,3,8,4,2,5,3,5,4,1,1,3,4,2,6,4,5,3,3,5,1,1,2,5,3,5,5,1,1,3,6,6,4,4,5,3,7,3,5,4,6,3,4,3,5,4,4,3,5,4,5,6,3,5,6,4,3
2acf0cd7,0,0,5,2,5,1,0,4,0,4,5,5,0,6,0,5,3,3,1,5,0,0,5,3,5,4,3,0,2,0,0,1,5,5,6,2,5,0,5,4,3,0,0,5,1,5,5,5,2,5,4,4,1,0,3,2,1,1,0,5,0,6,6,1,2,3,2,0,5,5,2,0,1,2,7,1,0,6,1,3,5,1,6,0,3,1,0,2,6,1,4,4,0,4,5,4,4,4,2,0,4,4,3,1,2,0,2,7,4,1,3,6,1,0,7,7,6,6,1,0,1,1,2,0,0,1,2,0,1,2,2,1,1,3,0,1,0,0,1,1,1,6,4,5,5,0,1,4,2,1,0,7,3,0,1,3,0,1,2,5,1,2,1,7,1,0,1,5,1,6,4,1,5,1,1,2,4,0,5,1,2,1,4,1,1,7,0,4,3,3,1,1,2,2,2,6,4,3,3,0,1,2,1,1,4,4,0,1,0,8,1,4,7,0,3,5,4,2,1,1,2,0,4,7,1,4,6,4,3,2,5,4,4,2,0,7,3,3,2,0,2,1,1,3,1,2,3,1,6,2,7,2,1,3,4,3,3,1,7,2,8,3,4,2,3,6,7,3,5,4,4,2,4,2,6,3,3,2,0,3,7,7,6,2,3,0,6,1,2,0,5,3,2,4,0,2,8,4,2,5,3,5,6,8,3,4,1,2,5,2,4,2,6,2,3,2,2,2,2,6,0,3,6,7,4,3,2,5,6,5,2,3,4,10,8,3,4,4,1,7,2,4,4,8,3,0,5,1,3,6,4,1,8,2,1,2,2,0,3,3,6,3,1,4,7,3,4,5,3,4,3,4,9,5,3,2,2,7,6,3,5,2,2,1,3,3,5,2,2,6,3,6,6,5,4,3,3,3,5,5,5,2,2,7,3,2,3,8,4,4,4,5,8,6,5,4,4,2,6,3,3,1,2,8,6,6,4,6,4,3,4,1,3,1,3,2,4,4,5,4,6,2,5,3,3,4,4,2,4,4,3,3,5,2,3,4,4,5,5,5
3b387cc7,2,3,2,2,2,3,4,1,3,1,1,1,2,2,4,1,1,2,4,3,3,4,2,2,1,2,1,2,3,4,5,4,1,1,2,0,1,3,2,2,2,6,5,2,4,2,3,1,3,1,2,1,4,2,1,3,3,5,5,3,3,1,2,2,2,1,4,3,2,3,2,3,4,4,2,6,3,1,2,6,1,4,1,1,0,4,2,2,4,5,1,2,3,3,2,1,3,3,3,4,1,1,1,3,2,4,0,2,0,5,2,3,3,4,2,2,4,2,3,4,4,7,7,3,0,4,5,3,3,5,6,4,4,1,4,5,2,3,5,2,4,3,1,2,2,2,2,1,0,3,1,4,0,4,4,2,2,6,1,3,3,2,4,2,1,1,4,3,3,2,3,1,2,2,2,3,3,1,4,4,2,5,3,2,5,4,3,2,3,2,4,4,6,2,4,2,4,4,2,5,6,3,3,4,1,2,3,3,1,2,2,4,2,3,1,3,3,3,5,3,1,0,1,2,1,5,3,3,0,5,1,3,6,3,5,3,2,1,2,2,4,5,5,4,3,3,2,3,3,4,3,4,4,3,4,3,2,4,4,2,2,5,5,3,5,5,4,2,3,3,6,3,5,4,4,3,3,3,2,1,2,3,3,3,1,3,2,2,2,3,1,2,5,3,3,4,2,5,7,2,2,3,2,2,4,1,3,3,3,3,5,6,2,3,5,4,4,3,3,3,4,4,3,3,3,2,3,4,3,5,1,4,2,3,2,3,5,5,3,4,5,3,3,3,5,4,4,2,3,2,5,3,4,3,3,3,1,3,0,2,1,3,7,3,2,4,1,2,2,3,2,3,3,2,5,4,3,2,2,4,3,2,5,4,0,4,7,2,5,3,5,4,3,3,3,5,4,4,2,5,4,2,4,4,6,2,1,2,4,3,4,5,3,2,4,3,7,3,3,4,5,4,3,5,3,3,6,6,4,5,6,4,4,2,2,3,3,5,4,3,5,4,3,3,4,6,4,2,7,5,5,3,5,4,5,4,3,3,4,5
442b56fa,1,1,1,1,2,1,1,1,0,1,0,0,1,2,2,0,3,0,2,3,1,2,2,2,0,2,0,1,3,2,2,3,1,1,2,1,1,0,3,0,1,1,2,2,2,3,4,1,1,1,2,2,0,0,1,1,1,4,2,3,2,1,2,1,2,3,5,1,2,2,3,4,2,2,3,2,1,1,4,3,1,2,0,3,0,2,1,1,2,5,2,1,1,1,0,2,2,5,2,2,1,2,5,3,1,1,1,2,0,1,0,3,1,2,1,1,1,1,1,0,3,3,2,3,2,1,1,2,1,4,2,3,4,1,1,4,4,2,6,6,4,2,3,3,2,0,1,2,5,1,3,1,3,3,1,4,3,2,1,5,3,4,3,0,4,3,4,2,3,4,1,5,0,4,1,1,2,1,2,5,3,1,1,2,2,2,3,4,3,2,5,2,2,2,5,1,7,2,6,1,3,5,4,5,3,1,5,1,4,0,3,2,3,2,6,2,4,4,4,2,3,5,1,0,4,4,2,1,6,1,2,3,3,1,3,2,8,7,6,2,5,0,1,3,2,8,5,6,1,6,3,4,2,1,5,7,9,3,2,7,2,4,3,5,3,1,3,5,3,4,3,4,2,4,3,7,5,4,5,4,0,1,6,2,0,3,4,3,5,3,8,2,5,0,5,3,2,4,2,3,5,5,2,1,4,6,4,4,4,4,5,1,3,3,2,7,4,4,5,2,3,4,2,4,5,8,4,1,3,4,6,5,3,2,2,7,4,5,2,2,5,5,2,0,2,3,2,4,7,1,3,6,3,3,4,5,4,3,2,0,4,2,2,6,3,3,6,3,7,4,5,4,2,3,6,2,2,1,1,7,5,6,3,0,5,2,2,5,5,3,2,3,3,4,4,4,5,6,6,5,5,3,4,4,2,6,4,1,4,3,6,1,2,3,5,7,3,3,3,6,2,3,5,3,2,1,5,5,6,3,3,2,4,5,6,4,6,5,2,4,6,4,4,3,5,4,2,3,4,4,6,5,5,3,4,7,2,4,5,4
48a2b92a,0,0,1,0,2,0,0,2,0,2,3,3,0,2,0,3,2,2,2,1,1,1,2,4,3,2,2,0,2,1,1,1,3,3,2,1,2,0,3,3,2,0,1,2,0,1,3,3,1,3,2,4,0,0,3,1,2,1,0,1,0,4,4,0,4,2,3,0,3,2,1,1,1,1,3,2,1,6,2,3,3,0,3,2,2,1,1,2,2,2,3,4,0,2,2,5,1,2,3,0,2,2,3,3,4,0,3,3,3,1,3,2,1,0,3,3,3,4,1,0,2,0,1,1,2,1,2,0,0,2,1,0,2,3,0,0,2,1,2,2,2,2,3,3,5,0,3,2,6,1,2,3,4,1,1,2,2,0,3,2,2,3,0,5,3,2,2,3,2,6,3,2,4,2,1,2,5,0,4,2,1,1,3,2,1,4,3,5,2,3,1,1,1,1,2,6,4,3,5,0,1,5,0,1,4,5,2,1,1,6,3,3,3,0,2,3,2,2,2,2,4,2,2,5,1,3,5,3,4,2,3,4,3,1,0,3,6,1,2,0,3,1,1,4,1,4,6,2,4,3,5,3,1,2,4,2,3,3,3,5,6,5,0,1,3,3,3,4,3,3,1,1,4,2,5,3,3,3,2,5,5,3,6,4,3,2,4,2,2,1,5,4,2,3,2,4,8,2,3,6,3,7,6,6,3,4,2,2,9,3,5,1,6,4,3,2,2,4,1,2,0,2,4,5,5,3,4,3,6,5,3,4,7,6,6,4,5,4,1,3,1,6,5,5,3,0,4,3,4,3,3,3,5,3,2,2,4,6,1,4,0,3,1,5,6,5,4,5,3,4,4,4,5,4,2,1,3,7,6,6,2,3,4,2,5,3,3,3,3,4,4,6,4,3,4,3,7,5,5,4,6,5,2,5,2,4,4,6,4,4,4,5,6,6,6,5,3,4,5,4,4,1,5,4,6,6,3,4,3,2,3,1,3,3,3,6,3,3,4,5,4,5,5,4,3,3,4,4,2,4,5,5,3,5,3,4,6,5,3,3
4dcec659,3,3,1,3,0,2,2,1,4,0,0,0,2,0,3,0,1,3,1,0,3,2,0,1,1,0,3,4,0,2,3,4,0,0,1,2,1,3,0,2,0,4,1,1,2,0,0,0,2,0,0,1,4,4,2,1,5,1,4,1,4,0,0,1,1,0,1,2,0,0,2,2,1,3,1,3,4,1,1,3,0,3,1,2,3,2,4,3,0,2,1,1,2,1,2,2,0,0,3,5,1,1,0,3,4,2,2,0,1,4,1,0,2,2,0,2,2,0,4,4,4,2,3,3,2,4,4,5,2,2,5,6,2,2,3,1,3,4,2,1,2,1,1,1,1,4,3,0,2,5,2,1,0,2,5,0,4,4,1,0,5,2,3,1,0,5,1,1,3,2,3,2,3,0,8,4,6,2,2,0,4,2,2,5,1,2,2,2,4,4,0,1,3,4,3,1,3,3,1,2,1,3,6,2,0,1,0,5,0,2,4,4,0,4,2,1,1,6,3,4,2,2,0,1,2,1,1,2,4,3,0,1,6,1,5,1,2,2,3,2,2,4,4,6,5,4,2,0,1,4,3,4,4,4,5,2,1,4,1,1,2,4,0,3,9,1,2,5,1,3,1,1,5,7,3,3,4,6,2,3,3,1,2,3,3,3,1,3,4,1,1,8,2,2,2,3,4,2,6,5,7,4,3,3,3,3,2,2,3,5,3,5,3,4,4,3,6,3,2,1,4,6,5,3,4,1,4,3,2,4,1,3,4,3,3,3,4,4,5,1,4,4,6,3,5,2,3,2,2,1,5,2,3,7,0,2,3,3,3,2,3,0,5,2,4,5,2,2,2,2,3,7,3,2,1,7,4,5,4,2,2,4,5,6,2,3,4,3,4,3,6,4,6,7,4,3,2,4,2,4,2,3,3,3,7,3,6,3,5,4,6,3,2,3,3,4,5,4,3,3,4,6,4,3,3,4,3,2,3,7,6,4,4,3,3,3,3,2,5,4,4,3,3,5,3,3,3,3,4,5,3,4,2,5,3,2,3,4,5,4
4f1e6a0b,4,4,0,1,0,2,5,0,4,0,0,0,5,0,4,0,0,0,2,1,3,4,1,2,2,1,1,5,1,4,5,3,0,0,0,1,0,4,0,0,1,6,4,0,3,0,2,0,2,0,1,0,3,5,0,1,1,3,4,1,7,0,0,2,2,0,2,5,1,1,1,3,3,3,0,4,5,0,1,4,0,3,1,2,1,3,2,1,2,4,1,0,6,1,2,0,0,1,3,4,0,0,2,3,1,7,0,0,0,5,2,1,1,6,0,0,2,1,6,6,4,4,4,5,0,3,4,7,1,2,4,6,1,0,5,3,2,1,4,1,3,1,1,0,1,3,2,0,1,6,2,2,0,3,5,1,2,4,1,0,4,1,4,1,1,2,2,2,2,1,2,0,3,2,4,4,4,2,2,2,2,4,2,4,3,2,2,2,3,2,3,3,5,5,4,1,1,3,1,5,4,3,5,2,0,1,2,3,1,1,2,2,0,7,0,1,1,6,6,3,2,1,0,1,0,2,2,2,2,6,0,1,6,3,7,1,1,1,2,4,2,6,6,6,2,2,1,2,2,3,2,3,5,4,4,3,1,3,2,2,1,3,2,2,7,3,2,0,2,1,4,1,3,6,2,0,3,6,3,1,1,1,1,3,1,2,1,4,0,4,0,4,1,2,2,3,1,4,7,2,2,1,1,1,2,0,2,1,2,5,3,4,1,2,3,5,8,2,4,1,7,4,3,1,3,1,2,2,2,5,1,3,1,1,1,3,4,2,3,2,3,3,3,3,5,7,3,2,2,1,4,5,3,3,3,2,2,1,7,2,1,5,0,2,1,3,1,2,1,2,1,3,1,2,2,4,3,2,1,3,1,1,3,3,0,5,5,1,6,1,6,3,2,4,2,3,4,3,1,3,2,2,2,2,4,2,3,1,3,2,4,4,1,1,2,3,4,2,1,4,6,8,4,2,2,3,3,4,4,4,6,8,2,3,2,2,3,3,3,3,4,3,2,3,3,3,4,2,4,3,3,3,2,2,3,3,2,3,3,2
618f396a,1,2,1,0,2,2,1,0,2,0,1,1,2,1,2,1,1,0,2,2,3,2,3,3,1,1,0,1,1,4,4,2,2,0,2,1,2,2,1,0,2,2,2,4,1,2,5,0,1,0,1,0,1,1,1,2,2,3,1,3,2,2,2,2,2,1,6,1,3,3,2,3,3,1,3,4,1,2,5,4,0,4,1,6,1,1,2,2,4,3,0,0,3,4,2,2,3,3,4,2,0,1,3,7,3,3,2,3,1,3,1,2,1,4,2,3,2,3,2,0,4,4,5,4,3,2,1,1,0,2,4,0,4,1,2,5,5,1,6,7,3,1,0,2,2,2,1,1,4,2,4,2,1,5,3,2,1,3,1,3,5,2,4,1,5,3,6,4,2,4,3,4,2,5,2,3,3,4,2,4,3,3,3,1,3,5,6,0,4,2,6,3,5,3,7,1,7,4,6,3,5,7,2,4,1,1,5,2,4,2,6,6,3,2,5,1,3,6,4,2,4,2,1,1,2,4,3,1,4,3,1,2,5,2,4,1,6,3,5,5,6,2,4,3,1,6,4,7,0,7,3,6,3,2,6,6,8,4,2,5,2,6,2,3,4,3,3,5,1,5,3,1,3,6,4,6,5,5,3,4,2,2,4,1,0,3,3,3,5,4,4,2,4,1,5,5,4,5,3,2,6,5,2,2,3,8,4,4,6,5,6,4,2,5,2,6,5,5,7,2,2,5,3,4,5,8,3,2,2,5,6,3,2,4,2,7,3,4,5,1,5,4,3,3,5,4,3,5,9,0,7,3,6,4,5,7,5,4,3,6,5,2,2,0,3,5,4,3,6,5,8,3,4,3,6,3,3,3,3,4,4,5,3,2,3,3,4,7,4,2,4,4,3,4,5,5,5,4,6,4,4,4,7,3,2,4,4,3,3,7,3,4,3,2,7,6,4,4,3,5,3,3,3,3,3,3,5,5,4,2,4,3,3,4,4,2,4,5,2,5,6,4,3,2,4,3,2,3,4,4,5,3,4,4,4,6,3,4,3,3
64035864,0,0,4,2,2,0,0,5,1,3,4,4,0,3,0,4,2,4,1,3,1,0,2,3,2,4,1,2,2,1,0,1,3,4,4,2,3,2,2,3,3,0,1,3,1,3,2,4,0,4,4,3,1,1,2,3,3,0,0,4,1,4,2,1,3,1,2,0,4,2,3,0,3,1,4,1,2,4,1,2,4,2,3,2,2,1,1,3,3,2,2,3,0,2,4,3,1,2,4,0,5,5,5,2,5,0,3,3,4,2,4,3,3,1,3,5,3,4,1,1,2,0,1,2,2,0,3,0,2,3,2,2,1,2,0,1,1,1,1,2,2,4,2,3,4,1,1,4,2,2,2,4,3,0,1,1,2,0,4,4,2,2,2,5,1,2,1,2,3,5,3,3,2,3,2,2,6,2,2,2,1,2,4,3,2,4,3,4,3,4,0,3,1,3,2,4,4,5,3,0,0,4,1,0,3,6,1,2,0,6,2,3,3,1,3,3,3,2,2,2,4,1,4,5,4,3,2,4,4,3,4,3,3,0,0,4,5,3,4,1,3,2,1,4,0,3,4,1,5,3,4,3,1,4,4,3,3,2,5,4,6,4,2,3,3,3,4,5,5,3,4,4,4,2,5,4,2,3,1,3,7,4,3,4,5,2,5,2,3,0,4,6,3,4,1,4,8,4,2,7,4,5,6,7,5,5,3,4,5,3,3,2,6,4,3,2,2,4,1,4,0,2,5,7,5,3,4,2,5,4,3,4,5,6,7,4,4,5,2,4,1,3,6,5,4,0,5,3,3,4,3,3,5,4,2,1,3,7,2,3,6,4,1,3,0,5,2,5,4,4,3,5,5,4,3,2,4,6,5,5,3,2,4,3,5,3,4,3,2,6,4,5,7,6,4,3,6,4,4,5,6,4,2,6,3,4,4,7,4,5,5,5,4,6,4,3,3,4,5,2,4,1,5,5,6,7,4,6,5,3,3,1,3,3,3,4,5,5,4,3,6,4,5,4,3,5,6,3,3,4,3,3,5,5,4,4,5,4,5,5
6499048c,1,0,1,3,2,2,2,3,2,2,1,1,0,1,2,1,2,2,3,1,3,3,0,1,0,2,0,2,3,1,3,3,1,2,1,3,1,4,1,1,4,3,3,2,3,1,2,2,1,2,2,2,3,1,1,6,5,4,2,3,2,1,0,2,3,1,5,1,1,3,1,5,4,2,2,5,4,2,1,3,2,5,0,4,1,2,2,3,1,2,1,1,1,4,2,2,2,1,4,2,3,3,1,4,4,1,1,0,2,4,3,2,6,1,0,2,2,2,2,3,4,4,5,4,2,3,3,1,4,3,5,2,2,1,0,4,1,4,3,5,2,2,1,2,4,2,3,2,2,3,4,2,1,4,2,1,3,3,3,2,1,1,3,2,2,3,2,2,3,5,4,2,2,2,4,4,6,3,2,2,3,4,3,3,4,3,5,4,3,2,2,4,2,2,5,2,4,4,2,1,2,6,1,4,2,2,4,4,2,3,3,7,0,2,4,1,3,5,5,2,2,3,1,2,2,5,2,4,3,3,2,2,6,2,3,2,6,3,3,2,7,5,2,5,2,4,3,2,3,5,3,5,2,2,6,3,4,4,2,4,3,6,2,2,5,2,4,5,3,4,2,3,5,5,4,5,5,5,2,6,4,1,4,3,3,4,4,2,2,3,2,6,3,3,1,7,4,3,5,6,4,5,4,4,3,5,2,5,7,5,4,6,5,5,4,3,4,7,3,2,1,4,3,4,5,4,6,2,5,5,2,3,3,3,5,3,4,5,5,2,4,4,5,3,7,1,5,5,5,1,5,1,4,6,2,3,3,3,4,3,5,5,3,5,5,0,3,5,3,2,4,5,3,1,4,4,5,5,5,6,1,4,4,6,5,4,4,4,6,3,7,5,5,6,4,4,5,4,4,5,4,4,5,3,5,2,7,4,4,7,3,6,2,5,8,3,5,6,3,5,5,3,3,3,5,6,4,4,2,4,5,2,6,5,4,7,2,4,3,5,5,6,5,4,7,3,4,5,5,2,4,4,5,7,4,4,6,4,4,5
6503f220,0,0,2,1,3,0,0,2,0,4,1,2,0,5,2,1,3,0,1,4,1,1,3,1,2,3,1,1,2,0,1,2,4,4,2,2,3,0,4,1,2,1,0,3,1,5,3,4,3,4,3,2,1,0,3,1,1,3,0,5,2,4,2,0,3,2,3,0,3,3,3,2,2,2,5,1,2,1,2,1,3,3,2,2,0,0,1,2,2,1,2,2,0,2,1,2,1,4,1,1,3,4,2,1,0,0,0,5,1,0,3,4,1,1,4,2,4,4,0,0,2,1,1,3,1,2,1,1,1,1,2,1,2,2,1,2,2,1,3,4,1,3,2,2,2,1,3,3,5,1,2,3,2,2,0,2,3,1,0,6,1,3,2,3,2,3,3,5,1,4,0,2,1,2,1,1,1,1,2,1,2,0,0,1,1,4,2,2,2,1,3,3,1,1,4,1,4,1,3,0,2,3,3,4,4,3,4,1,3,2,1,2,4,2,6,1,4,3,2,1,1,6,3,2,1,3,2,1,3,0,5,2,2,2,3,5,4,7,4,1,4,0,0,2,2,5,3,3,3,5,4,3,2,1,4,3,5,2,3,3,3,2,4,2,2,4,6,3,2,6,2,1,1,3,3,4,5,3,3,5,1,2,5,1,0,3,5,1,3,2,5,2,2,0,2,2,3,4,0,1,4,4,1,3,1,4,2,3,3,3,3,1,2,2,1,5,3,2,3,3,2,3,1,4,2,6,3,2,4,2,3,2,3,4,4,4,3,3,2,4,3,6,1,2,1,1,1,3,5,2,2,2,3,3,1,5,4,4,1,6,4,2,1,4,2,3,0,3,4,4,4,3,4,2,4,2,1,3,2,3,4,7,1,0,7,1,2,4,4,5,1,3,2,3,2,2,2,2,4,2,1,3,5,5,2,5,4,2,7,3,3,1,2,2,5,4,2,2,4,7,1,2,2,4,1,3,2,4,3,3,2,1,5,4,9,5,3,2,3,6,5,2,7,6,3,1,2,5,2,2,3,6,3,2,1,4,5,7,6,5
68c720b5,2,2,4,3,4,3,2,6,0,5,5,5,2,5,1,5,4,4,3,6,1,3,5,2,4,7,4,0,5,1,2,0,4,6,4,4,4,0,4,4,4,1,1,3,3,5,5,6,2,6,7,4,1,0,4,3,3,2,1,4,0,5,4,3,2,4,5,3,6,3,1,4,3,0,6,3,1,5,2,3,7,0,4,1,3,2,1,3,4,2,5,4,2,2,3,5,3,5,4,2,7,6,4,3,3,1,1,4,6,2,3,4,3,1,4,6,3,4,2,1,4,1,2,2,2,0,1,2,3,3,1,0,3,4,2,1,2,1,2,3,2,6,5,6,5,1,1,6,2,1,3,4,4,3,4,6,2,1,4,2,2,0,0,6,4,1,3,2,2,5,2,1,3,2,2,1,3,0,3,1,1,2,6,2,2,3,3,4,2,2,2,3,2,1,3,5,3,4,5,1,2,4,1,3,5,5,3,2,4,7,4,1,4,0,2,4,3,2,2,4,2,2,5,6,0,3,3,5,1,3,6,3,3,1,1,6,5,3,0,1,2,1,2,4,0,1,2,2,7,1,4,2,2,4,5,1,3,3,5,4,6,4,5,0,3,2,4,2,9,2,3,1,4,2,2,1,3,3,3,4,8,5,2,4,5,3,5,0,0,3,2,4,0,4,2,2,5,3,3,4,1,3,6,7,2,2,1,1,4,3,3,1,7,2,5,2,2,2,1,6,1,2,6,6,4,3,3,3,5,4,2,3,3,6,8,2,2,2,0,7,2,2,5,6,3,1,8,2,4,6,3,2,6,2,2,2,0,5,2,3,5,2,2,3,5,5,3,0,1,1,1,2,5,1,2,1,1,5,6,5,5,1,3,3,5,3,5,1,4,3,4,3,3,2,4,2,5,3,2,3,3,2,1,4,2,0,5,7,3,3,1,3,6,7,4,3,4,2,2,4,4,1,3,4,5,5,2,5,2,2,3,2,3,2,3,4,2,2,2,2,5,2,5,3,4,2,6,3,2,3,3,2,2,3,2,4,4,3,3,3
70107d4d,0,2,3,1,1,0,1,1,3,0,0,0,2,1,0,0,2,1,0,1,3,3,1,1,0,0,0,2,0,3,3,2,1,0,3,1,2,1,1,0,0,1,0,3,0,2,3,0,2,0,0,0,1,3,1,1,2,1,2,3,3,1,1,0,1,1,3,1,1,1,4,2,1,3,2,1,3,0,5,1,0,3,0,6,1,1,4,2,1,5,0,0,2,1,1,1,2,2,1,1,1,2,4,3,2,2,2,2,1,0,0,2,1,3,1,2,1,1,0,2,1,2,1,1,5,1,1,0,1,2,4,4,3,1,2,3,4,3,4,7,4,1,1,1,0,2,0,1,3,2,4,2,2,2,2,1,2,1,1,4,4,3,6,0,4,3,4,2,5,2,1,7,0,4,1,1,2,3,1,4,3,0,1,1,2,2,5,2,2,3,6,1,3,5,3,0,6,1,5,2,4,4,2,3,1,2,3,1,3,0,3,3,3,3,7,2,3,3,4,1,2,4,2,0,5,3,1,0,6,1,1,2,2,3,1,1,5,6,6,2,5,2,2,2,2,7,4,7,0,6,3,4,1,0,3,6,8,2,2,4,2,3,1,5,1,1,2,6,1,5,2,4,2,2,2,8,2,2,2,4,1,1,5,0,1,2,3,3,7,2,6,2,5,1,5,5,2,3,0,4,5,4,2,2,3,9,7,4,3,2,4,2,1,5,1,4,3,6,5,1,2,3,2,3,5,7,4,1,1,2,7,3,3,2,1,4,5,6,4,1,4,4,1,0,1,4,0,5,6,2,3,3,2,3,5,6,4,3,2,7,3,2,1,6,4,3,4,1,0,4,7,3,2,2,4,2,3,1,1,4,4,6,2,1,5,1,1,8,2,5,1,2,4,4,4,4,3,4,8,3,3,6,6,3,3,5,3,1,4,5,5,1,1,1,4,5,3,5,4,3,1,1,2,3,2,1,4,3,4,3,3,1,4,4,5,3,4,4,2,4,3,5,4,3,3,3,1,4,3,3,5,5,4,4,3,6,3,4,5,5
74d4cec6,1,0,2,1,3,1,1,1,1,1,1,1,0,3,2,1,3,2,2,2,1,0,3,3,3,1,4,2,0,3,1,3,2,2,2,2,3,2,3,3,2,1,3,3,0,3,3,2,3,2,1,2,3,0,5,1,3,3,0,4,2,3,3,2,6,3,2,0,2,4,2,0,4,3,4,1,1,2,2,4,2,4,2,3,3,0,0,5,3,1,2,2,1,5,2,4,1,3,6,2,1,2,4,2,5,1,3,4,2,4,5,4,0,3,3,2,2,4,3,0,3,3,3,3,1,5,2,2,0,1,3,0,2,5,0,5,2,0,3,4,1,2,2,2,3,0,2,2,3,4,2,4,5,2,0,3,2,3,4,4,2,4,4,2,1,1,2,6,1,5,1,2,5,2,0,2,5,3,5,3,2,3,3,2,2,5,4,3,4,5,3,4,2,1,4,2,4,5,4,1,2,5,2,2,3,2,3,2,1,2,1,4,4,2,3,2,4,3,3,3,6,1,2,2,5,4,5,3,2,4,3,4,4,4,2,3,3,2,7,3,5,1,1,2,4,5,7,4,3,6,5,3,3,3,3,4,4,1,5,6,3,3,1,3,3,4,4,4,1,4,4,1,4,3,6,4,3,4,1,2,1,2,3,3,4,3,5,2,5,1,7,3,4,3,2,4,4,8,1,3,4,5,2,3,3,4,2,4,4,5,4,2,2,3,4,6,3,3,4,2,1,4,3,4,2,4,3,6,4,5,3,5,6,4,3,7,4,4,3,4,3,3,5,3,4,2,3,4,5,2,3,3,5,5,2,4,5,4,3,4,4,2,2,5,4,2,4,1,4,0,5,4,3,2,5,1,5,4,4,3,5,3,5,2,3,4,4,5,3,3,3,7,6,3,1,5,6,2,4,4,2,3,5,6,4,7,1,2,3,4,4,4,3,2,5,3,3,3,3,3,6,4,5,5,3,6,5,6,6,5,2,1,3,4,4,2,5,6,8,3,4,4,4,2,1,3,5,2,4,7,4,3,4,3,4,4,2,3,3,3
82927de4,0,1,2,1,2,1,0,1,2,0,1,1,1,1,0,1,2,1,0,1,3,1,2,2,1,0,0,1,0,2,2,2,2,0,3,2,3,2,1,0,1,0,0,5,0,2,3,0,1,0,0,1,1,3,1,2,2,1,1,3,2,2,2,1,1,1,4,0,2,2,3,2,1,1,2,1,1,1,5,1,0,4,1,6,2,0,4,2,2,2,0,0,1,2,2,1,3,2,1,1,1,2,2,4,2,1,4,3,2,0,0,1,2,2,2,3,2,2,0,1,1,2,2,2,5,1,1,1,1,1,3,1,4,1,1,3,5,3,4,7,2,1,0,1,0,3,1,1,5,2,4,1,1,3,1,1,2,1,1,3,4,2,4,1,4,5,5,3,3,2,2,5,1,4,3,2,2,4,1,2,5,0,0,1,1,3,7,0,4,4,4,1,2,3,4,1,5,1,4,1,3,4,1,4,1,1,3,1,3,1,5,5,3,2,6,1,3,3,2,1,2,3,1,1,3,3,2,0,5,0,1,1,2,1,2,1,4,4,5,3,7,1,1,2,2,6,3,5,1,8,3,5,1,1,4,5,7,4,1,3,2,3,1,4,1,2,2,5,0,8,1,2,2,3,2,7,3,2,3,5,2,2,4,1,1,3,2,3,7,2,4,2,4,0,5,6,4,4,0,2,7,5,1,1,3,8,5,4,4,2,7,3,1,5,2,5,2,5,5,1,2,4,1,3,3,7,6,1,1,2,5,3,2,3,1,4,4,6,5,2,4,6,2,1,2,2,0,6,6,0,4,3,3,3,5,8,7,3,2,5,4,3,1,8,3,4,4,1,7,5,0,4,3,2,4,4,3,3,2,4,3,6,4,1,4,1,1,10,3,3,1,2,3,4,3,6,4,3,6,2,3,6,8,5,4,6,4,2,5,6,5,4,2,1,5,6,2,7,4,5,2,2,4,2,1,1,5,4,4,4,3,0,6,5,6,4,3,5,4,7,3,5,5,4,3,3,2,5,4,5,6,5,5,7,4,6,5,6,5,5
829aa60c,0,0,2,1,1,1,2,1,1,0,0,0,0,1,3,0,4,1,2,1,1,1,2,1,1,0,1,3,1,1,1,6,0,0,2,2,3,2,2,0,0,1,4,2,1,1,1,0,1,0,0,2,2,2,1,1,4,4,2,2,2,0,2,2,4,3,2,0,0,1,3,1,3,2,2,2,3,2,2,5,0,4,0,1,2,2,2,2,1,0,1,1,0,4,1,3,1,2,4,1,1,1,1,1,3,0,3,1,2,4,3,1,2,1,1,3,3,0,1,2,4,3,4,3,2,2,3,2,2,2,4,3,2,1,0,4,1,3,2,2,0,2,1,3,2,1,3,0,3,2,1,2,3,0,2,3,5,2,4,1,2,2,4,1,0,3,1,3,1,3,3,1,2,1,5,5,8,2,4,1,6,4,1,7,1,3,1,4,5,5,1,3,2,2,5,2,3,3,3,0,1,2,2,3,1,1,0,5,0,2,2,6,1,2,3,3,3,4,2,1,4,2,0,1,3,2,4,1,3,4,0,1,5,1,2,2,3,3,6,1,3,3,1,7,3,5,3,1,1,4,5,4,1,5,7,2,2,2,3,3,2,3,1,4,5,2,3,3,1,4,3,1,7,4,6,3,6,4,2,3,3,2,4,6,4,3,1,2,5,0,4,7,3,1,1,3,4,5,4,7,6,7,4,3,4,4,1,2,4,5,4,4,4,3,3,3,4,3,2,2,3,5,3,4,3,2,4,3,3,7,1,4,3,4,3,7,2,4,3,2,3,6,7,2,6,0,2,2,3,1,4,3,5,6,0,3,4,4,3,4,4,7,3,3,5,5,3,2,3,4,4,0,4,2,2,6,4,6,4,3,3,4,4,3,2,4,5,4,4,4,4,8,8,8,3,5,4,3,3,8,3,3,3,4,5,7,5,3,5,6,6,3,4,4,4,5,6,4,4,4,4,3,7,3,4,6,4,3,6,7,6,2,5,3,4,4,6,5,7,5,5,4,4,4,3,2,5,3,5,5,5,6,3,4,3,3,3,5,5,4
82e12fe7,1,1,5,3,5,2,1,4,0,6,5,5,1,6,0,5,3,3,1,5,0,1,5,2,5,4,3,0,3,0,0,1,7,5,6,2,5,0,5,4,2,0,0,5,2,5,4,5,3,5,4,3,1,0,3,2,2,1,0,4,0,6,6,2,1,3,3,1,5,4,3,1,1,1,7,1,0,6,1,2,5,1,6,0,3,2,0,1,5,0,4,4,0,4,4,4,5,4,1,1,4,4,1,1,1,0,1,7,4,1,2,5,2,0,7,7,8,5,0,1,1,1,2,0,0,1,1,1,2,1,2,0,1,3,1,1,0,0,1,1,0,6,4,5,4,1,1,4,2,0,0,6,3,0,2,3,1,1,1,4,1,1,1,7,2,0,2,4,0,5,4,0,4,0,1,2,3,0,4,1,2,1,3,2,1,6,0,2,2,2,1,1,2,1,2,6,3,2,3,0,1,2,0,1,4,3,0,1,1,8,1,4,7,0,2,5,3,2,1,1,1,0,4,7,0,4,5,3,2,1,5,3,4,2,0,7,2,2,2,0,2,1,1,3,1,2,2,1,6,2,7,2,0,2,5,2,2,1,6,1,8,3,5,1,3,5,8,2,5,4,3,1,3,2,5,2,3,2,0,3,7,7,5,1,3,0,5,1,2,0,3,4,2,3,0,2,7,3,2,3,3,5,6,8,3,3,0,2,5,2,4,2,6,2,4,2,2,2,2,6,0,3,6,7,3,2,2,4,5,4,1,1,3,10,8,3,3,3,1,7,3,4,3,7,3,0,4,1,3,6,4,0,7,2,0,2,2,9,3,2,5,3,1,4,5,3,4,5,2,3,3,4,0,4,3,2,2,6,6,2,5,2,2,1,2,2,4,2,2,5,3,5,4,4,3,3,2,2,4,4,4,2,2,6,4,2,4,8,4,4,3,4,8,6,5,4,5,2,5,3,2,1,2,7,5,5,3,5,3,4,4,1,3,1,3,2,3,3,4,4,6,2,4,3,2,3,4,2,3,3,3,3,4,2,2,3,4,5,4,4
8846a40f,0,0,1,1,2,0,0,1,0,2,3,2,0,2,3,2,0,1,0,1,2,0,1,3,4,1,1,1,1,1,0,1,3,2,3,0,1,1,2,3,1,0,2,2,3,1,2,2,1,2,1,2,2,2,1,1,1,1,2,1,2,3,4,1,1,0,4,0,2,2,4,0,0,2,3,4,1,4,2,3,2,0,3,1,1,2,0,0,3,4,2,3,1,3,2,2,2,1,1,0,1,1,2,2,2,1,4,3,2,3,1,2,1,1,3,4,3,3,0,1,3,2,3,1,4,1,3,2,3,2,1,3,2,1,1,0,2,3,4,1,3,1,3,2,3,2,2,1,4,1,2,2,1,0,2,1,1,0,0,4,2,3,0,3,2,2,3,2,2,3,3,4,2,5,2,7,1,1,1,3,3,5,2,3,2,4,1,2,0,1,2,0,3,3,2,3,4,2,2,3,2,2,2,1,2,2,3,5,2,4,3,2,3,2,2,1,1,2,0,0,2,3,1,3,3,3,2,1,6,3,2,2,1,1,2,2,3,2,3,0,2,4,2,2,1,2,2,2,2,2,2,5,1,3,2,2,2,1,2,1,3,4,3,5,2,5,2,4,1,1,3,7,1,2,4,2,2,2,6,1,3,2,3,0,0,0,2,7,2,2,3,2,2,1,4,2,5,0,2,2,3,3,2,3,4,3,4,4,4,2,3,3,2,3,0,3,2,2,0,4,3,1,2,3,4,2,3,1,2,1,4,1,2,4,3,3,3,3,1,2,0,2,1,4,1,1,2,4,3,3,1,5,2,2,5,0,4,5,2,3,4,2,2,3,4,1,2,1,2,2,2,2,4,0,3,4,2,3,2,2,0,1,1,1,0,2,2,1,3,1,1,2,2,3,4,1,1,2,3,2,4,3,0,3,0,2,2,3,1,1,3,2,4,2,3,4,1,2,3,1,0,2,2,2,2,2,2,2,4,1,1,3,1,5,1,0,4,2,1,2,4,2,0,2,2,5,0,2,1,1,1,1,3,1,3,3,1,2,2,1
96ddfa79,2,1,2,3,3,2,3,2,1,2,1,1,1,3,3,1,2,1,3,4,3,2,2,3,0,3,0,1,4,4,3,3,2,2,2,1,1,2,3,1,3,3,3,3,5,4,3,2,2,2,3,2,2,1,1,4,2,5,2,5,2,2,3,2,2,2,5,2,3,4,4,3,4,2,4,4,1,1,4,3,2,4,2,4,0,3,0,2,5,3,2,1,2,3,2,1,3,5,3,3,2,3,3,3,2,2,3,3,0,3,1,4,3,4,2,2,2,3,2,1,4,4,4,3,3,3,2,1,5,5,4,0,6,1,1,5,5,2,4,5,4,3,2,3,3,0,0,3,2,2,5,3,1,4,1,3,1,4,1,6,3,3,3,1,3,1,3,3,3,5,3,3,1,2,0,2,2,3,2,6,1,4,3,0,6,4,3,1,3,3,5,4,3,1,4,1,7,4,4,2,3,6,2,6,3,2,7,2,5,1,2,4,3,2,6,2,5,4,5,2,3,3,2,1,3,6,2,3,3,2,3,3,5,3,3,3,6,3,6,3,6,2,2,2,2,5,4,6,2,5,2,3,4,1,3,6,6,3,3,6,2,6,5,2,3,3,5,4,3,4,4,5,2,4,4,5,4,4,5,2,1,2,3,1,0,3,5,3,5,5,5,1,6,2,4,4,3,5,3,1,4,4,2,2,6,4,3,9,4,4,6,3,3,5,3,8,4,4,5,3,3,5,3,5,5,6,5,2,4,4,6,3,2,3,3,6,3,5,4,3,5,2,2,2,4,3,4,5,8,1,4,2,4,3,2,4,3,3,5,6,2,1,2,6,3,4,4,2,4,5,4,2,3,3,0,1,5,1,1,5,4,3,4,2,3,5,3,4,5,3,4,3,2,2,3,5,4,5,3,4,6,3,4,5,3,4,2,2,2,3,3,3,2,3,6,5,4,3,4,4,3,3,3,4,3,2,5,7,5,2,4,2,5,5,4,3,6,5,2,2,7,4,3,1,5,6,2,3,4,4,5,2,6,3,4,6,2,2,2,3
9a28eba4,1,2,2,1,2,2,1,1,3,0,1,0,1,1,3,0,2,2,1,1,3,1,1,0,2,0,1,3,0,1,2,5,0,0,3,2,2,4,1,2,1,3,2,3,2,1,2,0,1,0,0,1,4,5,1,2,4,3,5,2,4,0,2,2,1,1,5,1,0,2,3,2,1,2,2,4,4,1,2,6,0,5,0,2,1,2,3,2,2,3,0,2,2,4,1,2,2,1,2,3,1,1,0,3,3,2,2,1,2,4,1,1,3,2,1,4,2,0,2,4,4,6,7,4,3,2,5,4,2,2,6,6,3,1,3,3,2,5,6,3,2,1,1,2,1,6,4,0,2,4,1,1,0,2,5,2,4,4,1,1,4,1,4,0,0,5,5,2,2,1,2,2,0,3,8,6,3,3,2,0,7,4,1,5,1,3,3,1,5,3,2,1,6,4,5,0,3,2,2,4,4,1,4,3,0,0,0,6,0,1,5,5,1,4,2,1,2,5,2,3,1,2,0,0,1,2,1,0,3,4,0,1,4,0,6,1,1,3,3,2,4,6,4,4,3,4,1,1,0,5,2,8,3,5,5,3,2,3,1,0,0,2,3,7,5,4,1,3,0,3,4,3,5,6,4,4,5,4,4,2,2,1,1,2,1,2,0,5,4,1,1,5,3,0,3,2,2,2,5,3,8,3,1,1,1,4,3,1,1,3,2,9,1,2,1,3,4,2,3,4,5,5,1,2,1,2,2,2,0,3,0,2,1,2,1,3,1,3,5,1,5,3,3,1,3,2,1,2,2,0,5,3,2,5,3,3,3,2,4,2,1,7,4,3,2,4,2,1,2,1,4,6,2,4,1,0,1,3,3,0,2,5,2,5,1,1,5,4,2,2,3,3,4,7,2,3,0,1,2,3,0,1,4,2,5,3,4,1,4,4,5,2,2,1,3,3,4,3,2,3,1,4,2,2,1,2,3,1,2,5,5,4,3,3,3,1,2,2,3,4,3,1,2,3,2,1,1,1,4,3,2,3,2,4,2,1,1,3,4,3
9cfbad36,3,0,1,3,0,2,4,1,2,0,0,0,1,0,3,0,2,2,3,0,3,1,1,2,1,0,2,2,1,4,2,4,0,0,1,2,2,3,0,1,1,2,4,1,1,0,1,0,2,0,0,0,5,3,2,3,4,3,2,2,3,0,1,2,2,1,2,2,0,1,2,1,3,2,0,3,2,0,1,2,0,3,1,4,3,1,1,4,2,2,0,0,2,3,2,1,1,0,3,2,1,1,3,2,5,2,5,0,2,4,2,1,2,2,0,1,1,1,3,3,2,3,3,1,4,4,2,2,4,2,3,1,3,2,0,3,2,3,2,3,3,1,0,0,1,1,1,0,1,4,4,2,1,2,0,1,2,3,3,2,1,3,2,1,0,2,1,2,4,2,3,3,4,2,1,4,5,4,3,4,2,4,2,2,2,1,3,2,1,7,1,3,1,2,1,1,3,2,1,2,1,6,1,1,0,2,4,4,2,1,1,5,0,3,3,1,2,2,4,1,3,2,0,1,6,4,3,3,3,2,0,1,6,3,1,1,3,1,5,1,5,5,1,4,3,4,4,2,1,4,3,3,1,1,2,4,2,3,2,4,2,6,1,3,4,1,3,6,1,3,1,4,4,2,2,4,2,4,3,2,2,1,3,2,4,2,2,4,4,2,3,4,4,3,2,7,3,3,3,4,3,4,2,2,5,3,4,7,5,5,4,3,2,7,5,3,3,7,3,0,3,4,3,3,4,2,6,4,3,5,4,2,5,2,2,4,4,5,5,1,2,3,4,2,5,2,3,5,3,2,3,1,4,5,2,1,5,2,3,2,3,4,3,3,4,5,1,1,3,5,3,4,2,2,5,1,0,3,3,4,2,2,6,4,2,7,3,3,4,3,6,4,5,3,3,5,4,5,3,4,5,5,3,3,5,4,3,2,3,4,4,3,1,2,5,3,4,6,3,2,6,4,4,3,3,4,5,4,4,5,4,2,4,5,2,4,5,5,4,3,4,7,3,4,5,5,3,4,4,5,4,3,4,5,6,3,4,3,3,4
9d689a5b,0,0,2,0,2,1,2,3,0,3,4,4,0,3,2,4,2,2,2,2,0,1,4,2,5,3,3,0,1,1,1,2,4,4,3,2,4,0,2,3,2,1,2,2,1,2,3,4,2,4,3,4,1,1,4,1,4,2,2,2,0,5,3,1,5,2,1,0,4,2,0,1,4,3,4,2,2,5,1,4,4,1,4,0,3,1,1,3,3,0,2,3,0,3,3,5,1,1,5,1,3,3,4,1,4,0,4,4,5,3,6,3,2,0,4,4,5,5,2,1,4,2,3,2,1,3,2,1,1,2,2,1,1,4,0,2,1,2,0,0,0,3,2,2,4,0,4,3,4,2,0,4,4,0,2,2,3,1,3,2,2,2,1,6,2,1,0,6,0,5,2,0,5,0,3,4,6,0,4,0,4,3,3,3,2,6,1,6,4,4,0,4,1,1,2,5,2,4,2,0,0,3,1,2,3,4,0,3,0,7,2,5,4,0,1,2,1,3,3,3,3,0,3,6,1,2,5,3,2,4,4,3,4,2,1,4,3,1,2,0,1,2,1,7,4,1,5,0,5,1,8,1,2,6,4,1,1,2,4,4,7,3,1,1,4,5,4,2,4,4,3,0,5,3,5,1,4,4,1,5,6,4,4,6,4,3,5,1,3,0,4,5,0,3,1,2,9,5,3,7,3,5,5,7,3,2,0,1,6,5,4,2,5,2,4,1,3,2,1,3,2,4,4,5,3,1,3,4,5,6,1,5,6,7,7,3,3,2,2,4,2,3,8,6,5,0,4,1,2,4,3,0,7,5,0,2,3,7,2,1,7,5,2,3,6,5,3,5,1,4,3,6,6,3,1,3,3,0,7,3,4,1,5,3,4,5,6,2,3,4,5,7,6,4,3,4,4,2,3,5,4,2,1,6,3,2,3,7,3,3,2,6,5,5,4,4,5,3,4,2,6,2,5,5,5,9,3,4,3,4,5,1,3,1,2,3,3,3,7,3,4,2,4,3,3,2,7,2,4,5,3,2,2,4,3,2,5,4,3,3
9deaf2c8,1,2,3,2,5,5,2,4,1,4,4,4,1,4,2,4,4,5,4,3,1,1,4,1,5,4,6,0,3,2,1,2,4,5,3,5,4,1,4,6,4,1,1,4,1,3,2,5,5,5,4,4,3,0,7,3,5,1,1,2,0,5,4,4,4,4,3,1,4,4,1,2,2,3,5,2,1,6,0,4,5,1,4,1,4,1,1,5,2,1,4,6,0,5,2,8,3,3,4,2,4,4,3,3,5,0,2,4,5,2,4,3,3,0,4,4,3,4,1,1,4,3,4,2,0,3,2,1,1,2,2,1,1,7,2,2,1,1,2,1,1,4,4,4,5,3,5,4,2,1,0,4,6,2,3,4,4,1,4,1,2,3,0,6,2,2,3,3,1,6,2,1,5,1,3,2,5,1,6,0,2,2,4,3,1,3,3,5,3,3,0,2,2,1,2,6,3,3,3,1,1,3,1,0,5,3,0,3,1,7,3,4,4,0,1,4,2,3,2,4,3,0,4,6,1,3,5,4,1,3,5,5,3,3,2,5,3,0,2,1,2,1,2,5,3,2,6,0,6,3,6,3,2,3,5,2,2,3,4,4,7,4,2,3,4,2,4,3,5,1,1,0,5,4,4,3,4,3,0,5,6,4,3,4,6,1,5,0,3,0,4,5,1,4,1,3,6,3,3,6,4,4,7,8,2,3,1,1,5,4,2,3,7,3,7,1,2,3,2,4,0,2,6,5,3,2,2,6,6,5,1,5,7,7,8,3,4,3,3,5,4,2,6,5,5,0,5,1,2,5,5,0,6,5,1,2,3,6,2,1,6,4,1,3,5,5,2,6,1,4,2,4,6,2,1,3,3,7,0,3,6,3,5,3,3,4,5,2,2,3,4,6,5,4,4,4,4,3,4,4,3,2,3,4,4,2,5,7,3,4,3,5,6,7,5,2,6,3,3,3,5,1,4,6,6,7,5,3,3,5,3,1,2,1,1,3,3,4,5,3,3,2,3,3,3,3,6,2,5,5,2,2,3,5,5,2,3,2,3,3
abefc3af,2,1,0,2,1,2,2,2,0,2,1,1,1,1,1,1,2,1,4,2,1,3,1,2,0,3,0,0,5,2,2,1,1,2,0,1,0,1,2,1,2,2,3,0,3,1,2,2,1,2,3,3,1,0,1,3,2,4,2,1,0,1,1,2,2,2,5,2,2,1,1,4,3,2,1,3,1,2,3,2,2,1,0,2,0,3,1,1,1,5,2,2,1,1,0,2,1,3,2,2,2,2,4,3,2,1,1,0,1,2,1,1,3,1,0,0,1,1,1,1,2,2,2,2,2,1,1,2,2,5,1,1,4,1,1,2,3,2,3,3,5,2,2,2,3,0,1,2,4,0,3,1,2,3,1,3,2,2,2,4,2,4,0,2,3,2,3,0,4,4,2,3,1,4,0,0,3,0,2,4,0,2,2,1,3,0,4,5,2,2,2,3,1,1,2,3,6,2,4,1,2,6,2,4,3,3,5,0,3,2,3,2,0,0,4,2,2,2,4,2,2,2,1,2,3,4,2,3,4,1,2,2,4,1,1,2,9,3,2,1,6,1,1,4,1,4,4,3,4,4,2,2,1,1,4,5,6,5,1,6,3,6,3,2,3,0,3,5,4,4,1,4,2,2,2,5,3,3,4,5,2,1,6,4,2,4,3,1,2,3,5,3,3,2,3,6,4,3,4,5,2,6,4,3,5,4,3,4,7,3,7,1,5,4,6,5,2,5,2,1,1,3,3,4,7,6,7,1,5,4,5,6,4,2,4,4,7,7,1,3,3,5,4,1,4,1,4,5,5,1,3,6,3,2,5,4,3,3,4,7,6,2,3,4,5,6,3,5,4,3,4,3,2,2,5,0,4,3,3,0,2,2,7,2,4,3,2,4,6,2,5,3,3,3,5,6,8,8,5,6,8,5,3,5,4,4,4,3,4,3,6,4,2,5,6,5,4,6,2,6,5,3,7,2,4,3,7,6,6,3,4,1,6,5,4,8,5,7,3,4,5,7,5,4,7,7,5,5,6,5,8,5,7,7,7,8,6,4,5,6
b09e0873,2,3,5,2,4,5,3,4,1,3,4,4,2,5,3,4,5,4,4,6,1,2,7,1,5,5,5,0,3,3,2,3,4,4,6,4,6,0,4,4,2,2,2,5,2,6,6,4,5,4,5,2,3,0,6,1,4,3,3,5,1,5,4,4,3,5,3,2,6,3,2,3,4,3,6,2,0,3,2,5,4,2,4,1,4,2,1,5,5,3,3,4,1,3,3,6,4,6,4,4,4,5,6,2,3,1,2,6,5,2,3,5,1,2,5,5,3,4,2,1,4,5,4,2,0,3,2,2,1,3,3,2,3,6,3,5,3,2,4,3,2,5,4,4,2,2,2,5,1,2,0,4,6,3,3,6,4,3,3,3,3,3,3,4,4,1,4,5,1,4,1,3,3,1,1,1,3,1,5,3,3,2,3,2,2,4,2,3,4,3,4,4,3,1,3,3,5,3,5,2,3,3,3,3,4,2,2,2,3,4,2,3,7,1,3,4,4,3,4,5,3,2,5,4,3,2,4,2,2,3,5,5,3,3,3,5,3,4,5,2,2,0,2,3,4,5,6,4,4,4,7,2,4,4,4,5,5,2,5,6,6,3,5,4,3,3,4,3,6,4,5,1,4,4,3,5,4,3,1,2,4,5,3,3,4,2,6,1,6,1,6,2,4,2,4,1,3,7,2,3,4,2,4,5,3,3,2,2,1,4,3,2,4,2,6,4,3,2,5,5,2,4,5,5,2,4,1,5,3,5,3,6,5,6,5,5,2,3,3,5,7,2,4,3,3,3,3,1,4,5,4,1,7,4,1,4,3,5,3,5,2,2,1,4,3,1,4,5,4,5,3,3,5,0,4,2,2,4,6,2,0,5,4,1,5,4,6,3,2,5,2,4,4,2,3,4,3,3,3,4,2,1,4,4,4,4,2,5,4,2,3,2,4,4,2,4,6,1,4,3,4,2,3,7,3,4,5,5,4,5,3,1,2,1,4,1,4,4,4,2,4,1,4,3,2,3,6,1,5,6,3,2,2,2,4,3,2,3,4,4
b735b590,0,1,2,1,2,2,0,1,2,0,0,0,0,1,2,0,2,2,1,1,3,1,1,0,0,0,1,2,0,1,2,4,1,0,3,2,2,2,1,1,1,1,0,4,0,2,3,0,2,0,0,0,2,1,2,2,3,1,2,3,3,1,1,1,1,1,3,0,1,2,3,3,1,2,2,2,2,0,2,2,0,4,0,4,1,0,3,3,1,3,0,1,0,2,1,2,3,2,1,2,1,2,2,3,2,0,1,2,1,0,0,2,2,1,1,2,1,1,0,1,3,4,3,3,2,2,2,1,1,2,4,4,3,2,1,4,3,4,6,6,2,1,1,1,0,3,4,1,3,2,2,1,2,4,1,1,4,2,1,2,2,2,4,0,3,5,4,2,3,2,1,5,0,2,4,2,2,3,2,2,5,0,0,2,1,2,5,1,3,2,4,1,2,2,5,0,5,1,3,1,3,3,3,3,1,1,2,3,2,0,3,4,3,3,6,1,3,4,3,2,1,7,1,0,3,3,1,0,5,0,1,3,2,1,4,1,3,7,6,2,5,1,1,2,3,8,4,4,0,8,3,6,2,0,5,5,6,3,2,3,2,3,1,6,3,1,2,5,1,6,2,2,3,5,2,8,5,3,2,5,1,1,5,0,1,2,3,3,6,1,4,3,5,0,4,4,1,3,1,2,7,3,1,1,2,6,4,3,2,3,3,4,1,4,2,4,3,5,5,1,2,3,1,2,2,5,3,2,1,2,3,3,4,2,1,4,3,5,5,1,6,7,1,0,2,2,0,3,4,1,4,2,2,5,2,6,6,2,2,6,3,4,1,5,2,4,7,1,6,3,6,4,2,1,3,5,2,1,3,2,5,0,2,2,7,1,2,6,3,6,1,2,3,5,3,3,2,3,5,2,1,4,8,2,4,6,5,1,8,5,5,2,1,1,4,5,3,4,6,7,1,2,2,4,1,1,4,2,3,5,2,1,5,4,8,5,3,3,2,8,3,3,6,7,3,2,1,5,4,3,3,7,3,5,3,3,5,7,7,6
bdcc89ae,3,2,0,2,0,4,3,1,1,1,1,1,1,0,3,1,1,3,5,1,1,2,2,1,1,2,3,0,3,4,2,2,1,1,0,1,1,1,0,3,1,3,3,0,2,0,1,1,3,1,2,2,4,1,4,2,5,3,4,0,0,1,0,3,2,1,3,2,2,0,1,2,4,3,0,3,1,1,3,3,1,1,0,1,2,2,2,4,1,4,0,2,1,2,0,3,1,1,4,4,1,1,4,3,5,1,3,0,2,4,2,0,2,1,0,0,1,1,2,1,4,4,4,2,2,4,1,3,1,4,2,1,5,4,2,3,4,3,3,1,4,1,0,0,1,1,3,1,3,1,1,1,2,3,2,2,3,4,2,2,4,4,0,2,2,3,3,1,3,2,1,2,3,2,2,1,3,0,3,3,2,3,3,1,3,0,4,3,3,5,1,4,2,0,1,2,5,3,2,2,2,6,3,3,1,3,3,2,1,2,4,3,0,0,1,1,0,2,4,4,2,0,1,2,4,3,2,3,2,2,1,2,5,2,2,1,5,0,3,1,4,1,2,6,5,3,5,2,3,4,3,2,2,3,3,4,3,6,1,5,3,6,2,3,5,0,2,5,3,4,1,2,3,3,1,4,3,4,3,4,2,1,3,5,4,5,2,1,5,1,3,4,3,3,4,5,5,4,4,4,4,5,3,3,6,2,2,3,5,5,7,2,3,4,9,4,2,4,2,0,2,5,4,3,5,3,6,4,3,4,3,6,7,2,3,4,6,6,2,2,4,3,7,1,5,1,4,3,3,1,4,3,4,5,3,4,4,2,5,3,4,5,3,3,4,4,1,3,2,5,4,4,2,1,4,2,6,5,5,7,4,2,0,4,2,4,4,4,4,2,6,3,4,2,4,8,6,6,3,5,6,4,3,5,6,4,2,3,4,2,5,4,1,3,4,5,6,6,2,4,7,4,8,3,3,4,8,5,6,6,5,1,5,3,2,5,5,7,6,3,4,5,3,4,4,7,6,3,7,9,7,3,5,8,8,5,5,3,4,5
bed68338,3,2,2,3,0,2,2,3,4,1,1,2,1,0,3,1,2,5,4,0,4,2,0,2,0,2,4,3,3,2,4,4,1,2,1,1,2,5,0,3,2,6,3,1,2,0,1,2,2,1,1,2,5,2,3,5,7,3,4,2,3,1,1,1,3,1,2,4,1,2,1,2,4,3,1,5,5,3,0,4,3,5,1,2,3,2,2,5,1,2,2,2,3,3,3,3,2,0,5,5,4,2,1,3,6,3,1,0,3,5,3,2,5,2,1,3,1,2,4,5,6,4,5,4,2,5,4,3,5,5,7,4,4,3,2,3,1,4,2,3,2,0,1,3,4,3,4,1,1,5,4,1,1,4,5,1,4,7,5,1,3,2,4,1,1,2,1,2,5,3,5,2,2,0,7,4,4,3,2,2,3,4,6,4,4,3,5,2,3,2,1,4,4,3,3,1,3,5,1,3,2,5,4,2,1,2,2,6,0,2,3,6,0,3,1,0,2,4,5,5,2,1,1,1,3,3,1,3,1,3,1,3,6,2,4,0,3,1,2,2,3,6,5,3,4,3,3,1,1,3,1,4,4,2,2,2,0,2,2,2,1,4,1,2,6,2,1,5,2,2,2,2,6,5,3,3,3,6,0,1,4,0,1,2,3,4,2,3,2,2,0,6,4,3,1,3,2,2,6,4,4,2,2,2,1,2,2,3,4,5,1,7,2,3,4,2,4,3,2,1,2,5,2,1,2,0,2,3,2,3,0,3,3,1,2,2,2,3,5,1,4,1,4,3,4,2,5,2,2,1,4,0,2,7,0,0,1,1,4,0,2,6,3,2,3,6,0,3,1,2,1,3,1,1,2,5,4,3,3,2,1,2,4,0,2,2,4,1,2,1,7,3,4,4,2,1,2,2,0,3,2,1,3,0,6,1,2,2,2,3,3,3,2,2,3,0,4,2,1,0,4,4,1,2,3,4,2,1,0,4,4,4,2,2,1,3,0,1,2,1,2,3,1,2,2,2,2,1,3,2,1,1,1,4,2,0,3,1,2,3
c93231dc,0,0,3,2,2,0,0,5,1,3,3,3,0,3,0,3,3,3,1,3,2,1,2,1,2,4,1,1,2,0,1,1,3,4,4,3,3,1,2,2,3,0,0,3,1,4,4,4,1,4,4,3,1,1,3,3,3,1,1,5,2,4,1,0,3,2,2,0,4,2,1,3,3,1,4,1,2,2,1,1,4,2,2,3,2,0,2,4,2,2,2,2,0,0,3,3,1,3,3,1,5,6,5,1,3,0,2,3,4,0,3,4,3,1,2,3,1,4,1,1,2,1,0,2,2,1,2,0,2,2,2,2,1,3,0,2,2,3,2,5,1,3,3,2,3,1,2,5,3,3,3,2,4,2,0,2,3,0,3,3,1,1,3,3,4,2,1,3,2,5,1,4,1,1,1,1,3,2,1,2,2,0,2,1,2,3,4,4,2,2,3,3,0,2,2,2,3,3,3,0,1,4,1,3,4,4,3,1,3,3,1,2,4,2,6,1,4,2,4,3,2,7,4,3,3,2,1,3,4,1,5,4,1,1,1,3,5,7,4,1,4,1,0,2,2,5,5,3,4,4,4,2,2,2,2,3,5,1,3,6,5,2,2,2,1,2,3,4,5,6,3,3,2,2,2,5,3,3,2,6,4,2,4,2,3,3,7,2,4,2,5,3,3,2,3,3,4,4,0,4,3,2,3,4,2,4,3,4,3,3,2,1,4,3,2,3,2,4,3,3,1,2,2,4,2,4,4,1,4,2,3,4,5,3,5,2,2,3,3,3,3,5,3,2,1,2,3,4,4,3,1,1,3,4,1,4,4,3,0,5,5,2,0,3,5,5,7,5,5,3,4,2,2,0,3,1,2,4,3,4,5,7,2,2,0,2,2,4,3,7,2,2,3,2,2,1,4,2,3,1,2,4,5,4,2,4,4,4,6,3,2,3,1,4,3,3,1,3,6,5,3,1,2,4,3,4,1,4,1,2,1,0,5,4,8,7,1,1,2,5,3,3,8,6,3,1,4,6,1,2,2,5,2,4,1,3,7,6,5,5
d21e361a,2,1,1,0,1,2,5,1,1,0,1,1,2,1,6,1,2,1,3,2,3,2,3,2,2,2,2,1,1,4,4,4,0,1,1,2,2,1,1,1,2,3,5,1,3,1,3,1,1,1,2,1,2,2,2,1,2,4,3,2,2,1,2,2,4,2,1,2,2,2,1,2,4,2,1,5,2,1,2,5,1,2,2,2,2,2,0,3,4,1,1,1,3,2,2,2,0,2,5,2,1,1,4,2,3,3,5,1,2,4,4,2,1,3,1,1,2,2,5,2,5,4,4,3,3,3,3,3,4,3,2,1,3,2,1,4,3,3,2,1,2,2,1,1,2,0,2,1,0,4,3,3,2,2,2,3,2,3,3,0,1,1,2,2,2,0,1,4,1,3,1,2,4,2,1,5,6,3,4,3,2,6,3,2,4,3,1,4,4,5,3,4,2,1,3,2,3,4,2,3,2,4,2,3,1,2,4,5,4,2,1,4,1,2,3,2,2,4,5,3,3,2,1,2,2,2,4,3,2,5,1,2,6,2,3,2,2,0,4,2,2,4,2,6,2,2,4,3,2,2,5,1,5,4,4,3,2,2,3,5,3,6,1,1,5,3,3,2,3,1,4,2,5,4,4,1,4,5,4,2,2,2,2,5,3,2,3,3,3,4,3,3,1,3,3,4,3,6,4,5,1,2,3,3,5,1,2,5,3,6,4,2,3,6,4,4,5,4,4,1,5,4,4,3,4,2,4,4,4,8,5,5,4,3,3,4,2,3,5,2,3,2,6,3,6,3,4,4,4,3,4,1,6,4,2,2,3,3,4,2,3,3,5,3,3,4,1,3,1,4,1,4,2,2,5,1,7,5,4,3,4,1,4,2,2,0,6,1,7,3,6,6,5,3,5,4,5,4,2,5,4,4,2,3,3,2,2,3,2,3,2,5,2,3,3,4,5,3,4,3,8,5,4,4,4,6,4,5,5,4,5,3,3,4,1,2,6,4,5,2,4,4,3,3,6,5,6,4,5,5,3,2,2,2,5,4,2,2,2,2
f1e94cd6,1,2,3,0,2,3,3,2,2,1,2,2,1,3,5,2,3,2,4,4,3,2,5,2,4,3,3,1,1,4,4,5,1,2,3,2,4,2,2,2,2,4,5,2,2,3,5,2,2,2,3,1,4,1,3,1,4,5,3,4,2,2,2,2,4,3,4,1,3,3,1,2,5,3,4,6,2,2,2,9,2,3,2,1,2,2,1,4,5,3,1,2,2,4,3,4,1,3,6,3,2,2,4,4,5,3,2,3,3,6,5,4,1,3,3,4,4,3,4,2,6,7,8,3,0,4,5,2,1,3,5,3,3,3,3,5,2,2,5,2,2,4,1,3,3,2,3,2,0,4,1,5,2,3,4,4,3,5,3,2,3,2,3,3,1,1,4,6,1,3,2,1,4,2,3,5,6,1,6,2,3,6,4,4,3,6,2,4,4,4,4,5,6,2,5,2,4,5,4,4,5,3,3,3,1,3,2,5,1,4,3,5,3,2,1,3,3,4,3,4,4,0,2,3,1,3,5,3,0,7,2,3,6,2,5,4,2,2,3,2,2,4,5,5,3,3,4,3,3,3,6,5,5,7,5,2,2,3,5,4,3,5,4,4,6,6,4,2,4,2,7,1,8,5,5,2,5,4,2,1,4,4,2,5,3,2,3,2,3,3,3,3,3,3,3,2,4,7,7,5,3,3,3,4,2,2,2,1,3,5,3,6,3,3,4,3,4,2,3,5,3,4,4,5,3,2,1,6,3,8,1,5,4,5,4,5,2,3,3,4,4,2,6,5,6,3,5,1,4,3,6,2,8,5,2,2,1,5,7,2,3,4,5,4,4,4,2,5,1,4,1,5,4,2,3,5,3,6,5,2,6,2,4,4,2,6,0,1,4,4,5,7,6,4,4,4,4,3,2,6,2,1,3,4,4,2,2,4,4,4,3,4,4,3,4,3,7,1,3,3,6,3,3,6,4,7,5,6,4,5,5,4,2,1,2,1,4,4,5,2,6,2,4,3,3,3,6,1,6,6,3,2,2,2,4,3,2,3,4,4
f7042636,0,1,3,1,2,1,0,1,2,0,0,0,1,1,0,0,2,1,0,1,3,2,1,1,0,0,0,1,0,2,2,2,1,0,2,2,2,2,1,0,1,0,0,4,0,2,2,0,1,0,0,1,1,3,1,2,2,1,1,3,2,1,1,1,1,1,4,0,1,2,4,2,1,1,2,1,2,0,6,1,0,4,0,7,1,1,4,2,1,2,0,0,1,2,1,1,2,2,1,1,1,2,2,4,2,1,3,2,1,0,0,1,2,2,1,2,1,1,0,1,1,2,2,2,6,1,1,1,1,1,3,1,4,1,1,3,5,3,4,7,2,1,0,1,0,3,1,1,4,2,4,2,1,3,1,1,2,1,1,3,4,2,4,0,3,5,5,2,3,2,1,5,0,4,3,1,2,4,1,3,4,0,1,1,2,2,7,0,4,4,5,1,2,3,4,0,5,1,5,1,3,4,1,4,1,2,3,1,3,0,5,4,2,2,6,2,3,4,2,1,2,3,2,0,3,3,1,0,4,0,1,1,2,2,2,1,4,4,5,3,7,1,1,2,2,6,3,6,1,8,2,5,1,1,4,5,7,4,1,3,1,3,1,4,1,1,2,5,0,7,1,2,2,3,2,7,3,2,3,5,1,1,3,1,1,3,2,2,7,2,4,2,4,1,5,7,3,4,0,3,7,5,2,2,3,9,5,4,3,2,6,3,1,5,2,5,2,6,5,1,2,4,2,3,4,7,6,1,1,2,6,3,2,2,1,4,4,6,5,2,4,5,2,0,2,2,0,6,6,1,4,3,2,3,6,9,6,2,2,5,3,3,1,7,3,4,4,1,8,5,10,4,2,1,4,4,3,2,2,4,3,6,4,1,4,1,1,0,3,4,1,2,3,4,3,7,4,3,7,2,2,7,8,5,4,6,4,1,5,6,5,3,1,1,5,5,2,8,3,5,2,2,4,2,2,1,5,4,4,4,3,0,6,5,6,4,3,5,4,6,3,6,5,4,3,3,2,5,4,5,7,6,5,7,4,6,4,5,5,5
f7e87032,1,1,0,1,1,1,2,1,1,1,0,0,1,1,6,0,1,0,2,2,3,3,1,1,0,2,0,2,2,2,4,3,0,1,0,1,0,1,1,0,2,3,4,0,4,1,3,1,0,1,2,1,1,0,0,2,1,4,3,2,2,0,0,1,2,1,3,1,1,2,2,4,3,1,1,6,3,0,3,3,1,2,0,2,0,2,1,1,2,2,1,0,2,1,1,0,0,2,3,2,1,1,1,3,1,2,2,0,0,3,2,2,2,2,0,0,2,1,3,1,5,3,3,4,3,2,2,4,4,2,2,2,3,0,1,3,3,4,4,3,2,2,1,1,2,0,2,1,2,2,4,2,0,3,2,2,2,3,1,1,1,0,2,1,3,2,2,2,1,3,1,3,2,3,2,5,4,2,2,3,2,5,2,2,4,2,3,3,3,1,4,3,2,0,5,1,4,3,2,3,3,4,3,5,1,1,6,5,5,1,2,3,0,2,4,1,2,5,4,2,1,5,0,1,1,3,2,3,4,3,1,1,5,1,4,2,4,3,4,2,5,3,2,5,1,4,2,4,3,5,3,3,4,2,6,2,4,3,2,4,2,7,2,1,6,2,4,3,3,3,3,3,3,5,3,2,5,5,6,4,1,1,3,3,1,3,3,4,2,5,2,4,1,2,4,6,2,5,4,3,2,3,2,2,5,2,2,5,4,5,6,2,3,6,4,7,5,5,3,1,4,3,3,3,5,4,7,2,4,5,5,4,2,2,3,4,4,5,4,3,3,5,4,2,5,2,4,7,6,2,4,4,4,4,4,4,4,2,5,5,3,4,6,4,2,6,4,4,2,3,3,4,2,3,5,2,4,3,2,6,2,3,4,2,3,7,4,3,0,2,5,4,3,4,6,4,6,4,3,4,3,6,4,4,4,3,5,2,5,4,4,5,1,3,5,6,4,5,3,7,6,6,5,3,3,4,4,6,6,5,4,3,6,8,5,5,5,4,4,5,6,6,5,6,7,6,5,7,5,4,5,5,4,4,5,7,4,5,5,4
f9758dae,0,0,6,2,3,0,0,4,1,2,3,3,0,4,0,3,3,3,0,4,1,1,3,2,2,3,1,1,1,0,0,2,2,3,6,2,4,1,3,2,2,0,0,4,1,4,4,3,0,3,3,2,1,1,1,2,1,1,1,5,1,3,3,0,1,2,1,0,3,3,4,1,1,0,4,0,2,2,2,2,3,2,3,2,2,2,1,2,4,1,2,2,0,1,4,1,3,3,1,0,4,4,3,0,2,0,2,4,3,0,2,5,2,0,4,5,4,3,1,1,0,2,1,0,2,0,3,0,2,1,2,2,1,1,0,2,0,2,2,3,0,5,3,3,2,1,1,3,0,2,1,6,2,0,0,2,1,1,2,3,0,0,3,4,1,1,1,3,1,3,2,2,2,0,1,1,4,1,3,3,3,0,3,1,2,4,1,3,3,4,3,1,1,1,1,3,2,2,3,0,1,1,0,1,2,6,0,1,0,4,0,3,5,1,4,5,4,2,2,1,1,4,4,4,2,4,3,3,3,1,3,3,3,1,0,5,1,5,4,0,3,1,0,2,1,4,3,3,4,3,6,2,1,2,3,3,3,1,6,3,6,2,3,3,2,4,5,2,5,5,5,3,4,1,4,4,3,1,0,4,5,5,5,2,3,0,5,2,4,0,4,3,4,4,1,4,5,4,1,5,3,3,5,6,4,4,1,3,2,1,3,2,4,3,2,2,1,5,3,4,0,2,5,6,3,2,3,3,4,4,2,2,5,6,5,2,2,4,2,5,3,6,3,4,2,1,3,2,2,6,3,0,5,2,1,4,3,6,3,3,4,3,1,2,6,3,5,3,5,3,3,4,5,1,3,2,3,4,3,2,5,6,2,1,7,3,4,4,2,0,2,4,5,4,2,4,3,2,5,3,3,5,4,6,4,4,3,5,7,4,4,4,4,4,3,4,3,4,9,5,3,1,2,7,5,4,3,6,3,4,3,0,5,2,6,5,3,3,4,6,5,4,8,6,2,3,4,5,3,4,4,7,4,3,2,3,6,7,6,6
f9f74e43,5,2,0,2,0,2,4,1,2,1,1,1,3,0,3,1,0,2,4,1,1,3,1,1,0,2,1,2,3,2,3,2,1,1,0,0,0,3,0,2,2,5,4,0,3,0,2,1,1,1,2,1,3,2,2,3,5,4,4,1,3,1,0,2,3,0,3,4,2,1,0,3,5,2,1,5,4,2,1,4,1,4,0,1,1,3,0,3,2,2,0,1,4,3,1,2,1,1,6,5,1,1,3,3,4,4,0,0,1,6,3,1,3,3,0,1,2,2,6,4,5,4,5,5,0,4,2,5,2,4,5,2,2,2,2,4,1,2,2,1,2,1,0,1,3,1,2,1,1,5,1,2,1,3,4,1,2,6,2,1,3,1,3,2,2,0,1,2,1,4,3,0,3,1,3,3,5,2,2,3,1,5,5,2,5,3,2,3,4,3,2,5,4,3,4,2,4,6,2,3,2,8,4,3,1,2,3,3,1,3,2,5,0,3,1,1,1,6,8,5,2,0,1,2,2,3,2,4,1,4,1,2,10,2,4,1,5,0,2,3,3,6,4,7,3,2,3,2,2,2,3,2,4,3,5,5,2,3,2,4,3,6,2,0,8,2,3,4,3,2,3,1,4,6,4,2,4,9,1,3,3,1,3,4,3,5,3,2,1,2,1,7,2,4,1,4,4,4,7,5,3,4,4,4,4,2,0,3,6,8,4,5,4,3,6,4,7,4,5,1,4,8,5,3,5,2,3,3,4,7,2,4,4,3,4,4,3,3,4,1,5,2,7,3,7,4,6,2,4,1,6,1,5,6,1,2,1,3,5,2,4,6,6,4,4,7,1,4,1,3,1,4,3,1,4,3,6,5,4,5,2,1,6,7,2,6,5,1,5,2,0,5,5,5,4,4,5,4,2,6,5,2,2,2,6,1,3,4,2,4,3,5,2,4,5,3,6,3,2,3,8,7,4,3,5,6,4,4,3,4,8,5,3,2,1,4,3,4,4,2,5,4,2,2,5,4,5,2,5,4,4,2,3,4,4,3,4,2,2,3
fb14aa28,0,0,2,0,3,1,2,1,1,1,1,1,0,3,3,1,4,1,3,2,1,1,3,3,3,1,3,2,1,2,2,5,1,2,2,2,3,2,4,2,2,2,5,2,1,2,3,2,2,2,1,3,2,0,3,1,3,5,1,3,1,2,4,2,7,4,2,0,1,4,1,1,4,3,4,3,2,4,1,7,2,4,2,1,2,2,0,3,3,0,3,3,1,6,2,5,1,3,6,1,1,1,2,2,4,1,2,3,2,5,6,4,1,2,3,3,4,3,3,1,4,4,5,3,0,4,4,1,1,2,4,1,1,3,0,5,0,1,2,2,0,3,3,4,5,0,3,1,2,3,1,5,5,1,2,4,3,3,5,2,1,3,4,3,0,0,1,6,0,6,3,0,5,1,2,4,9,2,7,2,3,5,3,5,2,6,1,6,5,4,2,4,3,1,5,4,3,5,4,1,2,3,1,2,3,2,1,4,0,4,1,6,3,1,2,4,4,4,3,2,6,0,1,3,2,4,7,3,1,6,2,4,6,3,2,4,3,1,5,2,3,3,2,5,3,4,6,2,3,3,7,3,3,5,6,2,2,1,6,5,4,4,1,2,5,5,5,2,2,2,5,0,8,4,9,2,5,4,0,3,3,3,5,6,4,2,4,1,3,1,6,5,3,3,0,3,5,7,5,7,3,7,5,5,3,3,0,2,6,5,3,4,5,3,3,3,4,3,3,3,1,4,4,5,3,2,2,6,6,9,1,5,5,6,5,7,3,3,3,4,3,4,7,5,7,1,4,2,4,3,5,2,7,5,0,2,2,6,4,3,6,4,3,4,5,5,3,3,2,7,2,8,5,2,3,3,4,7,6,3,4,2,3,3,2,6,7,2,4,4,5,0,8,6,3,4,6,3,4,8,3,2,3,5,4,5,3,4,3,6,4,5,6,5,6,3,6,2,4,3,6,3,5,6,6,9,4,5,5,5,5,2,3,2,2,3,5,5,8,3,5,4,4,2,3,2,6,2,5,5,4,4,3,2,3,3,2,3,3,3
0917188a,1,0,3,2,2,1,2,2,1,0,1,1,0,2,2,1,4,3,1,2,1,1,3,1,2,1,3,2,0,1,1,4,0,1,3,3,4,2,2,2,1,1,3,3,1,2,2,1,1,1,1,1,3,1,3,1,5,3,1,3,1,1,2,2,4,3,2,0,1,2,2,1,3,3,3,2,2,2,1,5,1,4,1,1,4,1,1,4,2,1,1,1,0,4,2,3,1,2,6,2,2,2,3,1,5,0,3,2,3,5,4,2,2,1,2,4,3,1,3,2,3,3,4,2,1,3,3,2,2,2,4,3,1,3,0,4,0,2,1,2,1,3,1,3,2,1,2,1,0,4,1,3,3,0,2,3,3,3,4,2,1,2,4,2,0,1,1,4,2,3,2,2,4,2,3,4,8,2,4,0,4,4,3,5,1,4,1,5,5,6,1,3,2,3,4,2,4,5,3,0,1,3,3,2,1,2,0,4,0,3,1,6,2,1,4,3,3,3,2,3,4,1,1,2,5,2,4,3,3,5,1,1,6,1,1,3,3,3,5,1,3,3,1,5,3,3,3,1,2,3,6,3,2,5,6,3,3,1,4,3,3,3,1,4,5,3,3,5,2,3,4,2,7,3,6,4,5,4,0,2,4,3,4,5,6,3,2,1,4,0,5,7,2,3,0,3,4,6,3,8,4,5,4,4,3,5,2,2,3,5,3,4,4,3,4,2,3,3,2,3,1,5,5,5,4,3,3,5,3,7,2,5,5,5,4,5,3,5,3,3,3,4,8,3,6,0,4,2,3,2,4,2,6,6,1,2,3,6,3,3,4,6,2,3,7,5,2,3,4,6,3,8,4,2,2,4,5,6,5,3,4,3,4,4,3,5,6,3,3,5,5,8,0,8,4,4,4,3,4,8,3,3,3,4,6,5,4,4,4,6,5,4,4,4,4,3,6,3,5,3,6,3,4,4,4,7,5,4,6,7,5,1,4,2,3,3,6,6,8,4,4,3,5,3,4,3,6,3,6,6,3,4,4,3,4,4,3,4,5,5
0b3358f0,1,1,2,1,2,1,1,1,2,0,0,0,1,1,2,0,2,1,0,1,1,1,1,0,0,0,0,4,0,0,1,4,0,0,2,2,2,4,1,0,1,2,2,3,1,1,1,0,0,0,0,0,1,2,0,2,3,2,2,2,3,0,1,2,2,1,3,1,0,2,3,2,2,2,2,2,4,1,1,3,0,6,0,2,1,1,1,1,1,1,0,0,1,4,1,1,2,1,3,2,1,1,1,2,2,1,1,1,1,3,2,1,3,2,1,3,3,0,2,3,3,3,4,5,1,1,2,3,2,2,5,5,1,0,1,4,0,2,3,3,1,2,0,2,1,3,3,0,1,3,1,2,1,1,3,1,3,3,2,2,2,1,5,1,0,3,2,2,2,2,2,2,1,3,6,4,6,4,2,0,5,3,1,5,1,3,2,3,6,3,1,2,3,4,6,1,4,3,2,1,1,2,4,2,0,1,0,4,0,2,2,6,1,3,4,2,2,6,3,2,2,2,0,1,3,3,2,1,4,3,0,0,6,0,4,2,3,4,5,3,4,4,2,5,1,4,1,1,1,5,4,5,2,3,8,5,4,2,3,1,2,3,1,5,6,2,3,4,1,3,3,2,5,6,5,5,6,5,1,3,3,2,4,3,3,2,1,3,3,0,3,8,2,1,0,4,3,4,4,6,7,5,3,3,3,6,2,2,3,4,3,6,3,3,2,4,5,4,4,2,3,5,3,4,4,4,3,2,2,5,2,3,2,4,3,5,3,5,5,2,5,5,5,2,6,1,2,2,3,1,6,3,4,5,2,3,4,5,3,4,3,7,4,4,6,6,3,2,4,3,4,8,4,3,2,7,3,4,4,3,2,5,2,4,2,3,4,4,4,4,5,6,8,0,4,4,3,3,5,7,3,3,4,3,6,5,6,3,5,7,7,4,3,3,5,4,5,4,4,5,3,4,4,3,3,5,5,3,6,6,6,3,4,3,4,3,6,6,5,6,5,3,4,4,5,3,4,3,6,3,3,5,5,4,4,4,3,5,6,5
148e136f,2,4,0,0,0,2,1,0,3,0,0,0,3,0,4,0,0,1,2,1,5,2,1,0,0,1,1,1,1,3,4,1,0,0,0,0,0,1,0,1,0,2,2,0,2,0,2,0,1,0,1,0,1,2,1,0,2,1,3,0,1,0,0,1,0,0,3,2,1,0,1,2,1,2,1,6,0,1,4,3,0,0,0,2,0,1,4,1,1,4,0,1,3,1,0,2,0,1,2,2,0,0,2,5,2,3,2,0,0,2,0,0,0,3,0,1,1,0,1,0,4,2,3,1,4,1,1,1,2,3,2,2,4,1,4,1,5,4,3,2,4,1,0,1,1,3,1,0,1,0,3,1,0,4,4,1,1,2,0,1,4,2,1,1,5,2,4,0,3,2,1,6,1,5,2,3,3,3,2,2,0,4,2,1,2,1,3,2,2,1,5,1,5,4,3,1,7,2,3,5,5,4,3,3,0,1,4,4,6,2,5,2,0,1,5,1,0,3,2,2,1,3,0,1,2,1,1,1,4,2,0,1,4,0,2,1,5,2,2,3,2,2,5,4,1,3,2,4,1,3,2,3,3,2,5,3,5,4,1,2,2,8,1,2,5,0,2,6,2,2,1,3,3,4,2,4,3,3,4,4,2,1,4,2,1,2,1,2,4,5,2,3,1,1,6,4,3,2,4,4,3,4,3,3,5,5,5,3,4,3,5,2,3,7,4,3,3,4,4,1,2,3,4,3,7,5,5,2,2,4,7,4,3,3,3,3,5,6,4,1,3,3,4,2,4,3,3,5,6,2,7,3,4,3,5,4,2,4,3,4,4,4,2,5,4,4,2,4,4,1,3,3,3,4,3,2,3,3,4,5,3,3,4,2,2,5,4,3,6,2,4,3,4,4,0,3,4,6,5,5,4,6,4,2,3,1,5,3,4,6,4,2,2,3,4,5,5,4,3,4,3,2,3,3,3,3,5,3,5,3,4,3,4,4,2,3,5,4,2,3,4,4,3,5,6,7,3,6,5,4,4,3,3,4,6,7,3,3,5,5
1544f145,2,1,2,1,2,4,3,0,0,0,0,0,1,1,2,0,2,0,3,2,0,3,3,1,1,1,1,0,2,3,1,2,0,0,1,2,2,2,1,0,1,2,3,2,2,1,2,0,2,0,1,1,2,1,1,2,2,4,3,1,0,0,1,4,1,2,5,2,1,2,3,3,3,2,1,2,1,0,5,3,0,3,0,3,1,3,1,1,2,3,0,0,1,4,0,1,3,2,2,2,0,0,3,3,2,1,3,1,1,3,1,1,2,1,1,1,2,0,1,1,2,5,5,2,3,2,0,2,1,2,2,0,5,1,1,5,3,2,4,3,3,2,0,1,0,1,2,0,2,0,1,3,1,3,1,3,1,3,1,3,3,3,1,1,1,3,4,2,2,1,1,1,2,3,2,1,3,1,3,4,4,3,2,1,3,1,3,2,5,5,3,3,2,0,3,1,5,1,4,1,2,4,1,4,0,3,3,1,1,1,4,5,1,0,2,3,1,4,3,1,2,0,1,1,3,5,3,1,2,2,0,0,5,3,2,2,4,1,4,2,6,1,1,5,3,3,3,4,2,5,4,3,1,3,5,6,5,6,2,4,2,5,3,4,3,1,3,3,2,5,2,2,3,3,2,5,5,2,3,4,1,2,4,4,2,3,1,1,5,1,4,2,3,2,3,7,4,5,3,4,5,6,3,3,6,5,1,3,4,3,8,3,2,3,6,5,2,6,4,1,2,5,4,4,6,5,6,3,2,5,4,4,4,3,2,5,5,6,2,3,5,4,5,1,6,1,2,3,4,2,5,3,5,2,5,7,5,3,5,4,3,3,3,5,3,4,2,2,4,5,6,5,3,1,5,3,5,4,4,6,4,3,8,1,1,4,4,7,4,4,4,4,4,4,3,0,5,5,6,6,5,5,4,6,5,5,3,2,4,4,5,4,2,2,6,6,6,8,3,6,5,3,7,3,3,3,9,6,7,5,6,1,6,3,3,4,6,9,6,5,5,6,4,3,5,6,5,3,8,8,9,5,7,7,8,6,4,4,4,5
1956b948,1,1,1,0,1,1,1,2,1,1,2,2,1,1,2,2,2,2,4,2,2,2,2,4,1,3,1,2,3,3,3,2,1,2,1,1,1,2,2,2,3,2,4,1,1,1,4,2,0,2,3,3,1,0,2,2,1,3,1,2,1,2,2,2,5,2,3,1,3,2,1,2,4,0,1,3,2,3,3,4,2,2,1,3,1,2,1,3,3,3,2,3,2,2,2,3,0,3,5,1,2,2,4,4,4,2,2,1,2,3,4,2,1,3,1,1,1,3,3,0,3,2,2,4,2,1,3,2,0,3,1,0,3,2,1,3,3,1,4,3,3,2,2,2,4,0,1,2,4,2,3,3,4,3,1,3,2,2,5,1,2,2,2,3,3,2,3,2,2,5,2,2,3,4,0,1,6,2,4,4,0,3,4,2,3,2,5,4,4,3,3,4,2,0,4,4,4,5,5,2,3,6,1,2,3,4,4,1,2,3,3,2,1,1,2,3,3,3,4,3,5,1,2,3,2,3,4,4,3,4,2,4,4,1,2,2,6,1,4,3,5,1,2,4,0,5,6,4,4,5,3,3,3,3,5,3,4,4,4,7,4,6,1,1,4,2,3,3,4,3,4,1,4,3,5,3,2,4,3,4,3,2,4,6,4,4,4,2,2,3,4,4,3,4,3,6,5,6,4,5,2,6,5,4,5,3,2,3,7,4,6,1,5,5,5,5,3,5,3,1,1,2,4,4,5,4,5,3,6,6,4,6,5,3,4,6,5,5,2,3,2,5,6,3,5,2,5,5,5,2,4,6,5,3,4,4,3,3,4,5,7,2,4,5,6,5,2,5,3,6,4,4,2,1,4,0,4,4,4,8,3,2,6,2,4,5,4,4,6,3,5,6,4,3,4,5,0,6,4,5,6,5,4,5,3,5,3,4,4,5,5,6,3,5,5,5,3,5,3,5,7,4,8,4,6,6,5,7,6,3,3,2,4,5,3,6,5,6,5,4,5,7,5,4,4,5,7,4,4,6,7,5,4,6,5,6,5,4,4,4
19709006,3,3,0,2,0,4,4,0,2,0,0,0,2,0,2,0,1,1,4,1,4,4,1,3,1,1,2,1,3,5,5,3,0,0,0,1,0,2,1,1,0,4,3,0,3,0,2,0,3,0,1,1,3,2,1,1,2,3,3,0,1,0,2,3,1,1,4,3,1,0,1,4,2,4,0,4,0,1,3,3,0,1,2,4,1,4,3,1,2,7,2,2,2,1,1,2,1,2,1,4,0,0,3,5,2,2,2,0,0,3,0,0,1,3,0,0,1,0,2,2,2,3,3,1,3,3,3,2,2,6,2,3,6,1,3,2,6,3,4,2,8,1,2,1,1,2,1,0,3,1,4,1,1,5,3,2,2,3,1,3,4,6,0,1,2,4,4,0,7,2,3,4,2,4,2,0,4,1,3,4,0,2,1,2,2,0,3,3,2,3,2,2,2,2,2,2,7,1,4,2,3,5,4,3,1,2,4,1,3,1,5,2,0,1,4,2,1,3,3,2,3,1,0,1,3,3,2,1,5,2,0,2,4,2,3,1,7,2,2,2,4,1,3,3,3,5,4,3,1,4,2,3,3,2,4,5,5,7,1,4,2,7,2,3,5,0,2,6,2,3,1,3,3,4,2,6,2,2,4,3,1,1,6,3,1,3,1,1,3,4,4,2,4,1,4,5,3,2,6,4,3,6,3,2,5,4,5,4,6,2,6,2,3,6,5,3,3,5,2,0,2,3,4,3,8,5,5,2,3,4,6,5,4,2,2,4,8,7,3,1,4,4,3,2,5,2,2,3,4,1,4,6,3,2,4,3,2,3,4,6,5,4,3,4,4,4,2,3,4,2,3,3,2,2,5,1,5,2,3,8,3,3,6,2,2,4,3,3,4,2,4,3,3,3,6,5,6,0,5,6,8,4,3,3,4,3,4,2,4,3,6,2,2,3,5,5,5,5,2,4,3,3,5,3,3,2,7,4,5,3,4,2,4,3,2,5,6,6,2,3,4,6,3,4,7,7,3,3,6,5,7,4,5,6,7,6,4,3,5,6
19cae58d,0,1,2,0,3,1,0,0,1,1,0,0,1,2,0,0,1,0,0,1,2,2,1,1,1,0,1,0,0,2,2,1,1,1,2,1,1,1,2,1,1,0,0,2,0,1,3,1,1,1,0,1,0,1,1,1,0,1,1,1,0,1,2,1,1,1,4,0,0,3,3,3,0,2,2,1,1,1,5,1,1,2,1,5,0,1,2,0,1,4,1,1,1,3,0,1,3,1,0,0,0,0,3,4,1,1,1,2,0,0,1,3,1,1,2,1,3,1,0,0,0,3,2,1,4,1,0,0,0,1,1,2,3,1,1,3,3,2,5,6,3,2,2,1,1,2,2,0,3,0,3,4,2,2,1,1,0,1,0,4,2,3,3,2,3,3,5,2,3,2,0,5,2,5,1,0,2,2,3,3,3,0,1,0,1,2,4,4,3,3,5,0,2,2,3,2,5,0,4,1,3,3,1,2,1,3,2,0,2,2,4,3,3,0,5,3,1,3,2,0,1,2,1,2,3,6,3,1,5,0,1,2,3,2,1,3,4,4,4,2,5,0,1,2,2,5,4,6,2,5,5,4,0,0,5,6,8,4,4,3,4,4,1,5,2,2,4,4,2,3,2,3,2,2,3,7,3,1,2,7,1,2,7,1,1,1,3,2,5,2,6,2,3,2,4,6,4,2,1,4,4,6,3,4,4,8,4,2,5,1,5,2,2,5,2,3,1,7,5,1,0,2,3,4,6,7,4,3,3,3,6,2,5,4,3,3,6,6,3,3,4,4,2,2,3,2,1,4,5,4,5,3,3,1,6,6,3,5,2,6,5,2,1,6,4,4,4,2,8,4,6,3,4,3,3,2,3,3,4,5,3,5,3,0,3,2,2,7,3,5,2,4,4,5,5,6,4,5,0,4,4,6,5,5,3,3,4,2,4,6,5,3,3,2,7,6,3,6,4,5,2,1,3,5,3,3,6,4,5,3,3,0,4,3,3,3,5,6,4,5,4,5,4,3,5,4,2,4,5,4,6,5,6,5,5,7,3,4,5,5
200e89e1,2,1,1,1,1,3,4,0,0,0,0,0,1,1,3,0,3,0,4,2,0,3,3,1,1,1,1,1,3,2,2,4,0,0,1,1,2,2,2,0,0,3,6,1,3,1,2,0,2,0,1,1,2,0,1,1,4,6,3,1,0,0,2,4,4,3,4,2,1,1,1,3,5,4,2,4,1,2,2,6,0,4,0,0,1,4,0,1,2,3,1,1,1,5,0,3,2,3,5,3,0,0,3,2,2,1,1,1,1,6,3,1,2,2,1,2,3,0,2,2,4,5,6,3,0,3,2,2,2,5,4,2,3,1,1,6,1,2,2,1,3,2,1,3,2,0,2,0,1,1,0,2,3,2,3,4,3,4,3,3,2,4,3,1,1,0,2,3,2,3,3,1,2,3,2,3,7,1,4,3,3,6,2,5,3,3,0,5,5,3,2,5,3,2,5,2,6,4,4,1,2,4,3,4,1,1,2,3,1,2,2,6,1,0,3,3,2,4,4,2,4,0,0,1,4,3,4,1,2,5,0,1,7,2,2,2,6,2,4,2,3,3,2,6,3,3,3,2,1,2,5,2,2,5,7,5,4,3,3,4,2,5,3,3,5,2,3,4,2,3,4,2,6,4,6,4,6,4,1,2,2,2,6,6,3,4,1,0,3,1,5,5,3,1,1,3,3,6,6,7,3,7,4,3,5,4,1,2,5,5,5,4,4,2,5,3,4,3,3,2,2,6,4,4,6,4,3,3,3,8,3,6,3,4,3,7,4,5,2,2,5,4,7,2,8,1,3,1,4,1,5,4,6,4,2,3,2,5,5,5,4,4,3,4,5,5,2,3,3,4,2,8,4,2,4,3,4,5,4,6,4,2,5,3,1,5,6,2,4,3,6,8,8,7,5,6,5,6,4,0,6,2,2,3,5,5,3,3,3,5,5,3,4,4,5,4,8,3,3,4,5,3,6,3,4,6,7,4,7,5,7,2,4,1,2,4,7,8,6,3,5,4,3,2,6,5,6,2,8,5,6,4,5,3,6,5,3,3,4,5
2677a1de,2,1,1,2,1,2,3,2,0,2,3,3,1,1,1,3,1,2,4,2,1,2,2,4,1,3,0,0,5,3,2,2,3,2,2,0,1,1,2,2,2,2,3,2,3,1,2,2,1,2,3,3,1,1,1,3,2,3,2,1,0,3,4,2,2,1,3,2,4,1,2,2,3,2,1,2,1,4,2,2,2,1,3,2,1,4,0,1,4,4,2,3,1,1,2,2,3,3,2,2,2,2,4,2,2,1,3,2,2,2,1,1,3,2,2,2,3,3,1,1,2,2,2,2,2,1,2,1,3,7,1,1,4,1,1,2,3,1,2,1,5,2,2,2,3,0,1,2,4,0,2,2,2,2,1,2,2,2,2,4,2,4,0,4,3,1,2,1,4,4,4,2,2,3,0,1,3,1,2,5,1,2,3,1,4,2,2,4,2,3,1,3,1,1,1,5,5,3,3,1,1,5,2,2,3,4,3,0,2,4,2,3,2,0,3,3,2,2,4,2,2,0,2,4,3,4,3,3,4,1,2,3,4,1,1,2,7,1,2,1,3,1,1,4,1,3,4,2,3,2,3,1,1,1,3,5,4,4,2,5,5,5,3,2,3,2,3,4,4,3,2,4,2,2,3,4,2,3,3,3,4,3,6,4,2,3,3,2,2,2,4,3,4,3,2,4,6,2,4,5,2,5,5,4,6,3,3,5,7,3,6,1,5,4,5,3,2,4,2,1,2,3,4,4,6,4,4,1,5,4,5,5,4,4,4,4,5,5,2,2,3,4,4,3,4,1,4,2,3,2,3,4,4,2,3,2,3,5,4,5,6,2,2,4,6,4,1,3,3,2,3,3,4,4,6,0,5,4,3,8,2,1,6,2,2,4,2,2,3,3,5,3,3,3,4,5,6,8,4,6,0,3,1,4,3,3,2,5,2,2,5,5,4,5,4,5,4,4,4,3,4,2,6,3,5,3,6,5,5,2,4,1,3,2,1,5,6,6,2,3,5,5,2,2,6,7,4,2,5,4,6,3,6,5,6,5,5,3,3,4
357103bd,0,1,2,1,0,0,0,1,2,0,0,0,1,0,2,0,1,1,0,0,4,2,0,1,0,0,0,1,0,2,2,1,0,0,1,1,1,1,0,0,0,0,1,1,1,0,1,0,0,0,0,0,1,2,0,1,1,0,1,1,1,0,0,0,0,0,2,0,0,0,4,1,0,0,0,3,2,0,5,0,0,1,0,5,1,1,3,1,0,2,0,0,1,0,1,0,0,0,0,0,1,1,1,3,2,1,4,0,1,0,0,0,1,1,0,1,1,0,0,1,1,0,0,0,7,0,1,1,3,0,1,1,3,0,1,0,4,4,2,4,2,1,0,0,0,2,1,0,2,1,5,2,0,1,1,0,1,0,1,1,2,1,2,1,3,3,3,0,3,1,1,6,1,4,1,3,3,3,1,3,1,2,1,1,2,0,5,1,1,3,4,0,1,2,1,1,4,0,3,2,2,3,0,2,0,4,4,3,4,1,3,2,0,1,5,2,1,2,1,0,1,5,1,1,3,2,1,1,5,0,0,0,2,1,0,1,3,2,4,1,5,2,1,2,0,4,2,5,2,5,2,3,1,0,3,2,4,3,1,2,2,6,0,2,2,0,2,5,1,4,0,4,2,1,1,4,2,1,4,4,2,1,3,1,2,1,1,4,5,3,2,3,2,2,5,8,3,2,1,4,3,4,3,3,5,6,5,5,4,1,6,1,2,8,3,4,1,7,2,0,1,1,3,3,6,4,8,1,2,2,7,2,4,2,2,2,5,7,4,2,1,6,2,1,2,1,1,8,5,3,3,3,2,2,6,5,6,2,2,3,5,3,2,4,4,4,3,2,6,3,6,3,2,3,3,1,5,2,2,5,1,4,4,1,4,4,1,7,6,5,2,2,3,3,6,5,5,4,6,2,3,0,5,4,4,5,4,2,6,5,5,3,1,2,4,5,2,8,5,5,3,2,4,2,3,2,4,4,5,4,2,0,6,7,5,6,4,4,3,6,3,8,6,7,4,6,3,9,3,4,6,7,4,6,5,7,6,6,5,5
3626daea,0,2,2,1,2,2,0,1,4,0,0,0,1,1,2,0,2,2,2,1,5,1,1,1,0,0,1,2,0,3,4,4,1,0,2,2,2,3,1,1,2,2,1,4,0,2,3,0,2,0,0,0,3,2,2,3,3,2,1,4,3,1,1,1,2,1,3,0,1,3,2,2,2,2,2,3,2,0,3,3,0,5,0,6,1,0,4,4,2,2,0,1,2,3,2,2,2,2,2,2,1,2,1,5,3,2,1,2,1,1,1,2,2,3,1,2,1,2,1,1,3,4,4,3,3,3,3,1,1,2,5,2,3,2,2,4,4,3,5,7,2,1,0,1,1,4,2,1,2,3,4,2,1,5,2,1,3,3,2,2,3,2,5,0,3,4,5,3,3,3,2,5,1,3,3,2,3,5,3,2,3,1,1,1,2,3,8,0,3,2,5,2,4,3,5,0,5,2,3,3,5,4,2,3,1,0,3,3,3,0,4,5,2,3,7,1,4,4,3,2,2,4,1,0,2,3,2,1,3,1,1,3,3,2,4,1,3,5,5,4,7,2,3,1,2,7,4,5,1,9,2,6,3,0,4,4,6,3,2,3,1,4,1,4,3,2,3,5,0,7,2,1,4,5,3,7,3,3,1,5,1,1,4,0,1,2,3,2,6,3,3,2,5,1,4,6,1,5,2,2,6,3,1,1,1,7,5,4,3,3,4,5,1,6,3,5,3,5,6,1,1,3,1,2,2,6,4,3,2,3,4,4,2,2,1,4,4,6,7,2,5,6,1,1,3,3,1,6,6,0,6,2,3,5,4,8,5,2,4,4,2,3,2,7,2,5,5,1,6,5,8,3,2,0,4,4,3,1,3,3,4,8,3,3,5,2,3,8,4,4,2,3,3,4,4,4,4,3,5,2,1,5,0,3,5,5,4,1,7,7,5,4,1,1,5,3,3,5,4,6,3,3,2,4,2,2,5,4,3,5,2,1,6,5,7,5,2,4,3,7,3,5,6,6,3,3,2,6,5,4,4,6,4,6,4,5,5,6,7,7
37db6cae,0,0,4,2,5,0,0,4,0,4,3,3,0,6,0,3,3,2,0,5,0,0,3,3,3,4,2,0,2,1,0,1,3,5,4,2,3,0,5,3,3,0,0,3,2,5,3,5,1,5,4,5,0,1,2,2,0,2,1,5,0,4,4,0,2,3,3,0,3,5,3,1,1,1,6,0,0,3,3,2,5,1,4,1,1,1,1,1,4,1,4,3,0,2,3,2,2,4,1,0,4,4,3,1,2,0,3,5,2,0,3,6,2,0,5,4,5,4,1,0,0,1,1,0,2,1,2,1,2,1,1,0,3,2,0,1,2,1,2,3,1,6,4,4,4,0,1,4,3,1,2,6,2,0,0,3,0,1,1,6,2,2,1,5,0,2,2,4,1,5,1,1,3,1,1,0,3,0,4,2,2,0,2,0,1,5,2,4,4,5,1,1,1,0,1,4,3,2,3,0,1,2,0,3,4,5,2,0,1,5,2,2,5,0,3,4,4,1,1,1,2,1,3,5,1,6,4,4,2,1,5,3,3,1,0,7,3,3,3,0,5,0,0,3,2,3,4,2,7,4,6,2,1,3,3,3,4,3,6,4,6,3,4,2,2,5,7,2,5,5,4,3,3,1,5,3,3,1,3,5,4,5,4,3,2,1,6,1,4,1,6,2,3,3,2,4,8,5,1,3,4,6,4,6,5,3,1,4,4,1,6,1,5,3,3,5,1,3,2,5,1,3,4,8,3,4,6,4,6,4,2,3,5,7,7,3,5,5,1,8,2,4,4,5,2,0,4,4,4,5,3,2,5,1,2,4,3,7,4,4,5,3,2,3,6,3,5,4,3,6,5,4,6,3,5,2,3,6,4,5,4,2,5,0,4,3,4,5,4,6,2,5,4,3,2,6,5,3,5,3,4,4,3,0,4,4,3,5,5,3,5,5,5,5,6,5,3,5,5,5,4,2,5,7,4,5,5,9,5,4,4,0,6,4,5,4,4,5,7,4,7,4,7,4,3,5,5,4,4,7,6,4,7,5,4,6,4,5,5,5
3a233281,4,3,3,4,2,3,3,2,3,1,1,1,2,2,2,1,3,4,2,2,2,3,2,0,1,1,3,2,2,1,2,4,1,1,3,2,3,3,2,3,0,4,2,3,3,2,1,1,3,1,1,0,4,2,3,2,6,3,4,2,2,1,2,2,1,2,3,3,1,1,3,3,2,3,2,3,3,1,1,3,1,5,1,1,3,3,2,3,1,2,1,2,1,2,1,2,3,2,2,6,2,2,0,1,3,1,1,2,2,3,1,1,4,1,2,3,4,0,3,5,2,4,4,2,1,4,3,5,4,3,6,4,3,3,3,3,1,4,2,2,2,3,1,2,0,4,2,1,0,4,1,2,1,2,4,2,4,6,1,2,2,2,4,2,1,2,3,2,3,1,2,2,2,0,4,2,4,2,3,1,3,2,1,3,2,2,3,2,4,4,1,2,3,2,2,2,4,2,2,2,2,3,4,3,1,1,1,3,1,2,1,5,2,2,3,3,2,3,4,5,0,1,1,2,3,3,2,2,2,1,1,1,7,1,3,3,2,2,3,1,5,4,2,3,4,4,2,1,3,5,5,3,3,1,5,4,2,3,2,1,3,4,3,3,6,2,3,5,2,5,2,2,5,4,3,5,3,4,0,2,3,3,4,2,4,3,1,2,4,0,2,7,4,2,1,5,2,4,5,4,5,4,3,3,3,3,2,3,3,3,5,6,3,4,7,4,3,4,3,2,2,6,4,4,3,2,5,4,2,4,1,4,4,4,3,2,5,7,5,4,7,5,4,1,4,1,2,3,2,2,5,1,3,5,1,3,3,3,6,2,2,7,4,2,3,5,2,2,3,4,4,5,4,0,3,5,5,3,4,4,4,4,6,6,2,3,4,4,4,4,6,4,6,6,3,5,3,4,3,5,3,4,5,4,0,4,4,3,6,4,7,4,3,3,4,3,7,5,4,4,5,5,3,4,2,3,6,4,4,9,6,1,6,3,4,5,3,5,6,5,3,5,5,5,4,5,5,4,7,6,5,5,5,6,5,4,5,5,6,7
3b12b11f,0,0,2,1,1,1,1,1,1,0,0,0,0,1,2,0,4,1,2,1,1,0,2,2,1,0,1,3,1,2,0,5,1,0,2,2,3,2,2,0,0,0,3,3,0,2,1,0,2,0,0,1,2,1,2,1,3,3,0,3,3,1,2,2,4,3,2,0,1,1,4,0,3,2,2,0,2,1,2,3,0,4,0,3,2,1,1,3,1,1,1,1,0,3,1,3,1,3,3,1,1,2,3,1,3,0,3,2,2,2,2,1,1,2,1,2,1,1,0,1,3,2,2,3,2,2,2,2,1,2,3,2,2,2,0,4,2,1,3,4,1,1,1,2,1,1,3,1,4,2,2,1,4,1,0,3,5,1,4,3,2,4,4,0,1,3,2,3,2,3,2,3,1,2,2,3,5,3,3,3,4,2,0,5,1,2,4,2,3,4,2,3,1,2,4,1,4,2,4,0,1,3,2,2,2,2,2,3,1,0,1,4,2,3,4,2,4,3,2,1,5,4,1,0,5,2,3,0,4,2,1,2,2,2,2,1,4,4,8,2,5,1,0,3,2,7,5,3,1,7,3,4,1,2,4,4,4,1,2,5,1,2,1,5,2,1,2,4,0,5,2,2,4,3,4,5,5,3,2,1,1,1,3,3,3,2,2,3,6,0,6,4,5,0,2,4,2,6,1,4,6,5,2,1,3,5,3,4,3,4,4,2,2,3,3,6,3,3,3,1,2,3,1,3,2,4,4,2,2,4,3,5,4,2,1,8,3,5,3,2,3,7,3,0,3,1,0,4,4,0,2,5,3,5,2,4,8,2,2,6,4,3,2,4,4,2,5,0,5,7,6,7,2,2,4,3,4,2,2,4,4,6,4,1,4,2,2,6,3,4,1,5,5,5,1,5,5,3,3,5,3,5,5,4,4,0,3,1,6,4,7,2,2,2,3,4,3,4,4,5,3,3,7,2,2,3,5,4,7,6,2,1,4,5,7,5,6,6,5,6,4,5,5,5,1,3,4,4,4,5,5,7,4,4,4,4,4,6,5,4
3c6089ab,3,3,2,4,3,3,2,3,3,2,1,1,3,2,1,1,3,2,0,2,4,3,1,1,2,2,2,4,2,1,2,2,1,2,2,5,2,4,2,1,2,1,0,3,3,2,1,2,2,2,2,1,2,3,1,3,3,1,0,2,4,1,1,3,0,2,5,3,1,2,3,5,0,1,3,2,2,2,1,1,2,2,2,4,3,2,4,1,0,2,3,1,2,2,2,2,2,2,1,2,3,3,0,4,2,2,1,1,2,2,0,1,4,2,1,3,2,0,1,3,2,1,2,2,2,1,2,3,3,0,2,3,1,1,3,1,2,2,3,4,2,3,3,3,2,5,2,2,2,2,4,1,1,4,3,2,3,0,1,1,2,1,1,2,3,5,3,0,3,3,3,2,2,2,5,3,5,3,1,0,3,1,1,5,0,1,3,2,2,2,2,0,2,4,4,2,3,1,3,1,2,3,2,2,2,1,2,3,4,3,4,4,1,4,4,2,2,5,1,1,2,4,1,2,1,3,1,2,5,2,2,0,3,1,3,3,4,4,3,3,5,2,3,4,1,4,1,1,3,5,3,5,1,2,7,2,4,4,1,2,3,4,2,3,5,0,3,4,3,3,0,2,3,5,2,4,5,3,3,5,4,2,3,1,3,1,2,2,2,4,2,6,1,1,1,5,3,1,3,4,5,4,4,4,2,5,2,3,4,3,3,3,5,4,3,3,4,5,3,3,1,2,5,5,5,4,5,1,3,3,2,1,2,4,5,3,4,4,3,3,3,5,3,3,5,2,3,4,4,2,5,3,3,4,2,3,4,3,1,4,4,6,3,4,4,7,4,5,3,1,4,5,4,2,2,4,3,3,5,4,2,5,2,2,4,2,2,4,5,3,3,3,4,6,5,3,3,4,4,3,2,4,4,3,4,3,0,4,5,7,4,3,3,5,6,4,4,5,3,6,2,3,3,2,3,3,3,3,3,5,3,4,5,5,5,5,3,3,2,6,5,4,5,5,5,2,3,5,3,2,3,5,4,5,3,4,4,5,5,4
3f7bafbe,1,1,5,3,4,2,1,6,0,5,8,8,1,5,0,8,3,5,2,5,0,1,5,4,5,6,3,0,4,0,0,0,6,6,6,3,5,0,4,5,5,0,0,5,2,6,4,6,2,6,6,4,1,0,4,3,3,0,0,4,0,7,5,2,2,4,2,1,7,3,2,1,2,0,6,1,1,7,0,2,6,0,6,0,4,2,0,3,5,0,4,5,0,2,5,5,5,4,3,1,6,6,3,1,3,0,2,6,6,1,3,4,3,0,6,7,5,6,1,1,2,0,1,1,0,0,2,1,2,2,1,0,0,4,1,0,0,0,0,0,0,7,4,6,5,1,1,7,2,1,0,5,4,0,2,3,2,0,3,2,1,0,0,8,3,0,1,3,0,6,4,0,4,0,1,2,4,0,3,1,1,1,5,2,2,5,1,3,2,2,0,2,1,1,1,7,2,4,3,0,0,3,0,0,5,6,0,1,1,9,1,3,6,0,1,6,3,2,2,3,3,0,7,8,0,2,4,6,2,2,6,4,3,1,0,6,3,1,1,0,1,1,1,4,0,1,3,0,7,1,6,1,1,3,4,1,1,1,5,3,9,3,4,0,3,4,5,2,7,3,3,1,3,2,4,1,2,3,0,3,9,8,3,3,5,1,6,1,1,0,2,5,1,6,0,2,8,3,2,5,2,3,9,9,3,2,0,2,5,3,3,1,9,2,5,1,2,2,1,7,0,2,7,8,3,1,2,3,6,4,1,3,4,9,9,2,2,2,1,6,2,3,5,7,3,0,6,1,2,6,3,0,7,3,0,1,2,8,2,1,6,3,1,3,7,4,2,7,1,2,2,3,8,3,2,1,2,7,7,3,5,1,3,2,4,3,4,1,2,5,4,4,4,3,3,2,4,2,2,3,5,2,1,5,3,1,4,0,3,3,2,7,7,9,3,3,4,2,5,2,4,1,3,6,8,6,2,5,2,3,3,1,2,1,2,3,2,2,3,3,5,2,4,3,2,3,6,2,2,3,2,2,4,3,2,2,5,4,3,3
41f08ac8,0,1,3,1,1,1,0,2,2,1,1,1,0,2,2,1,2,2,1,2,3,1,2,0,1,1,1,2,0,1,2,4,1,1,3,1,3,1,1,1,0,1,0,2,0,2,3,1,1,1,1,0,2,1,1,1,2,1,1,3,2,1,1,0,0,1,2,0,1,1,3,1,1,1,2,2,2,0,2,2,1,2,1,2,1,0,3,2,2,2,0,1,0,1,2,1,1,1,0,1,2,2,1,2,2,0,1,2,2,0,1,2,1,0,2,3,3,1,0,1,2,2,2,1,2,1,2,2,1,1,3,3,3,1,1,1,2,3,4,3,2,3,0,1,0,2,3,1,2,1,2,3,0,2,1,1,3,2,1,2,1,1,2,2,1,4,3,2,3,1,1,3,1,1,3,2,3,1,3,0,3,0,0,2,0,2,4,1,2,3,2,1,2,1,3,1,4,0,2,1,3,2,2,2,0,3,1,3,1,2,2,3,2,2,5,2,2,2,1,1,0,5,1,2,1,2,2,1,4,0,1,1,3,0,2,3,2,6,4,0,5,1,1,3,1,6,2,2,3,7,4,5,1,1,5,2,3,3,3,1,3,4,2,4,4,2,4,4,2,7,2,1,4,3,2,5,4,2,2,4,3,3,5,1,2,1,2,2,4,1,2,4,3,1,2,5,3,4,2,3,5,4,2,3,2,4,3,2,3,2,5,3,2,5,4,4,2,4,2,2,1,2,2,4,3,3,5,3,2,3,2,3,4,4,3,3,5,7,3,4,3,9,2,2,2,0,1,4,3,2,4,3,4,4,2,5,5,4,4,4,4,5,3,3,4,4,7,3,4,3,5,5,4,1,2,4,3,3,3,4,4,8,4,2,6,2,4,5,5,7,2,3,4,5,4,4,4,4,4,3,2,6,7,5,6,6,5,3,0,5,7,3,2,2,4,5,4,5,6,8,3,3,4,5,2,3,5,5,5,7,3,1,7,5,9,7,4,4,4,9,5,5,9,10,3,4,4,7,5,5,5,9,4,6,4,5,8,10,10,9
4b96c347,1,2,2,1,2,1,0,1,4,0,0,0,2,1,1,0,2,1,1,1,5,1,1,1,0,0,0,4,0,2,3,3,0,0,2,2,2,5,1,0,2,1,2,3,0,1,3,0,0,0,0,0,2,3,0,3,2,2,0,3,3,0,1,2,2,1,4,1,0,3,2,2,2,0,2,3,2,1,3,3,0,5,0,5,1,0,4,2,2,1,0,0,3,5,2,1,2,1,3,0,1,1,0,5,3,3,1,1,1,3,2,2,2,4,1,3,2,1,1,1,2,3,4,3,3,1,2,0,1,0,4,1,2,0,2,4,2,2,4,6,1,2,0,2,2,4,1,0,1,2,4,3,1,4,2,1,1,2,3,1,2,0,5,1,3,3,4,2,2,3,3,3,2,4,3,3,6,6,3,1,3,3,2,3,1,3,5,1,4,3,5,2,5,4,6,1,4,3,3,3,5,4,0,2,0,1,2,3,3,2,4,6,1,3,5,2,3,4,2,0,3,2,0,1,2,4,3,2,3,3,0,1,5,1,2,2,3,3,5,5,6,3,4,3,0,5,2,4,1,6,3,6,1,2,7,3,5,3,4,2,2,5,1,3,4,2,4,4,1,4,3,1,5,4,5,5,4,3,1,5,3,2,4,2,3,2,2,2,4,4,2,5,3,2,2,6,3,4,3,4,5,6,3,3,3,7,3,3,5,3,4,5,3,6,2,3,3,6,6,2,0,3,3,4,4,5,4,3,3,5,3,1,2,4,3,5,3,5,5,2,3,5,4,3,6,3,3,5,6,1,8,2,5,4,3,5,3,4,3,3,4,4,2,7,5,7,3,3,5,4,6,6,4,1,3,4,4,3,4,3,2,5,2,3,3,3,4,6,4,4,4,6,6,7,6,4,5,3,6,5,2,5,7,3,4,4,7,3,5,0,4,4,3,3,7,4,4,5,4,5,3,2,3,4,4,5,4,4,4,4,4,3,5,4,4,4,4,5,4,6,5,5,5,4,4,2,3,5,4,3,4,5,4,5,3,5,4,5,5,5
53210e42,1,2,2,1,1,1,0,1,3,0,0,0,1,1,2,0,3,2,2,1,2,0,1,2,0,0,1,3,1,2,1,5,0,0,2,1,2,2,2,1,0,2,1,2,0,1,1,0,1,0,0,1,2,2,1,1,2,2,2,2,3,0,2,0,1,2,2,1,0,1,4,0,0,2,1,1,3,1,2,3,0,3,0,2,1,1,2,2,1,3,1,2,1,1,1,2,1,2,0,2,1,1,2,2,3,1,2,1,1,0,0,1,1,1,1,2,2,0,1,2,2,2,2,2,2,1,3,3,1,3,4,5,3,1,2,1,2,2,4,3,3,2,1,2,1,3,2,0,3,2,2,2,1,1,2,2,4,3,2,3,3,4,3,1,0,4,3,1,4,2,2,4,1,2,4,2,4,2,4,2,3,0,0,3,0,1,4,3,3,4,1,0,3,3,2,2,5,0,3,2,2,2,4,1,1,2,1,3,0,1,2,3,1,3,4,3,3,3,2,2,2,2,0,1,3,3,3,1,5,0,0,2,4,0,3,2,4,4,5,1,5,2,2,3,1,7,4,2,2,7,3,5,2,0,4,5,4,3,2,3,2,4,1,6,5,1,3,5,1,4,1,3,5,4,3,6,3,3,2,2,2,2,5,2,2,0,1,4,5,0,5,5,5,1,2,5,3,3,4,5,7,5,3,2,3,5,4,3,4,2,5,4,3,5,4,6,3,4,3,1,2,3,2,4,4,4,5,3,3,4,3,5,4,3,2,5,6,8,4,3,4,7,2,1,2,1,1,4,3,1,5,5,3,4,3,3,5,4,4,6,4,6,4,3,5,3,3,1,5,4,5,6,3,3,3,5,4,2,3,6,3,5,5,3,2,2,3,5,4,4,3,4,5,7,4,5,5,6,5,5,5,5,5,5,7,7,4,2,7,4,0,3,3,3,4,5,4,5,4,5,3,4,6,4,3,2,7,5,7,7,4,2,5,5,5,5,6,6,4,6,5,6,5,6,3,6,3,4,6,6,6,7,6,6,6,6,4,6,8,7
58e933d2,0,0,2,1,3,1,1,3,1,2,5,5,0,2,2,5,1,3,2,2,1,1,2,5,2,3,1,1,2,1,2,2,3,3,3,2,2,2,2,3,6,2,2,4,2,3,3,3,0,3,3,3,1,0,2,4,2,2,1,3,1,4,3,1,4,2,1,0,4,4,1,2,3,1,2,2,3,4,0,3,3,3,3,2,2,2,0,3,4,0,2,3,1,2,4,2,4,2,4,1,3,3,2,2,3,1,2,3,3,2,4,3,4,1,3,3,4,5,3,1,3,3,3,4,0,2,4,2,2,3,2,1,0,2,0,3,0,1,2,2,0,4,2,3,4,1,3,4,2,3,1,4,2,2,1,1,2,2,3,1,0,0,2,5,2,1,1,4,0,5,3,0,4,1,2,3,5,2,3,2,3,2,4,1,4,5,4,4,4,2,1,3,1,0,3,5,1,5,1,1,1,3,1,1,3,5,1,2,0,5,1,5,3,1,1,4,3,4,4,3,3,0,4,5,0,4,4,6,2,3,3,4,4,1,3,3,2,0,2,2,4,2,1,4,1,2,4,1,5,4,5,2,3,2,4,2,2,2,4,4,6,3,1,1,4,5,4,1,4,3,4,1,4,4,5,2,3,4,0,4,5,5,3,4,3,2,5,2,1,1,2,4,2,6,0,5,6,5,3,5,2,2,6,5,3,2,0,3,5,4,4,3,6,3,4,3,3,4,3,3,1,2,4,5,2,2,3,3,6,5,1,5,4,5,5,2,3,3,4,4,3,4,5,5,5,1,5,3,2,3,4,1,5,4,2,3,4,5,5,1,5,3,4,4,5,6,1,3,1,4,4,3,4,2,3,2,3,6,5,4,2,2,4,3,3,5,4,3,5,4,5,5,4,4,2,4,6,2,3,3,5,3,4,5,4,2,3,7,3,4,3,0,4,6,4,3,3,4,5,4,7,4,4,5,7,6,4,6,3,4,3,1,3,3,2,4,2,4,5,5,4,4,4,3,4,4,6,3,5,4,3,3,6,5,4,3,5,4,3,3
6763373d,1,1,5,3,6,2,1,4,0,4,5,5,1,6,0,5,5,4,2,5,0,1,5,5,5,4,5,0,4,0,0,2,5,5,6,3,5,0,7,5,3,0,1,6,2,5,4,5,3,5,4,5,1,0,4,2,2,2,0,4,0,6,9,2,3,5,3,2,5,5,3,1,0,1,7,1,0,8,1,4,6,1,6,0,4,3,0,2,5,0,7,6,1,4,4,6,6,6,2,1,5,4,1,1,2,0,2,7,5,1,2,5,2,0,7,8,6,5,1,1,2,1,2,0,1,1,3,1,3,3,2,0,2,4,1,1,0,0,1,2,0,6,7,8,6,1,1,4,3,1,1,6,5,1,3,6,2,1,4,3,1,2,1,7,2,0,2,4,1,6,5,0,5,0,2,2,4,0,6,2,3,1,5,3,1,6,1,4,2,3,1,0,2,1,2,8,2,3,5,0,1,1,0,1,6,4,0,2,1,8,2,3,7,0,1,7,5,1,0,2,3,0,4,7,0,5,7,4,1,2,5,5,3,2,0,7,2,1,1,0,1,1,1,2,1,2,3,1,6,1,6,2,1,2,4,1,1,1,7,2,7,2,4,1,2,5,5,1,6,2,3,1,6,1,6,1,2,1,0,2,8,7,5,3,4,0,4,1,1,0,4,3,3,4,0,1,6,2,3,4,2,5,7,7,2,2,0,1,5,1,3,2,7,1,3,1,1,1,1,6,0,2,6,6,2,1,1,5,6,5,0,2,3,9,7,3,2,2,0,8,2,4,3,8,2,0,6,0,2,7,3,1,6,1,0,1,1,8,3,2,6,2,1,3,4,2,2,6,1,3,2,4,8,4,2,2,1,5,6,2,4,1,1,2,1,2,4,1,1,4,2,6,4,3,2,2,3,2,3,4,4,1,1,5,3,2,3,7,2,3,3,4,0,7,4,3,4,1,5,2,2,0,2,6,6,4,2,4,2,3,3,1,2,0,1,2,2,2,4,3,4,2,3,1,1,2,3,1,2,3,3,3,3,1,1,2,2,3,2,2
7410d325,1,1,4,4,5,2,1,6,0,5,6,6,1,5,0,6,5,5,3,5,0,1,3,4,3,6,3,0,6,0,0,1,4,6,4,4,3,0,6,5,6,0,1,4,3,6,2,6,2,6,6,6,1,0,4,4,3,2,0,4,0,5,5,2,3,6,3,1,5,4,2,2,1,0,6,1,1,7,0,3,6,0,4,0,3,3,0,3,3,0,6,6,0,2,3,6,4,6,3,1,6,6,2,1,3,0,1,4,4,1,2,4,4,0,4,5,3,4,1,1,2,0,1,1,0,0,3,1,3,3,1,0,0,4,1,0,0,0,0,1,0,7,6,8,7,1,1,7,2,1,1,4,5,0,2,5,3,0,4,2,1,1,0,6,2,0,1,1,0,8,4,0,3,0,1,1,5,0,4,2,0,1,5,3,2,3,1,5,2,2,0,1,1,1,1,7,2,4,4,0,0,3,0,1,7,5,1,1,2,7,1,2,4,0,2,7,5,2,2,3,4,1,6,6,0,3,4,7,1,2,6,5,3,1,0,6,5,1,1,0,2,1,1,4,0,2,4,0,7,1,4,1,1,2,4,1,2,1,4,5,7,3,4,0,3,2,5,2,7,1,2,2,4,2,5,1,3,3,1,4,7,6,3,4,5,1,6,0,1,1,4,5,2,6,0,2,6,2,3,6,2,4,10,8,3,2,0,3,5,3,2,1,11,2,5,2,2,2,1,7,0,2,7,8,3,2,3,3,8,5,1,4,4,7,9,3,2,2,1,6,2,3,5,5,3,0,7,2,3,5,3,1,5,3,0,1,1,6,2,3,6,3,1,2,6,5,2,7,1,2,1,4,6,2,3,1,2,5,7,5,4,1,3,2,4,3,3,1,3,4,4,5,4,3,3,2,5,3,2,4,5,2,1,5,3,2,5,9,2,3,3,6,7,0,4,2,4,2,4,3,4,1,4,5,9,5,2,5,2,3,3,1,3,2,2,5,2,2,3,2,5,3,4,2,3,3,5,3,2,3,3,3,5,3,2,3,3,2,2,2
7a42d0df,1,0,1,2,4,2,1,1,1,2,0,0,0,3,1,0,2,0,2,2,2,2,1,2,1,1,1,1,2,2,2,2,1,2,1,2,1,3,3,1,3,2,2,2,2,2,3,2,2,2,1,2,2,0,1,4,2,4,1,3,1,1,2,2,2,2,7,1,0,5,2,4,2,2,4,4,1,2,3,3,2,4,1,4,0,1,1,1,2,3,2,1,1,6,1,2,3,2,2,1,1,1,1,5,3,1,1,2,0,3,2,4,3,1,2,2,3,2,1,1,2,4,5,2,2,3,1,0,2,1,4,0,4,1,0,4,2,2,5,6,3,3,2,3,4,1,2,1,3,1,4,4,1,4,1,2,0,3,1,5,2,3,2,2,1,3,4,3,3,5,3,2,3,3,2,2,4,2,4,3,2,3,2,1,2,4,4,3,3,3,3,2,3,1,5,2,6,2,4,1,3,6,0,4,2,2,5,2,2,3,4,6,2,1,4,2,3,4,3,0,3,2,0,2,2,8,4,3,3,2,2,2,6,3,2,4,6,3,4,2,8,3,2,3,2,5,4,4,3,6,4,6,1,1,6,5,6,5,4,4,3,7,3,3,4,3,6,5,2,4,2,3,4,4,5,6,5,3,3,6,2,2,6,1,1,2,4,2,3,3,5,3,4,2,2,7,5,3,4,3,5,8,3,4,4,6,2,5,8,3,6,5,4,5,3,5,3,7,4,3,0,4,3,6,6,6,6,4,5,5,3,1,4,5,5,5,6,6,3,4,4,4,3,4,6,1,4,5,7,2,6,2,5,3,3,4,3,5,4,5,6,3,2,7,4,8,5,4,4,5,5,4,5,3,6,3,5,4,5,6,2,4,4,3,3,3,4,5,5,3,5,6,4,5,4,6,5,5,7,5,4,4,5,6,4,3,6,3,4,7,4,4,4,4,0,5,5,6,3,6,3,2,3,5,4,5,6,6,4,3,5,2,6,5,4,5,4,6,4,5,7,6,5,3,6,4,2,4,5,4,6,4,7,6,5,6,4,4,4,5
8725a42e,1,1,1,0,1,1,1,0,0,0,1,1,1,1,3,1,1,0,1,2,2,2,3,2,1,1,0,1,1,2,2,2,1,0,3,0,2,0,1,0,0,1,1,2,2,1,5,0,0,0,1,1,0,1,0,0,0,2,3,1,1,1,2,1,0,1,4,1,2,1,4,3,1,0,1,3,1,1,6,2,0,1,1,2,1,1,2,0,3,4,0,0,1,1,1,0,3,2,1,1,0,0,3,3,1,1,4,2,1,1,0,2,0,1,2,2,3,1,1,0,3,3,2,2,4,0,0,2,1,1,1,2,6,0,1,3,5,4,6,4,3,2,1,1,0,0,1,0,5,0,3,2,1,2,1,2,1,2,0,2,3,1,2,2,5,4,4,2,2,1,1,4,2,3,2,3,2,0,2,3,5,2,1,1,2,2,2,2,4,4,5,1,2,0,4,2,6,1,4,1,3,4,2,5,0,2,4,2,3,2,4,3,3,1,4,2,1,3,3,1,1,4,0,2,2,4,3,1,7,1,0,1,4,0,2,2,4,4,6,1,4,0,1,5,2,6,3,6,1,5,5,4,2,2,6,5,6,5,3,4,4,6,2,4,4,2,3,3,3,5,3,3,2,3,2,5,4,3,6,5,2,3,6,3,1,3,2,5,6,3,4,3,3,1,6,4,5,3,2,2,5,6,2,2,7,4,2,3,5,3,9,1,2,5,3,6,3,5,4,1,3,4,3,4,6,5,6,2,2,4,5,2,4,4,2,5,4,6,1,2,4,6,4,2,3,2,2,4,6,2,4,4,5,2,3,5,4,4,3,7,5,4,3,6,3,3,4,3,5,3,6,5,4,4,5,3,3,4,2,5,4,5,5,0,3,4,3,5,6,4,3,3,3,4,5,6,5,5,6,4,5,5,3,5,3,4,4,3,5,4,5,3,3,2,5,0,4,5,6,6,3,3,6,4,2,2,5,5,7,4,5,2,6,5,4,3,7,5,4,6,6,4,4,4,4,5,3,4,4,6,7,5,4,5,4,7,4,6,5,4
8dfdc6c3,3,4,2,2,2,5,6,1,2,1,1,1,3,2,4,1,3,2,4,3,1,5,4,0,2,2,3,1,3,4,4,4,1,1,2,2,3,1,2,2,0,5,4,2,4,2,2,1,5,1,2,0,3,1,3,1,6,5,5,1,1,1,2,4,2,3,5,4,2,1,2,4,4,5,3,5,2,2,2,6,1,3,1,0,2,4,2,2,2,4,1,2,2,4,0,4,3,3,4,5,1,1,2,3,3,2,1,2,2,5,2,1,3,2,2,3,4,0,2,4,5,6,7,2,0,4,2,3,3,4,6,3,4,3,4,5,2,3,3,1,4,3,1,3,1,2,3,1,0,1,0,2,2,3,6,4,4,5,1,2,4,3,3,2,2,1,4,3,3,2,2,1,2,1,3,3,5,0,4,2,3,5,2,4,3,3,1,3,4,3,2,4,5,2,4,2,6,3,4,3,4,4,3,4,1,1,2,4,2,3,3,6,2,1,2,3,1,4,5,4,2,0,1,2,2,3,3,1,1,5,1,1,7,3,3,3,4,1,3,1,3,4,4,7,4,3,3,2,2,3,6,3,3,4,7,4,3,4,2,3,3,6,4,3,6,2,3,4,3,3,3,1,6,5,4,4,6,4,1,2,3,3,4,4,3,3,1,0,4,1,3,5,3,1,2,3,3,5,6,5,4,5,4,4,4,3,2,2,4,5,5,5,4,3,7,3,5,3,3,3,3,6,5,5,5,3,3,4,2,7,2,5,4,5,4,5,5,5,3,3,7,3,6,2,7,2,3,1,4,2,6,1,6,5,1,3,2,4,7,3,3,5,4,4,3,5,2,4,3,3,2,6,5,1,4,4,4,5,6,4,6,3,6,4,1,5,7,2,4,3,6,6,6,5,5,6,3,5,3,8,4,2,3,3,7,3,4,4,4,4,4,3,4,4,5,4,0,3,3,4,5,3,4,4,3,5,7,4,5,7,8,3,4,1,2,3,5,6,5,3,5,3,3,3,5,5,6,2,8,6,5,3,4,4,6,4,3,3,4,5
90f91999,1,0,2,2,1,2,1,1,1,0,0,0,0,0,1,0,1,1,1,0,2,3,0,1,0,0,0,1,1,1,1,1,0,0,1,2,1,3,0,0,1,1,2,2,1,0,1,0,1,0,0,1,2,2,0,3,2,1,3,1,1,0,0,2,0,0,4,1,0,1,3,3,1,1,0,3,2,0,4,0,0,3,0,5,1,2,3,1,0,3,0,0,0,2,1,0,2,0,0,1,1,1,1,3,2,0,4,0,1,1,0,0,3,0,0,1,1,0,0,2,0,2,2,1,6,1,1,1,3,1,2,1,4,0,0,2,3,5,3,4,3,1,0,0,0,2,1,0,3,1,3,2,0,3,0,0,1,1,1,2,2,2,1,1,1,5,3,0,4,1,2,4,1,4,3,2,3,3,1,4,3,2,1,1,2,0,5,1,3,4,2,1,0,1,2,1,4,0,3,1,1,4,0,3,0,3,4,2,2,1,4,4,0,1,3,2,1,3,2,0,1,3,1,1,4,4,1,1,4,0,0,0,3,2,1,1,4,2,3,1,7,3,0,3,2,4,2,3,2,6,2,4,0,1,4,4,4,6,1,2,2,6,1,3,2,0,2,6,1,6,0,4,2,2,1,6,2,1,4,5,2,1,4,2,2,3,1,3,4,1,2,3,3,2,4,10,4,2,2,4,5,6,3,3,6,6,4,5,5,1,7,3,2,6,4,3,1,9,2,0,2,3,3,3,6,4,9,1,2,2,5,2,3,2,2,2,6,7,4,2,3,5,3,1,4,0,1,6,3,3,3,3,2,2,6,6,6,2,3,3,4,4,2,4,4,6,2,2,5,3,7,4,2,2,3,3,6,3,3,6,1,4,6,2,3,3,1,8,5,4,3,2,3,4,4,8,5,5,6,3,4,8,5,5,5,4,5,2,5,5,5,4,1,2,6,5,3,0,3,5,3,2,5,2,3,2,6,4,4,4,4,0,7,6,4,6,3,6,4,6,3,9,5,6,6,6,3,6,5,5,8,6,6,9,7,5,6,5,5,6
9319781b,0,0,4,2,3,0,0,3,1,1,3,3,0,3,1,3,3,3,0,3,2,0,3,3,2,2,1,1,1,0,0,2,2,2,6,2,4,1,3,2,2,0,0,5,2,3,4,2,0,2,2,2,1,1,1,2,1,1,1,4,1,3,4,0,1,2,1,0,3,3,4,1,0,0,3,1,1,3,2,2,2,2,3,1,3,1,1,2,4,1,2,2,0,1,4,1,4,3,1,0,3,3,2,0,2,0,4,4,3,0,1,4,2,0,4,5,4,3,1,1,1,2,1,0,2,0,3,0,3,1,2,2,2,1,0,2,1,3,2,3,0,4,3,3,2,1,1,2,1,2,2,4,2,0,0,2,1,1,2,2,0,0,3,4,3,1,1,3,1,3,3,3,3,0,1,3,4,1,3,2,4,1,2,1,2,4,1,3,3,4,3,0,1,1,1,4,3,2,2,0,1,1,0,2,2,4,1,2,1,4,0,4,5,1,5,4,4,1,2,1,1,5,2,4,2,4,4,3,5,1,2,3,3,0,0,4,1,4,5,0,3,1,0,2,1,4,3,3,3,3,6,2,2,1,3,3,3,1,5,3,6,3,2,3,2,4,4,2,4,5,4,4,4,1,4,4,3,1,1,4,5,5,6,2,3,0,4,4,5,1,4,3,4,3,2,3,5,3,1,4,3,3,4,4,5,3,1,4,3,1,5,2,4,4,2,3,1,4,3,3,0,2,4,5,3,2,4,3,4,4,2,2,5,6,4,2,2,5,2,4,3,7,3,4,2,1,3,3,3,4,3,0,5,2,0,3,4,6,3,3,5,3,1,3,5,3,4,2,4,3,4,4,5,3,4,2,3,4,3,2,4,6,2,1,6,4,3,3,3,9,2,4,5,4,3,3,3,2,4,3,4,5,4,5,4,4,3,5,6,4,4,5,5,4,3,6,3,3,0,5,3,1,2,6,4,3,3,5,4,4,3,0,6,3,5,5,4,3,4,7,4,3,7,5,2,4,3,6,3,4,3,6,4,3,2,4,6,7,5,5
a55d8df5,1,1,1,1,3,2,1,1,0,1,0,0,1,2,2,0,2,0,1,3,1,2,2,0,0,2,0,1,2,1,2,2,0,1,1,2,1,1,2,0,2,1,1,2,2,2,3,1,0,1,2,1,0,0,0,2,0,3,1,2,1,0,1,2,0,2,5,1,1,3,2,4,1,0,2,2,1,0,3,2,1,2,0,2,0,1,1,0,2,2,1,0,1,2,0,0,2,3,1,1,1,1,1,3,0,1,0,1,0,1,0,2,2,1,1,1,2,0,1,0,2,3,3,3,1,0,0,3,1,1,1,1,3,0,1,3,2,1,5,4,2,3,1,2,1,1,3,1,2,0,2,2,0,3,1,3,1,2,0,2,1,0,1,1,2,3,4,1,1,2,0,1,1,3,2,1,2,1,2,1,3,1,1,1,1,1,3,2,4,2,3,1,2,0,5,1,4,1,3,1,3,3,2,4,1,2,3,1,3,1,3,3,1,1,5,2,2,4,2,1,0,5,0,1,0,4,2,2,3,1,1,0,4,0,3,3,4,5,3,2,6,0,1,4,0,4,1,3,3,6,3,4,1,1,7,4,6,4,2,3,2,4,3,3,4,1,4,2,3,5,2,1,2,4,2,4,7,3,4,6,1,2,5,2,1,2,2,1,2,3,3,3,1,1,2,5,2,4,2,2,4,4,2,2,3,4,1,2,3,3,6,2,3,3,4,6,3,4,4,2,2,3,3,4,4,6,5,2,3,4,3,3,3,3,3,4,4,5,2,4,4,8,3,1,4,1,3,4,5,1,5,4,4,2,4,7,5,3,4,6,4,3,4,5,2,5,7,4,3,3,5,4,3,1,4,3,2,2,3,6,3,7,4,0,5,3,3,5,7,5,3,3,3,5,4,6,5,4,5,4,3,5,6,5,4,5,6,2,8,5,5,4,2,3,6,6,4,5,5,0,4,4,5,3,2,2,6,6,6,5,4,2,7,5,8,7,5,6,4,9,6,4,8,7,6,4,4,7,6,5,6,8,6,5,5,7,6,8,7,6
a62f8bf1,3,1,1,1,1,2,4,2,1,1,2,2,2,1,4,2,2,3,4,2,1,2,3,2,2,3,3,1,2,3,3,3,1,2,1,2,2,1,1,3,3,3,4,1,2,1,3,2,1,2,3,2,3,1,4,2,4,4,2,2,2,2,1,2,5,2,1,2,3,2,0,2,5,2,1,3,3,2,1,5,2,2,1,1,3,2,0,5,3,1,1,2,3,2,2,3,0,2,7,3,2,2,5,2,5,3,2,1,3,5,5,2,2,2,1,1,2,3,6,2,5,4,4,4,0,4,3,5,1,3,2,1,1,4,1,4,1,1,2,1,1,2,1,1,3,0,3,2,1,5,1,3,3,2,2,3,3,4,4,0,1,1,2,3,2,0,1,4,0,4,1,0,5,1,1,3,6,1,4,2,2,4,5,2,4,3,3,5,4,5,2,5,2,1,3,3,2,6,2,2,2,6,3,2,2,3,2,3,1,3,1,4,1,2,1,2,2,4,6,5,3,0,2,3,2,2,4,5,1,5,2,3,7,2,3,2,3,0,3,2,3,3,2,7,3,2,5,2,4,3,5,1,4,4,4,3,2,2,3,6,4,4,1,1,6,3,3,2,4,2,4,0,5,4,4,1,4,7,1,3,3,2,2,6,5,4,4,1,2,2,3,5,1,5,1,4,4,7,4,6,1,2,4,4,3,1,0,2,4,8,4,2,4,3,7,4,5,3,4,1,3,5,5,3,3,2,3,5,5,8,2,7,6,3,4,4,3,3,3,3,3,3,8,3,6,3,6,3,3,2,4,2,6,6,2,3,3,3,5,2,4,4,6,3,4,5,1,4,1,6,2,4,2,0,3,1,6,6,5,5,4,1,7,4,3,8,6,2,6,3,8,6,6,3,3,5,7,3,2,5,4,3,3,4,5,3,2,4,3,3,3,7,2,4,3,3,5,3,3,4,0,7,6,4,5,7,5,6,5,6,5,3,3,3,2,4,4,5,7,3,4,4,4,3,4,4,8,3,6,7,4,3,3,4,5,4,4,3,3,3
a96103b2,5,3,0,2,0,2,4,0,3,0,1,0,4,0,4,0,0,1,2,1,2,3,1,2,2,1,2,4,1,3,4,3,0,0,1,1,0,3,0,2,1,5,3,0,4,0,3,0,1,0,1,0,4,4,1,1,2,4,4,1,5,0,1,3,2,0,2,4,1,1,1,3,3,2,0,3,4,0,1,4,0,3,1,2,2,4,1,2,3,3,1,1,6,2,2,0,0,1,4,5,0,0,2,3,2,5,0,0,1,6,2,1,1,4,0,1,1,1,7,4,4,4,4,5,1,4,4,9,1,2,3,4,1,1,3,3,2,2,4,1,3,0,2,0,1,3,2,0,1,6,2,1,0,3,5,2,2,5,1,0,3,1,3,0,1,2,2,2,1,2,2,0,3,2,4,4,4,2,1,2,3,4,3,3,3,2,2,1,4,2,2,3,4,3,4,0,2,4,1,4,3,5,6,2,0,0,2,4,1,0,3,3,0,5,1,0,1,7,6,4,2,1,0,0,1,1,1,2,4,5,0,1,7,2,6,0,2,1,3,4,4,5,4,5,3,3,2,2,1,4,2,3,5,4,4,4,2,2,1,3,1,3,2,2,8,3,2,2,1,2,4,1,2,7,4,1,4,8,3,1,0,0,1,2,1,3,2,4,1,3,1,5,1,2,1,3,1,5,5,2,3,1,1,1,2,1,0,2,2,7,3,4,1,2,4,6,8,2,5,1,5,6,4,1,3,2,2,2,2,5,2,4,2,1,1,4,3,2,4,1,4,3,4,2,5,5,3,4,3,0,4,5,3,5,3,3,3,1,4,3,1,6,8,3,1,3,2,1,1,4,2,3,1,2,3,4,4,2,1,3,2,2,4,4,1,5,3,2,6,1,7,3,3,4,2,3,4,3,1,3,2,2,3,2,5,3,3,1,3,2,4,4,0,1,2,3,3,2,1,4,7,0,4,2,2,3,3,4,4,5,5,6,2,5,3,2,3,3,4,3,4,3,2,3,3,3,4,2,4,4,3,3,2,2,3,3,2,3,3,2
aa849a12,1,1,0,0,0,2,2,1,0,1,1,1,1,0,3,1,2,1,4,1,0,1,2,2,1,2,1,2,3,3,1,3,1,1,0,1,1,1,1,1,1,1,4,0,1,0,1,1,1,1,2,3,1,1,2,1,2,3,2,0,1,1,1,3,4,2,2,1,2,0,2,1,4,1,0,1,2,2,3,3,1,1,0,1,1,2,1,2,1,2,1,2,1,2,0,3,0,2,4,1,1,1,4,2,3,1,3,0,2,3,3,0,1,2,0,0,1,1,1,0,4,2,2,4,2,1,1,3,0,3,0,1,3,2,1,3,3,1,3,1,2,1,1,1,2,0,3,1,5,0,1,1,4,1,1,3,4,1,4,1,3,3,1,2,2,3,2,1,1,3,1,1,2,3,2,2,5,1,3,3,3,3,2,4,2,0,3,4,4,4,1,4,1,0,3,3,3,3,3,1,1,4,2,2,2,3,2,2,1,2,3,2,0,1,1,2,1,3,3,2,4,1,1,2,3,2,3,2,3,3,1,2,3,1,2,1,5,1,5,2,3,0,1,7,2,4,5,2,3,4,3,2,1,4,5,3,3,4,2,6,3,4,1,3,4,0,2,2,3,3,2,1,3,3,3,2,4,4,4,4,2,1,3,7,4,4,2,2,4,1,4,5,2,2,3,4,5,5,3,5,4,6,4,3,6,2,1,2,5,5,6,0,4,3,6,5,3,3,2,0,3,3,3,3,4,3,5,2,4,5,3,6,5,2,3,7,4,4,1,2,2,5,7,1,5,1,3,3,3,1,3,6,4,4,3,4,5,2,3,5,5,4,4,3,5,3,2,3,2,5,4,7,2,2,3,2,4,5,4,7,3,2,8,1,2,4,3,4,5,2,4,5,4,4,3,7,8,5,3,6,6,4,2,5,3,7,3,3,4,3,6,4,2,4,3,6,4,5,2,5,6,4,0,2,4,5,6,5,8,5,4,2,4,4,3,5,7,7,6,4,5,5,3,4,3,5,7,3,5,7,7,5,4,6,6,5,4,4,4,3
ae86d473,0,1,5,2,5,2,0,4,2,4,4,4,0,6,2,4,3,4,3,5,2,0,4,3,4,4,4,1,2,2,2,3,4,5,6,2,4,1,5,5,4,2,1,4,1,5,6,5,3,5,4,4,3,0,4,3,1,2,2,6,1,5,5,1,3,3,1,0,4,6,2,1,2,2,6,2,1,4,1,4,5,2,5,1,2,1,1,4,6,2,4,5,1,4,5,4,4,4,2,1,4,4,3,2,3,1,1,6,3,1,4,8,1,1,6,5,5,6,2,0,2,4,3,1,0,3,4,0,1,2,3,2,2,4,1,3,1,2,4,3,1,6,5,4,5,1,2,4,1,2,1,8,4,2,1,3,1,3,3,4,1,2,3,6,1,1,2,5,1,6,3,2,5,0,1,1,4,1,7,3,2,1,4,0,2,6,2,4,3,3,3,2,3,0,2,5,3,3,2,2,3,2,1,1,4,4,1,2,0,6,1,3,7,1,2,5,5,2,3,2,2,1,4,6,1,6,6,5,2,2,5,7,4,3,2,7,1,3,4,1,3,1,2,2,3,5,6,3,6,4,7,3,3,2,3,3,3,2,9,4,8,4,4,3,4,6,8,2,6,3,6,2,5,3,6,4,2,2,0,4,5,6,5,2,3,0,8,2,4,1,5,2,5,5,2,3,6,5,3,3,3,4,5,7,4,2,1,3,4,2,3,3,5,4,4,3,2,4,4,5,0,2,5,6,2,2,2,7,7,5,1,3,6,8,7,3,4,4,3,7,4,3,3,7,3,2,5,2,3,7,5,0,7,3,0,2,1,8,5,3,4,3,2,3,5,3,4,4,3,5,2,3,7,2,4,2,3,5,6,2,7,4,3,2,4,4,6,2,3,7,3,6,4,3,3,3,4,3,5,3,3,2,4,7,4,2,2,6,5,4,4,5,6,5,5,4,4,2,6,3,4,2,2,0,6,6,4,7,3,4,3,1,3,2,3,2,3,3,5,3,6,3,5,4,2,4,4,2,4,5,3,3,4,3,3,3,3,4,5,5
b684a484,0,0,4,2,3,1,0,4,1,3,5,5,0,3,1,5,3,4,4,3,1,1,2,5,2,4,2,1,4,1,1,2,3,4,3,2,2,1,4,4,6,1,2,3,1,4,3,4,1,4,4,5,2,0,3,4,2,2,0,4,1,4,4,1,4,4,1,0,4,4,2,0,2,0,4,2,3,6,1,4,4,1,3,2,2,3,0,4,4,0,4,5,1,3,4,5,3,4,4,0,4,4,2,2,4,1,1,3,3,2,3,4,2,1,3,4,2,5,2,0,3,1,2,2,1,1,4,0,1,3,2,0,0,3,0,1,0,0,1,1,0,5,4,6,7,0,1,5,2,2,1,6,4,1,1,3,2,1,5,1,1,1,1,5,1,0,0,2,0,8,5,0,4,0,1,2,6,1,5,4,0,2,7,2,4,4,2,4,2,2,2,2,2,1,2,6,2,5,4,1,1,4,0,0,5,6,1,2,0,6,1,3,3,1,1,7,5,4,3,2,5,0,6,5,0,3,5,7,1,3,4,6,4,3,1,4,4,0,2,1,2,2,2,4,0,3,5,2,5,2,3,2,2,2,3,1,1,1,5,5,6,4,2,0,4,3,5,2,5,1,3,1,5,3,6,1,2,4,0,3,6,5,3,4,4,1,6,1,1,1,3,4,3,8,0,4,6,3,4,7,2,4,10,8,3,3,0,3,6,4,2,2,9,3,4,2,3,4,2,5,0,2,7,6,4,1,2,4,8,6,2,4,4,6,7,4,2,2,2,4,1,3,5,6,4,1,7,2,3,5,4,1,6,4,1,2,1,6,3,2,6,3,2,3,6,5,1,5,2,3,1,4,5,2,3,1,3,5,6,4,3,1,3,3,3,4,4,2,3,5,5,6,4,3,3,3,6,3,3,4,5,3,2,4,2,2,3,8,2,4,3,7,6,9,4,2,3,3,4,2,5,2,4,6,0,6,2,5,2,2,3,2,2,2,1,4,2,2,3,2,5,5,3,2,2,3,4,2,2,3,4,4,4,3,2,2,3,2,2,2
bbd79358,0,0,2,0,2,1,2,3,1,3,3,3,0,3,3,3,2,2,3,2,1,1,3,2,4,3,3,2,1,2,2,3,3,4,2,2,3,2,2,3,3,2,4,1,1,2,3,4,2,4,3,3,2,0,4,2,4,3,1,3,1,4,2,2,7,2,1,0,3,3,0,1,6,3,4,3,3,4,0,5,4,3,3,1,2,1,0,4,3,0,2,3,1,5,3,5,0,1,7,1,3,3,4,2,5,1,2,3,4,5,8,4,2,2,3,3,4,5,3,1,5,3,4,4,0,4,3,1,1,2,3,1,0,4,0,4,0,1,1,1,0,3,2,2,5,0,4,3,2,3,1,5,5,1,2,2,3,2,5,2,1,2,3,5,1,0,0,6,0,6,2,0,5,1,2,4,8,2,5,1,2,5,4,4,3,6,2,6,4,3,1,6,2,1,4,4,2,6,2,1,1,4,1,1,3,4,1,4,0,6,1,5,3,1,1,2,2,4,4,3,5,0,3,5,2,3,5,4,1,6,4,4,5,3,2,4,3,1,4,2,2,3,2,6,3,2,6,1,5,2,7,2,3,6,5,1,1,1,6,5,6,4,1,1,5,5,5,2,4,2,5,0,6,4,7,1,4,5,0,4,5,3,3,6,5,3,6,1,2,1,4,6,1,4,0,3,7,7,4,7,2,5,5,7,3,2,0,2,6,6,2,3,5,3,4,2,4,3,2,3,1,3,4,5,3,1,2,5,6,7,1,5,6,6,7,5,3,2,3,4,2,2,8,6,7,1,5,2,3,4,4,1,7,6,0,1,2,6,3,1,6,4,3,3,7,6,3,5,1,6,1,6,5,2,2,2,4,9,7,3,4,1,4,4,4,6,7,1,4,4,6,9,7,5,3,3,6,2,3,6,3,2,2,5,3,3,3,6,3,5,2,6,4,5,5,2,5,2,3,2,7,3,5,6,6,0,3,5,4,4,4,2,2,2,2,3,4,4,7,2,5,3,4,3,3,2,8,2,4,4,2,2,2,3,3,2,4,3,3,3
c997b942,2,2,1,1,2,5,3,0,1,0,0,0,1,1,3,0,2,1,4,2,1,2,3,1,1,1,2,0,2,4,2,3,0,0,1,2,2,2,1,1,1,3,3,2,2,1,2,0,3,0,1,0,3,0,2,2,3,4,3,1,0,0,1,4,1,2,5,2,1,2,2,3,3,4,1,3,0,0,3,4,0,3,0,2,1,2,1,2,2,5,0,1,1,4,0,2,3,2,2,3,0,0,4,4,3,1,2,1,1,3,1,1,2,1,1,1,2,0,1,1,3,6,6,2,1,3,1,2,1,4,3,2,5,2,2,5,3,2,5,3,5,2,0,1,0,2,3,0,1,0,1,2,1,4,2,3,2,4,1,4,3,5,1,1,1,3,5,2,4,1,1,3,2,4,2,1,3,1,4,3,3,3,1,1,2,1,4,3,4,4,2,3,3,1,3,1,7,1,3,2,3,4,3,3,0,2,3,2,1,1,4,5,1,0,3,2,1,3,3,2,2,0,0,1,4,5,3,1,3,2,0,1,5,2,3,2,5,2,4,2,6,1,2,4,3,4,4,3,2,6,4,4,2,2,5,7,6,6,2,4,2,6,3,6,4,1,3,5,2,4,2,3,4,4,2,7,5,2,2,3,1,2,5,3,2,2,1,1,5,1,5,2,4,1,3,6,3,5,4,4,5,5,2,2,5,5,3,3,4,3,7,4,2,4,7,5,2,5,4,1,1,4,3,4,6,6,5,4,2,5,4,6,5,3,2,5,7,8,3,3,6,4,4,1,6,1,2,3,4,1,6,4,5,3,5,5,5,4,6,5,3,3,3,5,4,4,2,2,4,5,5,4,3,2,5,3,5,3,5,7,5,4,8,2,1,4,5,5,4,3,4,4,5,5,5,9,5,7,6,7,6,4,5,5,6,5,3,2,5,4,7,4,2,2,6,5,7,6,3,6,5,3,6,4,2,3,0,6,8,6,5,1,5,3,3,4,7,10,5,5,5,5,4,4,6,8,5,3,10,8,7,4,8,7,10,7,4,4,6,7
cb971b4f,1,1,4,2,4,1,1,4,1,3,3,3,1,5,2,3,3,2,2,6,1,1,4,4,2,5,1,1,3,3,2,2,2,4,4,2,3,1,4,2,4,2,2,3,3,5,5,4,0,4,5,3,1,0,1,3,0,4,1,6,1,3,3,1,2,3,4,1,4,5,3,2,3,0,5,2,1,2,3,4,4,2,3,2,1,2,0,2,6,2,3,2,2,2,4,1,2,5,3,1,4,4,4,3,3,2,2,4,2,2,3,6,2,2,4,4,4,4,3,0,2,3,3,2,1,1,3,2,2,2,2,0,3,1,1,3,2,0,4,4,2,6,3,4,4,0,0,4,1,2,3,6,1,2,1,4,0,3,2,5,2,1,2,4,1,1,3,4,1,5,2,1,3,2,0,1,4,1,4,4,1,2,4,0,3,5,3,3,4,4,3,3,3,0,3,3,4,4,4,2,3,4,1,3,3,5,4,1,2,4,2,3,4,1,3,4,5,3,3,2,3,1,3,4,1,6,4,5,2,3,4,3,5,1,2,6,4,3,4,2,6,1,2,3,0,4,4,4,6,5,5,3,3,3,4,4,5,3,6,6,5,5,5,2,4,5,7,2,6,4,6,3,4,3,5,3,4,3,3,3,4,5,3,3,2,1,6,2,3,3,5,2,4,4,2,5,6,7,3,3,3,4,4,5,5,3,1,5,4,3,6,2,5,4,4,7,3,4,4,5,1,3,5,8,4,5,5,4,6,6,3,4,4,6,6,5,4,5,2,7,3,4,4,5,4,2,6,5,6,4,5,3,7,2,3,4,3,6,6,5,4,2,4,5,6,4,4,5,3,6,4,3,5,2,7,1,4,4,3,6,5,2,5,1,4,5,6,4,6,6,4,5,4,3,3,6,7,4,4,4,5,4,4,9,4,4,3,5,5,4,5,6,4,5,6,5,4,4,5,6,6,4,5,7,5,5,6,0,6,4,4,2,5,5,5,4,5,6,5,4,9,5,7,4,4,6,6,4,5,7,6,4,7,4,5,7,4,5,5,5
db8f0eba,1,1,1,0,1,2,2,0,0,0,0,0,1,1,4,0,2,0,2,2,1,1,3,1,1,1,1,2,1,3,1,3,0,0,1,1,2,1,1,0,0,1,3,1,2,1,2,0,1,0,1,0,1,0,1,0,1,3,1,1,1,0,1,3,2,2,3,1,1,1,4,1,3,2,1,2,1,0,4,3,0,2,0,1,1,1,0,1,2,3,0,0,1,3,0,1,1,2,3,1,0,0,4,2,2,1,3,1,1,3,2,1,0,2,1,1,2,0,1,0,4,3,3,3,2,1,0,3,1,2,1,2,4,1,1,4,3,1,4,2,3,2,0,1,0,0,2,0,2,0,2,2,2,1,1,3,2,2,2,3,2,3,2,1,2,2,3,2,2,1,0,3,2,4,1,3,4,1,3,2,3,4,1,3,2,1,2,3,4,4,3,3,2,1,4,1,6,2,3,1,2,3,3,3,0,2,3,3,2,1,2,3,1,1,4,2,1,3,2,1,3,2,0,1,4,3,3,1,5,3,0,0,4,1,2,2,4,3,7,2,4,0,1,5,1,4,3,4,2,5,4,3,2,3,6,5,5,3,3,4,2,5,2,5,4,1,3,3,2,3,3,3,3,3,3,4,5,3,4,2,1,2,4,4,3,2,1,3,5,2,5,4,2,1,3,4,3,6,2,4,4,5,2,2,6,4,2,3,3,4,7,1,2,4,5,7,3,3,3,1,2,3,3,4,6,5,5,3,2,5,5,5,4,3,2,7,5,7,1,3,3,5,5,1,5,1,2,4,5,1,4,6,5,3,4,4,5,4,4,6,3,3,4,4,5,2,3,2,4,6,4,6,3,4,5,2,4,3,3,6,4,3,6,0,1,5,4,4,6,3,3,5,6,6,5,7,6,5,5,7,5,5,3,5,4,7,3,2,5,4,7,3,2,2,4,7,5,4,4,6,5,4,8,3,2,4,8,6,0,6,4,2,5,5,4,3,10,9,6,5,6,4,4,4,4,7,6,4,7,7,6,5,6,4,7,8,3,5,6,5
dd676a97,2,2,3,3,2,3,3,2,2,1,1,1,1,2,4,1,4,4,2,2,2,2,3,0,2,1,4,2,1,2,2,6,1,1,3,3,4,1,2,3,0,2,2,3,2,2,1,1,3,1,1,0,4,1,4,1,6,3,2,2,2,1,2,2,2,3,2,1,1,1,4,2,2,3,2,2,3,1,1,4,1,3,1,1,4,2,2,4,1,1,1,2,0,2,1,3,2,2,3,4,2,2,1,1,4,0,2,2,3,3,2,1,3,0,2,3,4,0,2,3,4,4,4,2,1,4,3,5,3,2,4,4,2,4,2,3,1,3,3,2,1,3,1,2,0,3,4,1,1,3,1,2,2,1,3,3,6,4,2,1,1,2,3,2,1,3,3,3,2,1,1,2,3,0,4,4,5,1,4,0,5,2,1,5,1,2,3,3,3,5,1,2,2,1,3,2,3,2,2,1,2,2,4,2,1,1,0,5,1,2,1,5,2,2,3,3,2,3,2,4,1,2,1,2,3,2,3,2,3,2,1,1,5,1,3,3,1,3,5,0,4,2,1,5,4,5,3,1,3,6,6,4,2,2,6,2,2,2,2,2,3,3,2,5,6,2,3,4,2,4,2,1,6,4,3,4,5,4,1,2,3,3,3,3,5,2,1,2,5,0,3,7,3,2,1,4,2,5,3,5,5,3,3,3,2,3,2,2,2,5,4,4,3,4,7,4,3,3,2,2,2,4,4,4,2,2,4,5,2,5,1,5,5,4,3,4,4,6,4,4,5,6,5,1,4,0,2,3,2,2,4,2,4,7,1,3,5,3,5,3,2,7,4,2,3,4,3,2,3,5,4,7,4,1,2,5,5,4,5,3,5,5,6,4,2,4,5,4,5,4,4,5,7,6,3,5,3,3,3,5,2,4,5,4,9,6,5,3,7,4,7,4,3,3,3,4,7,4,4,5,6,5,5,4,2,4,6,4,6,0,4,1,5,4,5,4,5,5,7,6,4,4,5,6,3,4,6,4,7,7,4,6,4,5,5,4,4,6,7,6
fe012aca,4,3,1,1,1,2,5,0,2,0,0,0,4,1,2,0,1,0,2,2,0,4,2,0,0,1,0,2,2,2,3,2,0,0,1,0,1,2,1,0,0,5,3,1,3,1,2,0,2,0,1,1,1,4,0,1,3,4,6,1,3,0,1,2,1,1,4,5,1,1,1,3,3,3,2,4,3,1,3,4,0,4,0,0,0,3,2,0,2,3,0,0,4,3,0,1,2,2,3,4,0,0,2,2,1,4,1,1,0,4,1,1,2,3,1,2,3,0,4,5,3,4,5,3,1,2,1,4,2,3,6,3,4,0,3,4,2,3,2,1,3,2,0,2,1,1,1,0,1,3,0,2,0,2,5,2,1,5,0,2,5,1,4,1,1,1,2,2,2,2,2,0,1,1,4,2,4,1,2,2,3,4,2,2,3,3,0,2,6,4,2,3,5,4,4,1,5,3,3,3,3,5,3,5,0,1,2,2,1,2,3,5,1,3,2,2,1,5,7,3,1,0,0,1,1,3,2,1,1,4,0,0,9,2,3,2,4,1,2,2,3,6,4,8,3,2,1,2,1,2,4,2,3,4,6,6,3,4,2,2,2,5,3,1,6,2,3,3,2,4,3,1,4,5,4,3,5,6,2,3,2,2,4,4,1,4,1,1,3,1,2,5,2,1,2,3,4,4,6,4,5,6,3,3,5,3,1,2,4,5,6,5,3,2,4,4,7,3,5,2,6,9,4,4,5,3,4,2,2,7,2,3,2,4,3,4,4,4,3,2,6,3,6,2,6,4,3,1,4,1,6,1,5,3,1,4,1,4,6,3,3,6,6,4,3,5,2,3,3,2,3,6,4,1,4,5,4,5,3,4,3,2,5,4,1,5,5,3,4,3,8,5,5,6,4,6,3,4,3,7,4,2,2,4,6,2,3,3,3,4,4,3,3,3,5,5,8,4,3,4,5,5,4,3,3,4,5,4,4,4,0,5,5,1,2,3,4,5,5,3,5,3,3,2,5,4,4,2,6,5,6,3,4,4,4,4,3,3,3,4
fe6e7156,5,5,1,1,0,2,4,1,5,0,0,1,6,0,3,0,1,1,2,1,5,3,1,2,2,2,2,6,2,4,5,2,0,1,0,1,1,6,0,0,1,6,3,0,2,0,2,1,2,0,1,1,3,6,0,2,1,2,3,1,8,0,0,2,1,1,3,7,1,2,1,2,2,2,1,4,4,2,1,4,1,2,2,2,2,2,3,1,2,4,2,0,7,2,3,1,0,1,3,3,1,0,2,4,2,9,0,0,0,5,1,2,1,7,1,1,0,1,5,6,4,3,4,4,0,2,3,5,1,1,4,5,2,0,6,2,2,0,4,1,3,0,1,2,3,4,2,0,1,5,3,1,0,4,5,1,1,4,2,0,5,1,3,0,2,2,2,1,3,2,4,0,2,2,5,4,3,3,1,2,1,4,4,5,2,2,1,0,3,1,4,2,7,7,4,0,2,3,2,6,5,4,4,1,0,0,2,3,2,1,3,3,0,8,0,0,1,6,5,2,3,1,0,0,0,1,1,1,2,6,0,1,5,3,6,0,2,1,2,5,1,6,9,5,1,2,1,2,0,2,0,4,4,4,3,3,1,2,1,2,0,3,2,2,6,2,1,1,1,0,3,1,2,6,2,0,4,6,3,0,1,0,0,1,0,1,1,4,0,6,0,3,1,1,2,1,1,2,6,1,3,1,1,1,1,1,2,1,2,5,1,4,1,1,1,4,8,1,5,2,6,4,3,1,3,1,0,1,1,4,1,1,0,1,1,4,2,0,2,0,2,1,2,3,4,8,3,1,3,0,5,4,3,3,2,1,1,1,4,2,1,4,8,3,1,2,1,2,1,1,0,2,1,3,2,4,2,1,1,1,1,1,1,4,0,3,4,0,3,0,5,2,1,3,3,1,2,2,0,2,1,0,1,0,1,1,4,1,1,3,2,1,1,1,2,2,3,0,0,2,3,6,2,1,2,2,1,2,2,1,5,0,0,2,1,0,2,1,0,1,4,1,0,1,1,1,1,0,1,1,1,1,0,0,1,1,0,1,1,0
fed17f5a,1,0,2,3,2,1,1,2,1,1,0,0,0,2,1,0,3,1,1,2,3,2,1,0,0,1,0,1,2,0,1,2,0,1,2,2,2,2,2,0,1,1,1,2,3,2,2,1,1,1,1,2,2,2,0,3,2,3,2,3,1,0,1,1,0,2,4,1,0,2,3,3,1,1,2,3,1,0,4,1,1,3,0,2,1,1,3,1,1,2,1,0,0,2,1,0,2,2,0,1,2,2,0,1,1,0,3,1,1,1,0,2,3,0,1,2,2,0,0,2,1,2,2,0,4,1,1,1,4,1,3,1,5,0,0,2,3,5,2,4,2,3,1,2,1,1,0,1,2,1,4,2,0,2,0,2,1,2,1,3,1,1,2,1,2,3,2,1,3,2,2,3,1,1,2,2,3,1,2,1,3,2,0,1,2,1,3,2,3,4,3,1,1,1,2,1,5,0,2,0,2,3,0,6,1,1,4,2,3,1,2,4,1,1,7,2,3,1,2,0,0,5,0,1,2,4,2,2,4,0,1,0,4,1,0,3,4,5,4,0,7,2,0,3,2,4,1,3,3,5,3,3,1,1,4,3,4,4,2,2,2,5,3,2,2,1,4,4,2,8,1,4,3,1,2,5,3,1,4,6,2,2,6,2,2,3,2,2,5,3,3,3,3,1,3,6,3,3,2,3,4,6,2,2,5,4,2,5,4,1,8,3,3,5,4,5,1,5,2,2,1,4,2,4,5,4,9,2,3,3,3,2,2,3,3,2,5,8,2,4,3,7,3,1,3,0,2,6,5,1,3,2,3,2,2,6,3,3,4,4,3,4,2,3,3,6,5,3,4,3,6,5,3,1,5,3,4,3,2,6,2,5,5,2,5,3,2,6,6,5,3,3,4,4,4,6,4,4,4,4,3,6,6,6,6,4,5,2,7,5,5,3,2,3,6,6,4,7,6,7,3,2,4,3,2,2,5,5,5,5,5,0,0,6,7,8,4,5,5,7,4,6,8,6,5,5,3,8,5,5,7,7,6,7,4,7,7,7,7,8
016ff750,0,0,1,2,1,0,0,2,2,1,1,0,0,1,4,0,2,1,1,1,4,1,0,2,1,1,0,3,1,2,2,3,0,1,2,2,1,2,1,1,2,1,2,1,3,1,3,1,0,1,1,1,3,2,0,3,1,3,2,3,3,0,1,1,1,1,4,0,0,2,4,2,1,0,1,4,3,0,3,2,1,2,0,4,1,1,2,2,2,3,1,1,2,2,2,0,0,1,1,0,2,2,1,3,3,1,4,0,2,2,1,2,2,1,0,2,0,1,1,1,3,2,2,2,6,1,3,3,4,0,2,2,3,0,0,1,3,5,5,5,3,1,2,1,2,2,1,1,3,2,6,1,0,2,1,2,2,1,2,2,1,1,2,0,2,4,3,1,3,3,2,5,1,4,2,6,3,3,1,3,3,4,1,2,2,1,5,1,1,2,3,1,2,1,3,0,4,1,2,3,3,4,1,3,1,1,6,6,4,0,3,3,0,3,5,0,3,3,2,0,2,6,0,0,3,3,1,2,7,2,1,1,2,1,2,1,4,4,6,1,8,4,1,2,0,6,3,4,2,7,1,6,2,1,3,2,4,2,1,4,1,6,2,4,3,2,3,5,1,4,2,6,2,3,3,4,3,3,7,3,1,0,2,0,1,1,3,7,4,4,3,3,3,1,4,7,2,3,1,2,4,3,1,1,4,4,4,7,4,3,5,3,2,7,2,7,3,6,2,2,2,1,1,3,4,4,8,1,3,2,5,2,2,1,2,4,4,6,4,2,1,5,1,1,2,1,2,10,6,1,2,5,2,4,5,3,6,1,2,5,3,3,3,4,3,5,4,2,4,4,5,3,1,5,5,3,5,1,1,5,1,4,3,2,4,4,1,5,8,2,2,2,2,3,4,3,5,3,3,1,2,7,5,4,3,5,5,1,5,4,5,3,0,2,5,5,1,6,3,5,3,5,4,2,2,2,3,5,5,4,1,2,6,0,6,5,4,3,2,5,5,7,5,6,4,5,2,7,2,3,4,5,4,5,4,6,4,5,5,4
149c5f5d,0,0,3,2,2,0,0,3,1,2,1,1,0,3,1,1,3,1,0,3,2,1,2,0,1,2,0,2,1,0,1,3,2,2,3,2,3,1,2,0,1,0,0,3,1,4,3,2,1,2,2,1,1,1,1,2,2,2,0,5,3,2,1,0,1,2,3,0,2,2,3,2,2,1,4,1,2,0,2,1,2,3,1,3,1,0,2,2,2,1,1,0,0,1,2,1,1,3,1,1,3,4,2,1,1,0,1,3,2,0,1,3,2,1,2,3,2,2,0,1,2,1,1,2,2,1,1,2,2,1,3,2,2,1,0,2,2,2,3,5,1,3,1,2,1,1,2,3,3,2,3,2,1,2,0,2,3,1,1,4,1,1,3,1,2,3,2,3,2,3,1,3,0,1,2,2,2,2,1,1,3,0,0,2,1,3,4,1,2,2,3,2,1,2,4,0,4,1,3,0,2,3,2,4,2,2,3,2,3,1,1,3,3,3,7,1,4,3,2,1,1,7,2,1,2,2,1,1,4,0,3,1,2,1,2,3,4,8,5,1,6,1,0,2,1,6,2,3,3,7,3,4,1,1,4,3,5,1,2,3,2,2,3,3,2,2,4,4,2,8,2,2,2,3,2,5,5,3,3,4,2,2,4,0,1,2,4,2,4,2,4,3,3,0,2,4,2,5,0,2,5,3,1,2,1,5,3,4,2,3,4,2,2,3,2,6,3,3,3,3,2,3,1,4,2,5,5,1,2,2,3,3,2,3,3,4,3,5,3,4,3,8,1,1,1,1,1,5,5,1,2,3,3,4,2,6,6,3,2,6,3,3,2,4,3,4,9,3,5,4,6,4,3,1,4,3,2,2,1,4,4,8,2,1,8,1,2,6,5,6,1,2,3,4,2,3,3,2,3,2,1,5,7,5,4,7,5,2,9,4,5,2,1,2,4,4,2,4,5,8,2,3,3,3,1,2,3,5,4,5,2,1,7,6,0,7,3,3,3,8,5,4,9,8,3,2,3,7,3,3,4,8,4,4,2,5,7,9,8,7
20b3a502,1,0,1,3,1,1,1,3,1,2,1,1,0,1,0,1,3,2,3,1,2,2,0,1,0,2,0,1,4,0,1,2,1,2,1,2,1,2,2,1,2,1,2,1,2,1,1,2,1,2,2,3,2,1,1,4,3,3,1,2,1,1,1,1,2,2,3,1,1,1,1,3,2,1,1,2,2,2,1,1,2,2,0,2,1,2,2,2,0,2,2,2,0,1,1,2,1,2,1,1,3,3,1,1,2,0,1,0,2,1,1,1,4,0,0,1,1,1,0,2,1,1,1,1,2,1,2,1,3,3,2,1,2,1,0,1,1,3,1,3,2,2,2,2,3,1,2,2,3,1,3,1,2,2,0,2,3,1,3,2,0,2,1,2,2,2,1,0,3,4,3,2,1,1,1,1,4,1,2,2,1,1,1,2,2,0,4,4,1,2,1,2,0,1,1,3,3,1,2,0,1,4,0,3,3,3,3,1,2,2,1,3,0,1,5,2,3,1,3,1,1,5,1,2,2,3,2,3,3,0,2,2,3,1,0,2,6,4,2,0,6,2,0,3,1,4,3,1,4,4,2,2,0,0,3,2,3,3,1,4,3,4,2,1,2,0,3,4,3,6,0,3,3,1,2,4,3,2,2,6,3,1,6,3,3,3,3,1,2,2,3,4,3,2,1,6,3,2,3,5,2,5,4,3,3,3,2,4,6,2,5,2,5,4,5,3,1,5,1,1,0,2,2,3,4,3,7,1,5,3,2,4,4,2,4,2,5,6,2,3,2,8,3,1,3,0,3,5,3,1,2,3,2,3,2,4,4,2,3,4,6,3,2,2,4,7,5,4,3,2,4,4,2,0,3,1,4,3,3,8,1,5,5,3,7,2,1,4,5,5,4,3,3,3,3,4,6,5,3,4,5,6,5,4,5,5,5,3,7,4,5,4,2,5,5,3,3,6,5,7,4,2,5,2,4,3,4,4,3,4,3,0,8,5,7,0,2,4,3,7,3,7,8,7,5,4,4,8,4,3,6,8,5,7,4,5,9,7,6,7
37dc1a48,1,1,1,0,1,2,3,0,0,0,0,0,1,1,4,0,2,0,2,2,2,1,3,1,1,1,1,2,1,4,2,4,0,0,1,1,2,1,1,0,0,1,3,1,2,1,2,0,1,0,1,0,1,1,1,0,1,3,1,1,1,0,2,3,2,2,3,1,1,1,4,1,3,2,1,2,1,0,4,3,0,2,1,2,1,1,0,1,3,3,0,0,1,3,0,1,1,2,3,1,0,0,4,2,2,1,4,1,1,3,2,1,0,3,1,1,2,0,1,0,4,3,3,3,3,1,0,2,2,3,1,2,5,1,1,4,4,1,4,2,4,2,0,1,0,0,2,0,2,0,3,2,2,1,1,3,2,2,2,3,2,3,2,1,2,2,3,2,3,1,0,3,2,4,1,3,4,2,3,2,3,4,1,3,2,1,1,3,4,5,3,3,2,1,4,1,6,2,3,1,2,3,3,3,0,2,3,3,3,1,2,3,1,1,5,2,1,3,2,1,3,2,0,1,4,3,3,1,5,3,0,0,4,1,2,2,4,3,7,2,3,0,1,5,1,4,3,4,1,4,4,3,2,3,6,5,5,3,3,4,2,5,2,5,4,1,3,3,2,2,3,3,3,3,3,4,5,3,5,2,1,2,4,4,3,2,1,3,5,3,5,4,2,1,3,3,3,5,2,4,4,5,2,2,6,4,3,4,3,4,6,1,2,5,4,6,3,3,3,1,3,3,3,4,6,5,4,3,2,5,6,4,4,3,2,7,4,6,2,2,3,4,5,1,5,1,2,3,5,1,4,5,5,3,3,3,4,4,3,6,3,3,3,4,5,2,3,2,4,5,3,6,3,4,6,2,5,3,3,5,4,3,5,0,1,6,4,3,5,3,3,5,6,6,5,6,5,6,5,7,6,4,2,4,3,6,3,2,4,4,6,2,2,2,4,7,5,3,4,5,4,3,7,3,2,4,7,5,10,5,4,2,4,4,3,2,0,8,5,4,6,3,3,3,5,6,5,3,6,6,5,4,5,3,6,7,2,4,5,4
4ccd8957,2,1,1,1,2,4,3,0,0,0,0,0,1,1,2,0,2,0,3,2,0,2,3,1,1,1,1,1,2,3,1,2,0,0,1,2,2,3,1,0,1,2,4,2,2,1,2,0,2,0,1,0,2,0,1,2,2,4,2,1,0,0,1,5,2,2,5,2,1,2,2,3,4,3,1,2,0,0,3,3,0,4,0,2,1,2,0,1,2,4,0,0,1,5,0,1,3,2,3,2,0,0,4,3,2,1,2,1,1,4,2,1,2,2,1,1,2,0,1,1,2,5,5,3,1,2,0,2,1,3,2,1,4,1,1,6,2,1,4,3,4,2,0,1,0,1,2,0,1,0,1,2,2,3,1,3,1,3,2,4,2,4,2,1,1,2,4,2,3,1,1,2,2,5,1,1,4,2,3,3,3,4,1,2,2,1,3,3,5,4,2,4,2,1,4,1,6,2,3,1,2,4,2,3,0,2,3,1,1,1,3,5,1,0,3,2,1,3,3,1,3,0,0,1,5,5,3,1,3,3,0,0,5,2,2,2,5,2,5,3,6,1,1,4,2,3,3,3,2,5,4,3,1,3,6,7,6,5,3,4,2,5,3,5,3,1,3,4,2,4,3,3,3,3,3,6,5,2,2,3,1,2,5,4,3,3,1,1,4,1,5,3,3,1,2,6,3,6,3,4,4,6,2,2,6,5,2,3,4,3,7,3,2,3,6,5,2,5,4,1,1,4,3,4,6,6,5,3,2,5,4,5,4,3,2,6,6,7,2,3,5,4,5,1,7,1,2,3,4,1,5,5,5,2,5,5,5,4,5,5,3,2,3,5,5,4,2,2,4,6,5,5,3,2,5,2,5,3,4,7,4,3,7,1,1,4,4,5,4,3,4,5,6,6,4,9,6,6,6,8,6,4,4,5,5,6,3,2,4,5,6,4,2,2,6,5,6,6,3,6,5,3,7,3,2,4,10,6,9,5,5,1,5,3,3,4,8,0,6,5,5,5,4,3,6,7,6,3,9,7,7,4,8,6,9,7,4,4,5,6
5fa714d5,1,0,2,1,3,1,2,1,0,1,1,1,0,3,2,1,3,2,1,2,0,1,3,1,3,1,4,1,0,1,1,3,1,2,2,2,3,1,3,3,1,1,3,2,1,2,2,2,2,2,1,3,2,1,4,0,3,3,2,2,0,2,3,2,5,3,1,0,1,3,1,1,3,3,3,1,1,2,2,4,2,3,2,0,3,1,1,3,2,0,2,2,0,4,1,3,1,2,5,2,1,1,2,0,3,0,3,3,2,4,5,3,1,1,3,2,4,2,3,1,2,3,3,2,1,4,2,3,1,1,2,1,2,4,0,4,1,2,1,1,0,3,2,2,2,0,3,1,2,3,0,4,4,0,1,3,2,3,3,2,1,2,3,3,0,1,1,5,0,3,0,0,5,1,2,2,6,1,5,0,4,3,2,3,1,4,1,5,6,6,1,3,1,0,3,3,2,4,2,0,1,2,2,3,2,2,0,2,0,3,1,4,3,0,2,3,2,2,2,3,3,0,1,3,3,3,5,3,1,4,2,2,5,2,1,4,1,1,4,1,3,1,0,5,5,2,4,1,4,3,7,1,2,5,5,2,2,2,5,3,4,2,1,2,4,4,4,2,2,4,4,0,5,2,6,2,4,3,1,4,2,3,4,6,5,4,3,0,4,0,5,5,1,3,1,3,5,7,2,5,3,6,3,4,4,2,0,1,3,4,5,2,3,2,5,3,2,2,2,2,2,5,4,4,2,2,4,6,4,6,1,5,6,5,4,4,4,4,2,5,3,4,8,3,5,0,3,2,2,3,3,2,5,4,1,4,3,5,4,2,4,5,3,2,4,3,3,2,2,8,4,7,4,1,2,3,4,7,5,3,4,2,6,2,2,5,5,4,4,4,4,8,8,5,2,6,5,2,4,6,2,3,3,7,6,5,2,3,4,4,4,5,4,3,4,4,5,4,4,4,7,4,6,5,3,7,5,5,6,7,5,0,5,2,3,3,5,6,0,4,3,3,5,3,3,3,7,3,6,8,5,4,4,4,4,4,3,4,4,4
63c5e56b,0,0,2,1,2,1,0,1,1,0,1,1,0,1,1,1,2,1,0,1,2,1,2,1,1,0,0,2,0,0,1,3,1,0,3,2,3,2,1,0,1,0,0,4,0,1,3,0,0,0,0,0,1,1,0,2,1,1,0,2,2,1,2,1,0,1,3,0,1,2,3,2,0,0,1,1,2,1,2,1,0,3,1,3,2,0,2,1,2,1,0,0,0,2,2,0,3,1,0,0,1,1,0,2,1,0,2,2,2,0,0,1,2,0,2,3,3,1,0,1,1,2,2,2,2,0,1,2,1,0,2,2,2,0,0,2,1,2,4,4,1,2,0,1,0,2,3,0,3,1,2,2,0,2,0,1,2,1,1,1,0,0,2,2,2,4,3,2,2,1,2,2,2,2,3,3,3,2,2,0,5,0,0,2,0,2,4,1,3,3,2,0,1,1,4,2,3,0,2,0,2,2,1,2,0,2,1,2,1,2,2,5,2,2,5,2,2,3,1,0,0,5,0,2,1,3,3,1,5,0,0,0,3,0,2,2,2,5,4,1,6,1,0,3,0,5,1,2,2,7,4,5,0,0,6,3,4,3,2,1,3,3,1,4,3,2,3,3,1,7,1,1,3,3,2,5,5,2,2,5,3,3,6,1,2,1,1,3,3,1,2,4,2,1,1,6,3,3,1,3,5,4,2,2,2,5,2,2,4,2,6,3,2,4,3,4,2,5,3,1,1,2,2,3,3,4,5,2,2,3,2,2,3,4,2,3,4,6,3,3,3,10,2,2,3,0,1,4,3,1,4,3,4,3,3,6,7,4,3,4,5,4,3,5,3,5,6,2,4,3,7,5,4,2,2,4,3,3,3,4,2,8,3,1,5,2,2,6,5,6,2,3,4,6,3,5,4,3,5,3,3,6,7,4,5,6,6,3,9,6,6,5,3,2,5,6,3,6,7,9,3,3,4,3,2,2,5,4,5,6,3,1,7,5,8,7,4,5,4,0,4,5,8,8,4,3,3,7,5,4,5,9,5,6,4,5,8,10,8,7
65857fdf,1,1,3,2,3,1,1,3,1,3,2,2,1,4,3,2,2,1,2,5,1,1,3,3,1,4,0,2,3,3,2,3,2,3,3,1,2,1,3,1,3,2,2,2,3,4,4,3,0,3,4,2,1,0,0,3,1,4,1,5,2,2,2,1,1,2,5,1,3,4,4,2,3,0,5,3,2,2,3,4,3,2,2,2,0,2,0,1,5,2,2,1,2,3,3,1,2,4,3,1,3,3,3,4,3,2,1,3,1,3,2,5,2,2,3,4,4,3,2,0,4,3,4,3,1,1,2,2,2,2,3,1,3,0,1,3,2,0,5,4,2,5,2,4,4,0,1,3,2,1,3,5,0,2,2,3,1,3,1,5,3,1,2,3,1,2,3,3,1,5,3,1,2,2,2,3,4,1,3,4,2,3,4,2,3,5,2,2,3,3,3,3,4,1,5,2,5,4,4,2,3,5,2,3,2,4,4,3,2,4,3,4,3,2,3,3,4,5,3,1,3,2,2,3,1,6,3,4,3,3,3,2,6,1,3,5,5,4,5,2,5,2,3,5,0,5,3,4,4,5,4,5,2,3,6,4,5,3,5,5,4,6,5,3,6,4,7,3,5,3,5,3,4,5,5,3,6,5,4,3,4,4,3,2,1,1,5,3,3,3,4,4,4,3,2,4,6,5,4,3,5,5,4,5,5,4,1,5,5,5,5,3,5,4,3,7,5,4,4,5,2,4,5,8,5,5,4,3,5,6,3,2,3,6,6,7,3,4,2,5,3,4,4,5,5,2,6,4,7,3,6,3,7,4,2,3,3,6,5,6,4,4,4,6,6,5,5,5,3,4,3,5,6,4,7,3,4,4,3,5,4,3,4,2,3,4,6,3,6,5,5,5,4,5,4,5,5,4,4,5,5,3,3,7,3,4,5,5,5,5,5,4,4,5,7,6,5,3,4,6,4,4,5,6,5,5,5,9,6,4,5,4,4,5,5,3,6,5,3,4,0,4,5,4,4,5,4,3,4,5,5,4,6,3,4,6,3,5,5,4
6c811eb7,1,0,2,2,0,1,1,1,2,0,0,0,0,0,2,0,2,1,3,0,3,3,0,3,0,0,0,2,2,2,2,3,0,0,1,1,1,3,1,0,1,2,4,1,1,0,2,0,1,0,0,1,3,1,0,3,2,3,2,2,2,0,1,1,2,1,3,1,0,1,3,2,2,1,0,4,3,1,3,2,0,3,0,5,1,3,2,2,1,3,1,1,1,2,2,1,1,1,1,1,1,1,1,3,3,1,3,0,1,2,1,1,2,1,0,1,1,1,1,2,1,2,2,1,5,2,3,1,3,2,3,1,3,0,0,2,2,4,3,4,3,1,1,1,2,1,0,0,3,2,4,3,1,3,0,1,2,2,3,2,1,3,2,1,1,3,2,1,4,3,4,4,2,3,1,3,5,3,3,6,1,3,2,2,3,1,5,2,1,3,3,2,1,1,2,2,4,1,4,2,2,5,0,2,1,3,5,3,2,1,2,4,0,2,3,3,3,3,3,0,3,3,1,1,4,4,3,2,4,1,0,2,4,3,1,1,5,2,4,1,7,4,1,2,1,6,4,4,2,6,2,4,1,0,3,3,3,4,2,4,2,7,1,2,3,1,3,6,1,5,1,4,4,2,3,5,1,2,3,3,2,1,5,2,2,2,2,4,3,2,3,3,5,3,3,10,3,3,4,5,3,6,4,3,5,5,4,6,7,2,6,3,3,7,4,4,2,9,2,0,1,2,3,3,6,3,8,2,4,4,5,3,3,2,2,4,6,7,4,2,2,6,2,2,4,1,2,7,4,3,3,4,3,3,5,4,5,2,4,4,5,3,3,4,4,6,2,2,5,4,5,4,2,2,4,1,7,2,2,7,1,3,5,3,3,4,2,6,6,4,4,4,3,3,4,6,7,6,5,4,5,8,5,4,5,5,4,2,5,5,6,4,2,3,6,4,3,9,3,4,4,3,5,3,5,3,5,5,4,4,3,1,6,7,4,7,3,5,3,5,4,0,5,6,5,6,3,6,4,4,8,7,5,7,6,5,6,5,5,6
757a3431,0,0,4,2,3,0,0,4,1,2,2,2,0,4,0,2,4,2,0,4,2,1,3,1,2,3,1,1,1,0,1,2,1,3,4,3,4,1,3,1,2,0,0,3,1,4,4,3,0,3,3,2,1,1,1,2,1,2,0,5,1,2,2,0,1,3,3,0,2,3,2,2,1,0,4,1,1,1,2,2,3,2,2,2,2,0,2,2,3,1,2,1,0,1,3,1,1,3,1,0,4,4,2,1,2,0,2,3,3,0,2,4,2,0,3,4,3,2,1,1,0,1,1,0,2,0,2,1,2,0,2,1,2,1,0,1,1,2,2,4,1,5,2,3,2,1,1,3,1,2,3,4,1,1,0,3,1,1,2,3,0,0,2,3,1,2,2,3,2,3,1,2,2,1,1,1,4,1,3,0,2,0,1,1,0,3,3,3,3,4,2,1,1,1,2,2,3,1,3,0,2,2,0,3,2,4,2,1,2,3,1,3,3,1,6,3,4,1,1,1,1,5,2,3,1,3,3,3,3,1,3,1,3,0,0,5,3,6,3,0,6,1,0,2,0,4,2,2,5,5,5,3,1,2,4,2,4,2,4,3,4,3,3,2,2,3,5,3,4,7,3,2,4,1,3,4,4,1,2,5,4,4,5,2,3,1,4,1,3,2,4,3,2,2,1,5,4,5,1,4,3,4,3,4,2,4,2,3,3,1,5,2,4,4,3,4,1,4,2,4,0,2,3,6,3,4,6,3,4,4,2,3,4,5,5,2,4,6,2,6,2,8,3,3,2,0,3,5,4,3,3,2,5,2,2,5,4,5,3,4,5,3,2,3,5,5,7,5,4,4,5,4,4,0,3,2,3,4,3,5,4,6,3,1,8,3,4,5,5,8,2,4,5,4,3,4,5,3,4,3,2,6,6,7,5,5,5,4,9,5,5,4,3,4,5,4,3,5,7,8,4,2,3,5,3,4,4,7,4,5,3,0,8,5,9,8,3,4,5,8,5,5,0,8,4,3,5,8,4,5,5,8,5,5,3,6,8,9,8,8
79a793b7,0,1,2,1,0,1,0,2,2,1,1,1,0,1,3,1,1,2,1,1,3,1,1,0,1,1,1,2,0,1,2,3,1,1,2,1,2,1,0,1,0,1,1,1,0,1,2,1,1,1,1,0,2,1,1,1,2,0,2,2,2,1,0,0,0,0,1,0,1,0,2,1,1,1,1,3,2,0,1,1,1,1,1,2,1,0,3,2,1,2,0,1,0,0,2,1,0,0,0,1,2,2,1,2,2,0,2,1,2,0,1,1,1,0,1,2,2,1,0,1,2,1,1,1,3,1,2,2,2,1,2,3,2,1,1,0,2,4,3,2,2,2,0,0,0,2,3,1,2,1,2,2,0,2,1,0,3,1,1,1,1,1,1,2,1,4,2,1,3,1,1,4,1,2,3,3,3,2,2,1,2,1,0,2,0,1,4,1,1,2,1,1,1,1,2,1,3,0,1,2,2,2,2,1,0,3,2,4,2,2,2,2,1,2,4,1,1,2,1,1,0,6,1,2,2,1,1,1,4,0,1,1,2,0,2,2,2,5,3,0,4,2,1,3,1,5,2,1,3,6,3,4,1,1,4,1,2,3,2,1,3,5,1,3,4,1,3,5,2,6,1,2,3,3,1,4,3,2,3,4,3,2,4,1,2,1,2,3,3,1,1,4,2,1,3,6,3,3,2,3,4,3,2,3,3,3,4,3,3,2,4,2,2,6,4,3,2,5,1,1,2,1,2,3,3,2,6,2,2,2,3,3,4,3,3,2,5,6,4,3,2,8,2,2,2,0,1,5,2,3,3,3,3,4,3,4,6,3,3,3,4,5,3,2,4,4,6,3,3,2,4,4,3,2,1,3,4,3,3,4,3,7,4,2,6,3,3,4,6,6,2,2,3,4,5,3,4,4,3,2,2,7,6,4,5,5,5,3,10,4,6,3,1,2,3,4,3,6,5,7,3,3,4,4,2,3,4,4,4,6,2,1,6,6,8,7,3,3,3,8,4,6,8,0,4,5,4,8,4,4,4,8,3,6,5,4,8,9,9,8
81a4c239,2,1,0,2,2,3,4,1,0,1,0,0,1,1,3,0,1,0,2,2,2,4,1,0,0,2,0,0,3,2,4,2,0,1,0,2,0,2,1,0,2,3,4,1,4,1,2,1,1,1,2,1,1,1,0,3,2,4,4,1,0,0,1,3,1,1,5,2,1,2,0,6,3,3,1,5,1,0,2,2,1,3,1,3,0,3,1,0,2,4,1,0,1,2,0,0,2,2,2,3,1,1,2,3,0,1,2,0,0,3,1,1,4,2,0,0,2,0,2,2,2,4,4,3,3,2,1,2,5,5,2,2,4,0,1,4,3,4,3,3,5,2,1,1,1,1,2,1,1,1,3,1,0,4,2,2,1,3,0,3,1,2,1,1,2,2,3,1,4,2,1,3,1,5,2,2,3,3,1,3,2,4,1,1,3,1,2,4,4,2,2,3,1,1,4,1,5,2,2,2,2,4,3,5,1,1,5,2,5,1,3,4,0,0,5,1,1,4,4,2,0,3,0,1,3,4,1,2,3,2,1,0,5,1,3,2,6,3,1,2,5,3,1,4,2,2,1,2,2,3,3,2,2,2,6,5,6,5,1,3,2,6,3,2,4,1,3,5,3,3,2,4,2,4,2,5,5,3,5,5,1,1,5,3,1,4,2,1,1,4,3,3,1,1,3,6,2,3,4,4,2,4,2,2,5,4,4,5,4,3,5,3,3,5,4,3,3,6,3,1,4,4,3,3,6,6,6,1,3,4,6,4,2,2,3,2,5,5,5,2,5,3,4,1,6,1,3,4,4,2,4,3,3,2,5,4,3,3,4,5,3,3,3,4,3,7,3,4,3,1,3,3,2,2,5,2,5,3,3,7,2,3,4,2,3,6,3,3,7,2,5,3,4,5,6,5,4,7,5,6,6,4,3,3,4,1,5,2,3,4,3,4,1,3,6,4,5,6,2,6,4,3,3,2,2,3,6,4,4,3,5,1,5,4,3,5,5,6,3,4,4,5,4,4,0,6,4,5,7,3,5,3,6,5,7,6,4,3,4,5
83fe71b8,2,2,1,2,1,3,2,1,1,1,1,1,1,1,4,1,0,2,3,2,2,2,1,2,0,2,1,0,3,3,2,1,1,1,1,0,0,1,1,2,1,3,3,1,4,1,1,1,2,1,2,1,2,0,1,2,2,2,4,1,0,1,1,2,0,0,3,2,2,1,3,2,2,3,1,5,0,1,3,2,1,1,1,1,0,3,1,1,2,5,1,2,1,1,1,1,2,2,1,3,1,1,3,3,2,1,3,1,0,2,0,1,2,1,1,1,2,1,1,1,3,3,3,1,3,2,2,2,4,5,2,2,5,1,2,2,4,4,3,1,5,2,1,1,1,1,1,1,1,0,2,2,0,3,2,1,1,3,0,4,3,4,0,2,2,2,3,0,4,2,2,5,1,4,1,2,2,1,2,5,0,4,2,0,4,1,3,2,2,2,2,2,2,1,1,2,7,2,2,3,2,4,3,3,1,3,5,3,3,2,3,2,1,0,3,2,1,2,3,2,1,2,1,2,4,4,1,2,4,1,1,2,4,1,2,2,5,1,3,1,4,2,2,3,2,3,3,3,3,4,2,2,3,1,3,5,4,5,2,3,3,8,3,3,4,1,3,6,3,3,2,6,2,3,2,5,2,2,4,2,2,2,4,2,1,2,2,3,4,2,3,2,4,2,5,6,4,3,4,3,3,4,3,3,8,3,4,6,4,2,7,2,3,6,6,5,2,5,2,1,2,3,4,4,7,4,7,2,3,3,6,5,4,3,3,3,7,8,3,3,4,3,3,2,4,1,3,5,4,3,4,4,3,2,5,3,4,4,6,4,3,3,3,3,5,3,1,2,3,3,3,2,3,5,6,1,5,2,3,7,3,2,7,2,1,5,3,3,6,3,4,2,3,3,7,6,5,7,4,5,7,6,3,5,5,3,2,3,4,2,6,4,2,3,4,5,5,6,4,4,4,3,5,4,3,2,8,6,7,4,4,1,5,5,2,4,6,7,3,3,5,6,3,5,6,0,4,5,7,6,6,3,7,6,9,7,4,3,5,6
8b66d9cc,2,2,3,1,2,3,4,4,0,3,4,4,2,3,3,4,3,3,3,4,0,3,5,1,4,5,3,1,3,2,2,2,3,4,3,3,4,1,2,3,2,2,4,2,3,3,3,4,2,4,5,2,1,0,4,1,4,3,2,2,0,4,2,4,5,3,2,2,5,1,1,3,6,2,3,2,2,3,1,4,4,2,3,0,3,3,0,3,3,1,2,3,1,2,2,4,1,3,6,3,4,4,5,1,3,1,2,3,5,4,6,2,3,2,3,3,4,3,3,2,4,3,3,4,0,2,2,4,2,3,1,1,1,4,2,4,1,1,1,0,1,4,2,2,2,1,3,4,1,2,0,3,5,1,3,4,4,2,4,1,1,1,2,5,3,0,2,4,0,3,0,0,3,2,1,2,6,1,3,1,2,4,3,4,3,3,2,5,5,3,1,6,1,0,3,4,2,5,3,1,1,3,2,2,3,4,1,2,2,5,1,3,3,0,1,3,1,3,4,5,3,0,4,5,2,1,3,3,1,5,4,2,4,1,2,4,3,1,3,2,2,1,1,6,2,1,4,1,6,2,7,0,3,6,6,2,2,2,4,5,6,3,3,1,4,3,3,1,6,3,5,0,4,3,4,1,4,4,1,3,5,4,2,7,6,4,4,0,2,1,3,6,0,3,1,3,5,8,3,6,1,3,5,6,4,1,0,1,3,5,4,1,5,2,7,3,3,2,2,3,2,3,5,5,3,2,3,3,4,6,2,7,5,5,6,4,3,3,2,5,4,3,8,3,6,1,4,2,2,4,3,3,6,4,2,3,3,4,4,2,4,3,4,2,6,4,2,6,1,5,2,5,4,0,2,1,3,7,6,5,6,1,6,2,4,6,6,2,5,4,5,6,6,4,3,5,7,3,2,6,4,3,2,5,5,4,3,6,4,3,3,6,3,5,2,3,6,3,3,4,8,4,7,4,4,8,5,6,6,6,4,1,3,2,3,4,5,6,7,3,4,3,5,4,4,4,0,3,6,6,4,3,3,4,5,4,5,4,4,4
914bb955,0,1,1,2,1,0,0,2,2,1,0,0,1,1,2,0,2,1,0,1,4,1,0,0,0,1,0,1,1,1,2,1,0,1,1,2,1,1,1,0,1,0,1,1,2,1,1,1,0,1,1,1,1,2,0,2,1,1,1,2,1,0,0,0,0,1,2,0,0,1,2,2,0,0,1,3,1,0,3,0,1,1,0,3,1,0,3,1,0,1,1,0,1,0,1,0,0,1,0,0,2,2,0,2,1,1,3,0,1,0,0,1,2,1,0,1,1,0,0,1,1,0,0,0,5,0,1,1,4,0,1,1,2,0,1,0,3,4,1,4,1,2,1,1,1,2,1,1,1,1,5,1,0,1,1,1,1,0,1,1,1,0,2,1,3,2,2,0,2,2,1,5,1,3,1,3,3,3,1,1,1,2,0,1,1,0,4,2,1,2,3,0,1,2,1,1,3,0,1,2,2,2,0,3,1,2,4,3,5,1,2,2,0,1,7,1,2,1,1,0,0,7,0,1,2,2,1,2,4,0,1,0,2,0,0,2,3,4,3,1,5,2,1,2,0,3,1,3,3,4,2,2,1,0,3,1,4,2,1,2,2,5,1,1,2,0,3,4,2,5,0,4,2,1,1,3,3,1,4,6,2,1,4,1,2,1,2,3,4,4,2,3,1,1,4,6,2,2,1,3,2,3,2,2,4,4,4,5,3,1,5,1,3,7,3,4,1,5,2,1,1,1,2,3,4,4,8,1,3,2,5,2,3,2,3,1,4,6,4,3,1,7,2,1,2,1,2,8,5,2,3,2,2,2,4,5,5,2,2,3,4,3,2,3,3,5,5,3,4,2,5,3,2,2,3,1,4,2,2,5,1,5,3,1,6,4,1,5,7,5,2,2,3,3,6,3,4,3,4,2,2,9,6,4,4,4,5,2,7,5,4,3,1,3,4,4,2,6,6,7,3,2,3,2,2,2,3,4,4,4,2,0,8,7,7,8,3,3,3,7,3,6,8,8,5,5,3,0,3,3,4,7,4,5,4,7,7,7,6,6
a3b03921,2,2,1,1,2,5,4,0,1,0,0,0,1,1,4,0,2,1,4,2,1,3,3,0,1,1,2,0,2,3,3,4,0,0,1,2,2,2,1,1,1,4,4,2,3,1,2,0,3,0,1,0,3,0,2,2,4,5,4,1,0,0,1,4,2,2,4,2,1,2,1,4,4,5,1,4,1,0,2,5,0,4,0,1,1,3,1,2,2,4,0,1,1,4,0,2,3,2,3,4,0,0,3,3,2,1,1,1,1,4,2,1,3,1,1,1,3,0,2,2,4,7,7,3,0,4,2,3,2,5,4,3,4,2,2,6,2,3,4,2,4,2,0,1,0,2,4,0,0,1,0,2,1,4,3,3,3,5,1,3,2,4,2,1,1,2,4,3,3,1,1,2,2,3,3,2,4,1,4,2,4,4,1,2,3,2,3,4,5,3,2,4,3,1,4,1,6,2,2,2,3,3,4,4,0,1,2,3,1,1,3,6,1,0,3,2,1,4,4,3,1,0,0,1,3,4,3,1,2,3,0,1,6,2,4,2,4,2,3,2,5,2,2,5,4,3,3,2,2,5,5,3,3,3,6,6,5,5,2,3,2,5,3,5,5,2,3,4,2,4,3,2,5,5,3,6,6,3,1,3,1,2,5,4,2,3,1,0,4,1,4,3,3,1,2,5,2,6,5,5,4,4,2,2,4,4,2,2,3,4,6,5,2,3,7,4,3,4,4,1,2,5,3,3,5,5,4,4,2,6,3,7,4,3,2,4,6,7,4,3,7,4,5,1,7,1,2,2,3,1,6,3,5,4,4,5,4,4,7,4,2,4,4,4,3,5,2,2,3,4,4,5,3,1,4,4,4,4,5,6,5,4,7,3,1,5,6,4,5,3,5,5,6,6,5,8,4,6,5,8,5,3,5,4,7,4,3,2,5,4,6,5,2,2,5,4,8,5,3,6,6,4,5,4,2,4,10,5,7,7,6,1,5,2,3,4,6,9,6,5,4,4,4,4,7,7,6,3,0,7,6,4,7,6,9,6,4,4,6,7
af784a9e,2,2,2,1,2,3,2,1,1,0,1,1,1,2,3,1,3,3,3,3,1,1,4,2,2,2,4,0,1,4,2,3,0,1,2,2,3,0,2,3,1,2,2,2,1,2,3,1,2,1,2,2,3,1,4,0,3,3,3,2,0,1,2,2,2,3,3,1,2,2,2,1,2,2,2,2,0,1,4,5,1,1,1,1,3,1,2,4,3,3,1,2,1,2,1,3,1,3,4,3,1,1,4,3,5,1,4,2,2,3,2,2,0,1,2,2,2,1,3,0,3,4,4,1,2,3,2,3,0,2,2,1,5,4,2,3,4,2,4,2,3,3,1,2,1,1,2,1,2,2,1,3,2,2,2,4,2,4,2,2,4,3,1,2,1,3,4,3,2,2,0,2,4,2,2,1,4,0,5,2,3,2,3,1,1,2,3,3,5,7,2,2,3,0,2,2,5,3,4,2,3,4,3,3,1,3,2,2,1,2,4,3,2,0,2,3,2,2,2,4,3,0,1,2,3,3,4,3,2,3,1,2,5,1,2,3,3,1,4,1,4,0,2,5,4,4,5,3,3,5,5,3,3,4,4,4,4,5,3,5,3,5,2,4,5,2,3,4,3,4,3,1,5,3,3,4,4,3,3,3,2,3,3,5,4,3,2,1,6,1,5,3,3,3,4,4,5,6,3,4,5,5,3,3,5,3,2,2,3,4,7,2,3,4,7,5,2,3,3,2,2,5,5,5,4,4,5,6,3,6,3,6,7,4,3,5,5,6,2,4,4,4,7,2,4,1,4,3,4,2,5,3,6,4,3,5,4,4,5,4,4,5,3,4,4,2,2,3,3,7,5,5,3,1,4,3,5,5,5,5,6,3,9,2,2,5,6,5,4,4,4,5,6,3,4,8,6,5,4,5,4,4,4,7,6,5,2,3,5,3,6,4,3,3,4,6,6,5,4,5,7,4,7,5,3,4,8,7,7,7,5,1,5,3,3,3,6,7,8,4,5,4,5,4,3,6,6,3,7,0,7,4,5,6,7,6,3,4,5,5
b51b1b9c,2,1,2,1,1,2,2,0,0,0,0,0,1,1,1,0,2,0,3,2,1,4,2,2,0,1,0,0,3,2,2,2,0,0,1,0,1,1,2,0,0,2,3,1,2,1,3,0,1,0,1,2,1,1,0,1,1,4,3,1,0,0,2,2,1,2,5,2,1,1,3,3,2,1,1,3,1,1,6,3,0,2,0,3,0,4,2,0,2,4,1,1,1,2,0,1,2,3,1,2,0,0,2,3,1,1,2,1,0,2,0,1,1,1,1,1,2,0,1,1,1,3,3,1,4,1,1,2,1,3,2,0,6,0,1,3,4,3,4,3,4,2,1,2,1,0,0,0,4,0,2,3,1,3,1,3,1,3,1,3,3,3,1,1,2,3,4,1,3,2,2,2,1,3,1,0,3,0,3,5,2,2,2,1,3,1,3,2,4,4,4,2,2,0,3,2,6,1,6,1,3,5,1,5,1,3,4,0,2,1,4,3,1,0,3,4,2,3,3,1,2,1,1,1,2,4,3,1,3,1,0,1,5,2,1,2,6,2,3,1,6,1,1,4,2,5,3,5,2,5,3,3,1,2,5,5,5,6,2,4,2,6,3,2,3,1,3,4,2,6,2,2,3,2,3,5,3,2,4,4,1,2,6,4,1,4,1,1,4,2,4,2,4,2,4,7,4,4,4,4,4,8,4,3,6,5,2,3,6,2,9,2,3,4,5,5,2,6,3,1,2,5,4,4,7,5,7,2,3,5,5,4,3,3,2,5,6,7,1,3,4,6,4,1,4,1,2,4,5,2,4,5,4,1,5,7,3,3,5,6,5,3,3,5,3,4,3,3,5,4,6,5,3,1,5,2,4,3,2,8,3,3,7,1,2,3,3,7,5,4,4,4,3,3,4,9,7,7,6,6,6,6,4,6,5,5,3,2,5,4,6,3,3,3,6,7,5,8,3,6,4,3,7,3,4,2,7,6,6,4,6,1,7,4,4,6,5,7,5,5,5,8,5,4,5,6,4,4,6,7,0,7,6,7,6,7,5,5,5,6
c3b6fa1e,0,0,3,1,1,0,0,1,1,0,0,0,0,1,1,0,3,1,1,1,2,2,1,1,0,0,0,2,1,0,1,4,0,0,2,1,2,1,2,0,0,0,1,2,0,1,2,0,0,0,0,1,1,1,0,1,1,2,0,2,2,0,2,0,1,2,2,0,0,1,4,1,0,0,1,1,3,1,3,2,0,2,0,3,1,2,2,1,1,1,1,1,0,1,1,1,1,2,0,0,1,1,0,1,1,0,1,1,1,0,0,1,1,0,1,2,2,0,0,1,1,1,1,1,3,0,2,2,1,1,2,2,2,0,0,1,1,2,3,3,1,2,1,2,1,1,2,0,3,1,2,3,1,1,0,2,3,1,2,1,0,1,2,1,1,3,2,1,2,2,2,2,1,1,2,2,4,1,3,2,3,0,1,3,1,1,3,2,2,3,3,0,1,1,3,2,3,0,4,0,2,2,1,2,1,3,1,2,1,1,1,3,1,2,5,4,3,3,1,0,1,5,1,1,1,2,3,1,4,0,0,1,3,1,1,2,3,5,4,0,5,1,0,3,0,6,2,3,2,6,3,4,0,0,5,2,3,2,2,2,2,3,1,3,3,1,3,3,1,6,1,1,4,2,3,4,4,2,2,4,2,2,6,2,2,1,1,2,3,1,3,4,3,2,1,6,2,3,2,5,4,5,4,3,2,5,2,2,4,2,5,2,3,4,3,4,2,5,2,1,1,2,3,3,4,3,5,2,3,4,3,3,3,3,2,4,4,6,2,3,2,10,2,1,2,0,1,4,3,2,3,4,3,3,3,6,5,3,3,5,5,4,3,3,3,4,6,2,5,3,5,6,3,1,2,3,3,2,2,5,2,7,3,1,5,2,2,6,5,7,2,4,4,5,3,5,5,4,5,4,3,7,6,4,5,7,5,2,9,5,7,3,3,3,4,5,3,6,6,8,3,3,5,3,4,2,4,4,5,6,3,1,7,5,8,8,4,4,4,9,4,7,8,8,3,3,3,7,4,4,7,0,4,5,3,5,7,9,8,7
d1b49282,1,0,2,3,4,2,1,2,0,2,2,2,0,3,0,2,2,1,1,3,0,1,1,3,0,2,0,0,3,1,0,1,1,2,2,2,1,2,3,1,4,1,1,3,3,4,1,2,1,2,2,2,1,0,0,4,1,3,1,3,0,1,2,2,0,3,5,1,1,4,3,3,1,2,3,1,0,1,2,1,2,3,1,2,0,2,0,0,2,3,2,1,0,3,1,0,5,3,0,1,2,2,2,2,1,0,1,2,0,1,0,3,4,0,2,2,3,1,0,1,0,3,3,1,1,1,1,1,3,3,2,1,3,0,0,3,1,1,3,4,3,5,2,4,2,1,1,3,1,0,2,3,0,2,0,2,0,2,0,6,1,3,1,2,0,2,3,1,3,3,2,2,1,3,1,0,2,1,2,3,2,1,1,0,2,2,3,3,3,3,1,1,1,1,2,2,5,1,2,0,1,3,1,3,2,4,3,0,1,2,2,4,2,0,4,4,3,2,2,0,2,1,2,2,3,7,2,4,3,0,2,1,4,1,1,4,5,3,3,1,7,1,0,2,1,3,2,2,4,5,3,3,0,0,4,6,6,4,3,3,3,4,4,4,2,2,5,4,3,4,2,5,2,2,3,6,4,1,2,4,2,4,5,1,1,1,3,1,3,1,5,2,4,3,1,6,4,3,2,3,4,5,4,3,5,5,2,5,4,1,6,3,5,3,4,5,1,5,3,4,0,3,3,7,5,6,6,2,4,3,3,3,3,4,4,3,6,7,2,5,4,4,2,2,4,0,3,4,4,2,4,3,3,1,4,4,4,5,5,5,3,2,2,4,5,5,3,2,4,4,5,3,4,3,6,2,4,2,3,7,2,3,5,1,2,2,2,5,4,4,3,3,4,5,3,7,4,5,6,5,6,4,4,7,5,4,4,4,4,4,6,6,3,5,7,4,4,6,4,6,3,2,4,4,4,2,8,7,6,4,4,0,6,4,4,5,5,8,4,5,6,5,5,3,6,7,3,4,7,5,6,4,0,6,7,7,4,4,5,6
d3ddf88b,1,1,1,2,1,3,1,2,2,1,1,1,0,0,1,1,1,3,3,0,3,2,0,1,0,1,1,1,2,2,2,2,1,1,1,2,1,3,0,2,2,2,1,2,1,0,1,1,2,1,1,2,3,2,2,4,4,1,3,1,1,1,0,2,1,0,4,1,1,1,2,3,2,2,0,3,2,1,3,1,1,3,0,4,1,1,4,3,0,4,0,2,0,2,1,2,2,0,1,2,2,2,2,4,4,0,3,0,2,1,1,0,4,0,0,1,1,1,0,2,2,3,3,2,4,2,2,1,2,3,3,2,5,2,1,2,4,5,4,4,4,1,0,0,1,3,3,1,4,1,3,1,1,4,1,0,3,2,2,2,3,3,1,2,2,6,4,0,5,2,2,4,1,3,4,1,3,2,2,2,3,1,1,1,2,0,7,2,3,4,1,2,1,1,2,2,5,1,2,1,2,5,1,3,1,3,3,2,1,2,5,4,0,1,3,1,1,2,3,2,1,2,1,2,3,4,1,2,4,0,1,2,3,1,2,1,5,2,3,1,7,2,1,4,3,5,4,2,3,7,2,5,1,1,4,4,4,7,1,3,3,6,1,4,3,0,2,6,2,6,0,3,3,3,1,7,2,2,3,6,3,1,4,3,3,4,2,2,5,1,2,4,4,2,4,8,5,2,3,4,6,6,3,3,5,5,4,4,6,2,7,4,3,6,6,3,1,7,2,0,1,3,2,3,5,4,8,2,3,2,3,4,5,2,3,2,7,8,4,2,4,5,4,1,4,0,2,5,3,1,4,3,2,4,4,5,5,2,4,3,5,5,2,4,5,7,2,3,4,3,7,4,2,1,3,4,5,4,5,7,2,5,8,4,4,2,2,7,4,3,4,2,3,4,4,7,6,6,5,3,5,6,6,5,6,4,5,3,6,5,6,5,1,3,6,5,4,9,3,5,4,2,6,3,3,3,7,4,4,5,4,0,7,5,4,7,3,6,4,6,3,7,5,6,5,6,4,5,6,6,7,5,6,0,7,5,7,5,6,7
e16932d8,2,2,0,1,1,5,3,0,1,0,0,0,1,0,4,0,1,1,4,1,1,2,2,1,1,1,2,0,2,4,2,2,0,0,0,2,1,2,0,1,1,3,4,1,2,0,1,0,3,0,1,0,3,0,2,2,3,3,4,0,0,0,0,4,1,1,4,2,1,1,1,3,3,4,0,4,0,0,2,3,0,2,0,2,1,2,1,2,1,5,0,1,1,3,0,2,2,1,2,3,0,0,4,4,3,1,3,0,1,3,1,0,2,1,0,0,1,0,1,1,3,5,5,2,2,3,1,2,2,4,2,2,4,2,2,4,3,3,4,2,5,1,0,0,0,2,3,0,1,0,1,1,1,4,2,2,2,3,1,3,3,5,0,1,1,3,4,1,4,1,1,4,2,5,2,2,3,2,3,4,2,4,1,1,2,0,4,3,3,3,1,3,2,1,2,1,6,1,2,3,2,4,3,2,0,2,4,3,2,1,4,4,0,0,2,1,0,3,3,2,2,1,0,1,5,4,2,1,3,2,0,1,4,2,3,1,5,1,3,2,5,2,2,4,3,3,4,2,2,5,3,3,2,2,4,6,5,6,1,4,2,7,2,5,4,0,2,6,2,3,1,4,3,4,1,6,4,2,3,3,1,1,4,3,2,2,1,2,4,1,4,2,3,1,4,7,3,4,4,4,4,4,2,2,6,4,4,4,4,3,6,3,2,5,7,4,2,6,3,0,2,3,3,3,6,5,6,3,2,4,5,6,5,2,2,4,7,7,4,2,5,3,4,1,6,1,2,4,3,2,5,4,4,3,6,4,6,3,5,4,3,3,3,4,4,4,1,2,3,4,4,3,2,3,4,2,6,3,5,7,4,3,8,2,1,5,4,4,5,2,4,3,4,4,6,8,5,7,5,6,6,5,4,4,5,4,3,2,4,3,6,4,1,2,5,4,6,7,2,5,5,3,6,3,2,3,10,5,7,5,4,1,4,4,2,4,6,9,4,4,4,6,3,5,7,9,5,4,9,7,6,3,7,7,0,6,4,3,5,6
e6697917,1,2,1,1,2,1,1,1,1,1,0,0,2,2,2,0,2,0,1,3,3,2,2,1,0,2,0,0,2,3,3,1,0,1,1,1,1,0,2,0,1,1,1,1,3,2,3,1,0,1,2,1,0,1,0,1,0,3,1,2,0,0,1,1,0,2,5,1,1,2,3,3,1,1,2,3,0,0,6,2,1,1,0,3,0,1,2,0,2,4,1,0,2,1,0,0,1,3,1,1,1,1,3,4,1,2,2,1,0,1,0,2,1,2,1,1,2,0,1,0,2,2,2,1,4,0,0,2,2,2,1,1,5,0,2,2,5,2,4,5,4,3,1,2,1,1,0,1,2,0,5,2,0,2,2,3,0,2,0,4,3,2,2,1,4,2,5,1,3,2,0,5,1,5,0,1,2,1,2,2,1,2,1,0,2,1,4,3,3,3,5,1,3,2,3,1,7,1,4,2,4,4,2,5,1,2,5,1,5,1,4,2,1,0,7,2,2,2,2,1,1,3,0,1,2,4,2,2,5,1,1,0,4,0,1,3,6,4,4,2,6,0,2,3,0,4,2,6,3,5,3,3,2,1,5,5,8,4,2,4,2,6,3,3,3,1,4,4,3,4,2,4,2,2,2,5,4,2,5,5,1,2,5,2,1,2,2,2,5,5,5,2,2,1,5,5,3,4,2,3,3,5,2,2,5,6,4,4,4,2,8,1,3,6,4,7,2,4,4,2,1,3,3,5,7,8,7,2,3,4,7,4,3,3,3,4,6,8,2,4,3,5,3,1,3,2,3,7,8,1,5,5,4,1,6,6,3,4,4,7,4,2,3,6,4,4,4,4,6,4,6,3,3,3,6,1,3,2,2,8,3,3,5,0,3,4,3,6,7,3,3,3,4,4,7,6,6,6,7,5,5,7,5,6,4,4,4,2,5,5,6,3,2,3,6,7,4,5,4,7,4,3,5,3,2,2,7,7,8,4,4,1,7,6,5,5,7,7,4,5,6,5,6,4,6,7,4,7,6,6,7,5,7,5,6,0,4,5,6,6
e7992f7b,1,0,2,2,0,1,1,3,1,2,3,3,0,1,0,3,1,2,2,1,2,2,2,1,2,2,0,1,2,0,1,1,3,2,3,1,3,2,0,1,1,1,1,2,1,1,3,2,1,2,2,1,2,1,1,3,3,1,1,2,1,3,1,1,1,0,2,1,3,0,1,2,3,1,1,2,2,2,1,0,2,2,2,2,2,1,2,2,2,2,0,1,0,1,3,1,2,0,1,1,3,3,2,1,2,0,2,2,4,1,2,1,3,0,2,3,3,3,0,2,1,1,1,1,2,1,1,1,2,2,2,1,2,1,0,1,1,3,1,2,2,2,0,0,1,1,2,2,3,1,2,2,1,2,0,0,2,1,2,2,0,1,1,4,3,2,1,2,3,2,3,2,2,1,1,2,3,1,1,1,2,1,1,1,2,2,4,2,1,2,1,3,0,1,1,3,3,1,1,0,1,4,0,2,1,4,2,1,1,4,1,4,2,1,4,1,1,1,3,1,0,4,2,4,2,2,2,2,4,0,2,1,3,1,0,2,4,4,2,0,5,2,0,3,1,3,2,1,4,4,4,2,0,1,3,2,2,3,2,2,5,4,2,1,2,2,3,4,3,8,1,2,2,1,1,4,2,2,1,5,5,3,6,2,3,3,3,2,2,1,1,4,2,2,1,6,5,3,2,4,2,4,3,4,3,3,2,3,6,2,6,2,3,4,5,2,1,5,1,1,0,2,2,3,4,2,6,1,3,2,2,3,4,4,4,1,5,6,2,3,2,8,3,3,3,0,2,4,2,2,2,2,4,3,2,4,5,4,3,2,6,3,2,3,5,6,5,4,3,2,5,3,4,1,2,1,4,5,3,6,2,5,5,3,7,2,2,4,4,6,4,2,3,3,3,4,5,4,3,3,5,6,5,4,5,4,4,5,8,4,4,5,2,3,4,4,3,6,6,6,4,2,4,3,3,4,4,4,3,4,3,0,7,4,7,9,2,4,3,8,3,6,8,8,4,4,5,7,4,3,5,7,4,7,4,4,0,9,7,8
efaefda0,0,0,3,1,1,0,0,2,1,1,2,2,0,2,1,2,2,1,0,2,2,1,3,1,2,1,0,2,0,0,1,3,2,1,4,1,4,1,1,0,0,0,0,3,0,2,4,1,0,1,1,0,1,1,0,1,1,1,0,3,2,2,2,0,0,1,2,0,2,1,3,1,1,0,2,1,2,1,2,1,1,2,2,2,2,0,2,1,3,1,0,0,0,1,3,0,2,1,0,0,2,2,1,1,1,0,2,3,3,0,1,2,1,0,3,4,4,2,0,1,1,1,1,1,2,0,1,2,1,0,2,2,2,0,0,1,1,2,3,3,1,3,0,1,0,1,2,1,3,1,2,3,0,1,0,1,2,1,1,2,0,0,2,3,2,3,2,3,2,1,2,2,2,1,2,3,3,1,2,0,4,0,0,2,0,3,3,1,2,3,2,1,1,1,3,2,3,0,2,0,2,2,1,2,0,3,1,2,1,3,1,4,3,2,5,2,2,2,1,0,0,5,1,3,1,2,3,1,5,0,1,0,3,0,1,3,2,6,4,0,5,1,0,3,0,5,1,2,3,6,5,4,0,1,5,2,3,2,3,1,4,3,2,3,3,3,4,3,2,8,2,1,3,2,2,4,4,2,2,4,4,4,6,1,2,1,2,3,3,1,2,4,2,1,1,5,4,4,1,3,4,4,2,3,2,4,2,2,4,2,6,2,2,4,3,4,2,4,2,2,1,2,2,4,3,3,5,2,2,3,2,2,3,5,3,3,4,6,2,4,2,10,2,3,2,0,1,4,3,2,3,3,5,3,2,5,6,5,3,4,5,4,3,4,4,4,7,3,4,3,6,5,5,2,2,3,3,4,2,4,3,7,3,1,6,2,3,5,5,7,2,3,4,5,3,4,4,3,4,3,3,6,6,5,5,6,5,4,10,5,6,4,3,2,4,6,3,5,7,8,3,3,4,4,2,3,4,5,5,6,3,1,7,5,9,7,4,4,4,10,5,5,9,9,3,3,4,7,4,4,5,9,4,5,3,5,9,0,9,8
faa13947,0,1,3,1,1,1,0,2,2,1,1,1,0,2,2,1,2,2,1,2,3,1,2,0,1,1,1,2,0,1,2,4,1,1,3,1,3,1,1,1,0,1,0,2,0,2,3,1,1,1,1,0,2,1,1,1,2,1,1,3,2,1,1,0,0,1,2,0,1,1,3,1,1,2,2,2,2,0,2,2,1,2,1,2,1,0,3,2,2,3,0,1,0,1,2,1,1,1,0,1,2,2,2,2,2,0,1,2,2,0,1,2,1,0,2,3,3,1,0,1,2,2,2,1,2,1,2,2,1,2,3,4,3,1,1,1,2,3,4,3,3,3,0,1,0,2,2,1,2,1,2,3,0,2,1,1,3,2,1,3,1,2,2,2,1,4,3,2,4,1,1,4,1,2,3,2,3,1,3,0,3,0,0,2,0,2,4,2,2,3,2,1,2,2,3,1,5,0,2,1,3,2,3,2,0,2,1,3,1,2,2,3,2,2,6,2,2,2,1,1,0,4,1,2,2,2,2,1,5,0,1,1,3,0,2,3,3,7,4,0,5,1,1,3,1,6,2,2,3,7,4,5,1,1,5,3,4,3,3,1,3,4,2,5,4,2,4,5,2,7,2,2,4,3,2,6,3,2,2,4,3,3,6,1,2,1,2,2,4,1,3,4,3,1,2,5,3,4,2,4,5,4,2,3,2,5,4,2,3,2,5,3,2,5,4,4,2,4,2,2,1,2,2,4,4,4,5,3,2,3,3,4,3,4,3,3,6,8,3,4,3,8,2,2,2,0,1,4,3,2,4,4,4,4,3,5,4,5,4,5,3,5,3,3,5,4,6,3,5,3,5,5,4,2,2,4,3,3,3,5,4,7,4,2,5,2,4,5,5,6,2,3,5,6,5,4,4,5,5,4,3,5,7,5,6,5,5,3,10,5,8,3,2,2,4,5,4,5,5,7,3,3,4,5,2,3,6,5,6,7,3,1,7,5,8,6,5,5,4,8,5,5,8,9,4,5,4,6,6,5,5,8,5,6,5,6,7,9,0,10
faf00ab8,1,1,3,2,1,2,1,2,2,1,1,1,0,2,1,1,2,2,2,2,3,2,2,0,1,1,1,1,1,1,2,3,1,1,3,1,3,2,1,1,0,2,1,2,1,2,3,1,2,1,1,0,3,1,1,2,3,2,2,3,1,1,1,1,0,1,3,1,1,1,2,2,2,3,2,3,1,0,2,2,1,3,1,2,1,1,3,2,2,4,0,1,0,2,2,1,2,1,0,2,2,2,2,2,2,0,1,2,2,1,1,2,2,0,2,3,3,1,0,2,1,3,3,0,2,2,2,1,2,3,4,3,4,1,1,2,2,4,3,3,4,3,0,1,0,2,1,1,1,1,2,3,0,3,1,1,2,3,1,4,1,3,2,2,1,3,3,2,5,1,2,4,1,2,2,1,3,1,3,1,2,1,0,1,1,2,4,2,2,3,2,2,2,2,2,1,6,0,2,1,3,3,2,3,0,2,2,2,1,2,2,4,2,1,6,2,2,1,2,1,0,3,1,2,3,3,2,1,4,0,1,1,4,1,1,3,4,6,3,0,6,2,1,2,2,5,2,2,3,6,4,4,1,1,4,4,4,4,3,1,3,5,3,4,3,2,4,6,2,8,2,3,4,2,2,7,2,1,1,4,3,3,7,1,2,2,2,1,4,1,3,3,4,1,2,6,3,4,3,4,4,5,2,3,3,5,4,3,4,1,6,4,2,5,5,3,1,5,2,2,0,3,2,4,5,4,6,3,2,3,3,4,3,4,3,2,7,9,3,4,4,7,2,2,3,0,1,4,3,2,4,3,4,3,3,5,3,5,5,4,3,4,2,3,5,5,5,3,5,3,5,4,4,1,3,3,4,3,3,6,4,6,5,3,5,2,4,5,4,6,3,3,5,5,5,5,4,6,5,5,4,5,7,5,7,4,4,3,9,5,7,3,2,2,5,4,5,6,5,6,3,2,3,5,2,3,7,5,5,6,4,0,8,4,7,7,4,6,4,7,4,6,8,8,5,6,4,6,7,5,6,7,6,7,6,6,8,8,10,0
